Chinese name,code name,OverrideNameTextID,NamePrefixID,OverridePartnerSkillTextID,IsPal,Tribe,BPClass,Pictorial ID,ZukanIndexSuffix,Size,rarity,Element 1,Element 2,GenusCategory,Organization,weapon,WeaponEquip,HP,melee attack,Remote attack,defense,support,CraftSpeed,(being) damage multiplier,Capture probability,Experience multiplier,price,AIRResponse,AISightResponse,slow walking speed,walking speed,running speed,Riding sprint speed,Handling speed,IsBoss,IsTowerBoss,BattleBGM,IgnoreLeanBack,IgnoreBlowAway,MaxFullStomach,FullStomachDecreaseRate,FoodAmount,ViewingDistance,ViewingAngle,HearingRate,NooseTrap,Nocturnal,BiologicalGrade,Predator,Edible,endurance,Male probability,fecundity,Breathing fire,watering,planting,generate electricity,manual,collection,logging,Mining,OilExtraction (not shown in game),pharmaceutical,cool down,carry,pasture,Passive skill 1,Passive skill 2,Passive skill 3,Passive skill 4
Victor & Heterogeneous Griffin,GYM_BlackGriffon,PAL_NAME_SnowBoss,GYM_NAME_Snow,PARTNERSKILL_lackGriffon,TRUE,EPalTribeID::BlackGriffon,GYM_BlackGriffon,-2,,XL,10,Dark,None,EPalGenusCategoryType::FourLegged,EPalOrganizationType::None,EPalWeaponType::None,FALSE,8000,130,200,220,90,100,100%,100%,30,9060,Warlike,None,80,80,850,1100,465,TRUE,TRUE,EPalBattleBGMType::TowerBoss,TRUE,TRUE,525,1,8,25,90,1,FALSE,TRUE,9,FALSE,TRUE,100,100,9999,0,0,0,0,0,1,0,0,0,0,0,0,0,None,None,None,None
Zoe & Lightning Bear,GYM_ElecPanda,PAL_NAME_GrassBoss,GYM_NAME_Meadow,PARTNERSKILL_lecPanda,TRUE,EPalTribeID::ElecPanda,GYM_ElecPanda,-2,,XL,8,Electricity,None,EPalGenusCategoryType::Humanoid,EPalOrganizationType::None,EPalWeaponType::None,FALSE,6000,100,100,100,100,100,100%,100%,30,6610,Warlike,None,80,140,470,650,287,TRUE,TRUE,EPalBattleBGMType::TowerBoss,TRUE,TRUE,475,1,6,25,90,1,FALSE,FALSE,9,TRUE,TRUE,100,0,9999,0,0,0,3,2,0,2,0,0,0,0,3,0,None,None,None,None
Marcus & Horus,GYM_Horus,PAL_NAME_DessertBoss,GYM_NAME_Desert,PARTNERSKILL_orus,TRUE,EPalTribeID::Horus,GYM_Horus,-2,,XL,9,Fire,None,EPalGenusCategoryType::Bird,EPalOrganizationType::None,EPalWeaponType::None,FALSE,6500,100,120,125,90,100,100%,100%,30,6720,Warlike,None,150,200,1000,1300,500,TRUE,TRUE,EPalBattleBGMType::TowerBoss,TRUE,TRUE,525,1,8,25,90,1,FALSE,FALSE,9,FALSE,TRUE,100,100,9999,3,0,0,0,0,0,0,0,0,0,0,3,0,None,None,None,None
Lily & Lily Queen,GYM_LilyQueen,PAL_NAME_ForestBoss,GYM_NAME_Forest,PARTNERSKILL_ilyQueen,TRUE,EPalTribeID::LilyQueen,GYM_LilyQueen,-2,,XL,9,Leaf,None,EPalGenusCategoryType::Humanoid,EPalOrganizationType::None,EPalWeaponType::None,FALSE,5500,100,110,105,100,100,100%,100%,30,6510,Warlike,None,60,100,450,650,275,TRUE,TRUE,EPalBattleBGMType::TowerBoss,TRUE,TRUE,475,1,6,25,90,1,FALSE,FALSE,9,FALSE,TRUE,100,0,9999,0,0,3,0,2,2,0,0,0,3,0,0,0,None,None,None,None
Axel & Pollux,GYM_ThunderDragonMan,PAL_NAME_VolcanoBoss,GYM_NAME_Volcano,PARTNERSKILL_hunderDragonMan,TRUE,EPalTribeID::ThunderDragonMan,GYM_ThunderDragonMan,-2,,XL,9,Dragon,Electricity,EPalGenusCategoryType::Humanoid,EPalOrganizationType::None,EPalWeaponType::None,FALSE,6500,100,140,110,100,100,100%,100%,30,8320,Warlike,None,100,185,900,1300,542,TRUE,TRUE,EPalBattleBGMType::TowerBoss,TRUE,TRUE,475,1,7,25,90,1,FALSE,FALSE,9,FALSE,TRUE,100,100,9999,0,0,0,3,2,0,0,0,0,0,0,3,0,None,None,None,None
does not appear in the game,BadCatgirl,None,None,None,TRUE,EPalTribeID::BadCatgirl,BadCatgirl,-1,,XL,0,Dark,None,EPalGenusCategoryType::Humanoid,EPalOrganizationType::None,EPalWeaponType::None,FALSE,100,100,90,90,100,100,100%,100%,1,4690,Warlike,None,-1,-1,-1,-1,-1,FALSE,FALSE,EPalBattleBGMType::Cute,FALSE,FALSE,225,1,3,25,90,1,FALSE,TRUE,0,FALSE,TRUE,100,50,0,0,0,0,0,2,3,1,0,0,0,0,2,0,None,None,None,None
does not appear in the game,BlueberryFairy,None,None,None,TRUE,EPalTribeID::BlueberryFairy,BlueberryFairy,-1,,XL,0,Leaf,Dark,EPalGenusCategoryType::Humanoid,EPalOrganizationType::None,EPalWeaponType::None,FALSE,100,100,100,100,100,100,100%,100%,1,8200,Escape_to_Battle,None,-1,-1,-1,-1,-1,FALSE,FALSE,EPalBattleBGMType::Cute,FALSE,FALSE,225,1,3,25,90,1,FALSE,FALSE,0,FALSE,TRUE,100,50,0,0,0,2,0,1,2,0,0,0,3,0,1,0,None,None,None,None
Melupa,BOSS_Alpaca,PAL_NAME_Alpaca,BOSS_NAME_Alpaca,PARTNERSKILL_Alpaca,TRUE,EPalTribeID::Alpaca,BOSS_Alpaca,-1,,XL,3,Normal,None,EPalGenusCategoryType::FourLegged,EPalOrganizationType::None,EPalWeaponType::None,FALSE,90,90,90,90,100,100,40%,70%,10,3040,NotInterested,None,62,62,460,900,261,TRUE,FALSE,EPalBattleBGMType::FieldBoss,FALSE,FALSE,225,1,3,25,90,1,FALSE,FALSE,9,FALSE,TRUE,100,50,890,0,0,0,0,0,0,0,0,0,0,0,0,1,None,None,None,None
Blue Flame Wolf,BOSS_AmaterasuWolf,PAL_NAME_AmaterasuWolf,BOSS_NAME_AmaterasuWolf,PARTNERSKILL_AmaterasuWolf,TRUE,EPalTribeID::AmaterasuWolf,BOSS_AmaterasuWolf,-1,,XL,6,Fire,None,EPalGenusCategoryType::FourLegged,EPalOrganizationType::None,EPalWeaponType::None,FALSE,100,70,115,100,110,100,20%,70%,10,3170,Boss,None,80,130,700,1000,415,TRUE,FALSE,EPalBattleBGMType::FieldBoss,FALSE,FALSE,300,1,4,25,90,1,FALSE,FALSE,9,TRUE,TRUE,100,50,830,2,0,0,0,0,0,0,0,0,0,0,0,0,None,None,None,None
Anubis,Boss_Anubis,PAL_NAME_Anubis,BOSS_NAME_Anubis,PARTNERSKILL_Anubis,TRUE,EPalTribeID::Anubis,Boss_Anubis,-1,,XL,10,Earth,None,EPalGenusCategoryType::Humanoid,EPalOrganizationType::None,EPalWeaponType::None,FALSE,120,130,130,100,100,100,20%,70%,10,9190,Boss,None,80,160,800,1000,480,TRUE,FALSE,EPalBattleBGMType::FieldBoss,FALSE,FALSE,400,1,6,25,90,1,FALSE,FALSE,9,TRUE,TRUE,100,50,570,0,0,0,0,4,0,0,3,0,0,0,2,0,ElementBoost_Earth_2_PAL,None,None,None
does not appear in the game,BOSS_BadCatgirl,PAL_NAME_BadCatgirl,BOSS_NAME_BadCatgirl,PARTNERSKILL_BadCatgirl,TRUE,EPalTribeID::BadCatgirl,BOSS_BadCatgirl,-1,,XL,0,Dark,None,EPalGenusCategoryType::Humanoid,EPalOrganizationType::None,EPalWeaponType::None,FALSE,100,100,100,100,100,100,20%,70%,10,4690,Boss,None,-1,-1,-1,-1,-1,TRUE,FALSE,EPalBattleBGMType::FieldBoss,FALSE,FALSE,225,1,3,25,90,1,FALSE,TRUE,9,FALSE,TRUE,100,50,0,0,0,0,0,2,3,1,0,0,0,0,2,0,None,None,None,None
炎魔羊,BOSS_Baphomet,PAL_NAME_Baphomet,BOSS_NAME_Baphomet,PARTNERSKILL_Baphomet,TRUE,EPalTribeID::Baphomet,BOSS_Baphomet,-1,,XL,4,Fire,Dark,EPalGenusCategoryType::Humanoid,EPalOrganizationType::None,EPalWeaponType::None,FALSE,95,150,100,85,100,100,20%,70%,10,4780,Boss,None,80,160,700,960,320,TRUE,FALSE,EPalBattleBGMType::FieldBoss,FALSE,FALSE,300,1,4,25,90,1,FALSE,TRUE,9,TRUE,TRUE,100,50,590,1,0,0,0,2,0,0,1,0,0,0,2,0,None,None,None,None
暗魔羊,BOSS_Baphomet_Dark,PAL_NAME_Baphomet_Dark,BOSS_NAME_Baphomet_Dark,PARTNERSKILL_Baphomet_Dark,TRUE,EPalTribeID::Baphomet_Dark,BOSS_Baphomet_Dark,-1,,XL,5,Dark,None,EPalGenusCategoryType::Humanoid,EPalOrganizationType::None,EPalWeaponType::None,FALSE,95,150,105,85,100,100,20%,70%,10,4870,Boss,None,80,160,700,960,320,TRUE,FALSE,EPalBattleBGMType::FieldBoss,FALSE,FALSE,300,1,4,25,90,1,FALSE,TRUE,9,TRUE,TRUE,100,50,580,0,0,0,0,2,0,0,1,0,0,0,2,0,None,None,None,None
喵丝特,BOSS_Bastet,PAL_NAME_Bastet,BOSS_NAME_Bastet,PARTNERSKILL_Bastet,TRUE,EPalTribeID::Bastet,BOSS_Bastet,-1,,S,1,Dark,None,EPalGenusCategoryType::FourLegged,EPalOrganizationType::None,EPalWeaponType::None,FALSE,70,70,60,70,100,100,40%,70%,10,1000,NotInterested,None,52,105,475,550,317,TRUE,FALSE,EPalBattleBGMType::FieldBoss,FALSE,FALSE,100,1,1,25,90,1,FALSE,TRUE,9,FALSE,TRUE,100,50,1480,0,0,0,0,0,0,0,0,0,0,0,0,1,None,None,None,None
冰丝特,BOSS_Bastet_Ice,PAL_NAME_Bastet_Ice,BOSS_NAME_Bastet_Ice,PARTNERSKILL_Bastet_Ice,TRUE,EPalTribeID::Bastet_Ice,BOSS_Bastet_Ice,-1,,S,2,Ice,None,EPalGenusCategoryType::FourLegged,EPalOrganizationType::None,EPalWeaponType::None,FALSE,70,70,65,70,100,100,20%,70%,10,1010,NotInterested,None,52,105,475,550,317,TRUE,FALSE,EPalBattleBGMType::FieldBoss,FALSE,FALSE,100,1,1,25,90,1,FALSE,FALSE,9,FALSE,TRUE,100,50,1440,0,0,0,0,0,0,0,0,0,0,1,0,1,None,None,None,None
does not appear in the game,BOSS_BeardedDragon,PAL_NAME_BeardedDragon,BOSS_NAME_BeardedDragon,PARTNERSKILL_BeardedDragon,TRUE,EPalTribeID::BeardedDragon,BeardedDragon,-1,,XL,0,Dragon,None,EPalGenusCategoryType::Dragon,EPalOrganizationType::None,EPalWeaponType::None,FALSE,100,100,100,100,100,100,20%,70%,10,9970,Boss,None,-1,-1,-1,-1,-1,TRUE,FALSE,EPalBattleBGMType::FieldBoss,FALSE,FALSE,600,1,9,25,90,1,FALSE,FALSE,9,TRUE,TRUE,100,50,0,0,0,0,0,0,0,0,0,0,0,0,0,0,None,None,None,None
灌木羊,BOSS_BerryGoat,PAL_NAME_BerryGoat,BOSS_NAME_BerryGoat,PARTNERSKILL_BerryGoat,TRUE,EPalTribeID::BerryGoat,BOSS_BerryGoat,-1,,M,3,Leaf,None,EPalGenusCategoryType::FourLegged,EPalOrganizationType::None,EPalWeaponType::None,FALSE,100,70,70,90,120,100,40%,70%,10,2510,NotInterested,None,70,70,400,550,235,TRUE,FALSE,EPalBattleBGMType::FieldBoss,FALSE,FALSE,300,1,4,25,90,1,FALSE,FALSE,9,FALSE,TRUE,100,50,930,0,0,2,0,0,0,0,0,0,0,0,0,1,None,None,None,None
烽歌龙,BOSS_BirdDragon,PAL_NAME_BirdDragon,BOSS_NAME_BirdDragon,PARTNERSKILL_BirdDragon,TRUE,EPalTribeID::BirdDragon,BOSS_BirdDragon,-1,,XL,4,Fire,Dark,EPalGenusCategoryType::Bird,EPalOrganizationType::None,EPalWeaponType::None,FALSE,90,100,115,90,100,100,20%,70%,10,4360,Boss,None,100,350,700,950,475,TRUE,FALSE,EPalBattleBGMType::FieldBoss,FALSE,FALSE,400,1,6,25,90,1,FALSE,TRUE,9,TRUE,TRUE,150,50,660,1,0,0,0,0,0,0,0,0,0,0,3,0,None,None,None,None
霜歌龙,BOSS_BirdDragon_Ice,PAL_NAME_BirdDragon_Ice,BOSS_NAME_BirdDragon_Ice,PARTNERSKILL_BirdDragon_Ice,TRUE,EPalTribeID::BirdDragon_Ice,BOSS_BirdDragon_Ice,-1,,XL,5,Ice,Dark,EPalGenusCategoryType::Bird,EPalOrganizationType::None,EPalWeaponType::None,FALSE,90,100,120,95,100,100,20%,70%,10,4610,Boss,None,100,350,700,950,475,TRUE,FALSE,EPalBattleBGMType::FieldBoss,FALSE,FALSE,400,1,6,25,90,1,FALSE,TRUE,9,TRUE,TRUE,150,50,620,0,0,0,0,0,0,0,0,0,0,2,3,0,None,None,None,None
混沌骑士,BOSS_BlackCentaur,PAL_NAME_BlackCentaur,BOSS_NAME_BlackCentaur,PARTNERSKILL_BlackCentaur,TRUE,EPalTribeID::BlackCentaur,BOSS_BlackCentaur,-1,,XL,20,Dark,None,EPalGenusCategoryType::FourLegged,EPalOrganizationType::None,EPalWeaponType::None,FALSE,260,100,145,120,100,100,10%,70%,10,8930,Boss,None,100,350,900,1600,625,TRUE,FALSE,EPalBattleBGMType::Legend,FALSE,FALSE,600,1,9,25,90,1,FALSE,TRUE,9,FALSE,TRUE,100,50,70,0,0,0,0,0,0,2,2,0,0,0,0,0,Legend,ElementBoost_Dark_2_PAL,None,None
does not appear in the game,BOSS_BlackFurDragon,PAL_NAME_BlackFurDragon,BOSS_NAME_BlackFurDragon,PARTNERSKILL_BlackFurDragon,TRUE,EPalTribeID::BlackFurDragon,BOSS_BlackFurDragon,-1,,XL,10,Dark,Dragon,EPalGenusCategoryType::Humanoid,EPalOrganizationType::None,EPalWeaponType::None,FALSE,130,100,130,110,100,100,20%,70%,10,8440,Boss,None,55,110,560,800,335,TRUE,FALSE,EPalBattleBGMType::FieldBoss,FALSE,FALSE,525,1,8,25,90,1,FALSE,TRUE,9,TRUE,TRUE,100,50,0,0,0,0,0,0,0,0,0,0,0,0,3,0,None,None,None,None
异构格里芬,BOSS_BlackGriffon,PAL_NAME_BlackGriffon,BOSS_NAME_BlackGriffon,PARTNERSKILL_BlackGriffon,TRUE,EPalTribeID::BlackGriffon,BOSS_BlackGriffon,-1,,XL,10,Dark,None,EPalGenusCategoryType::FourLegged,EPalOrganizationType::None,EPalWeaponType::None,FALSE,120,130,120,140,90,100,20%,70%,10,9060,Boss,None,80,80,850,1300,465,TRUE,FALSE,EPalBattleBGMType::FieldBoss,FALSE,FALSE,525,1,8,25,90,1,FALSE,TRUE,9,FALSE,TRUE,250,50,60,0,0,0,0,0,1,0,0,0,0,0,0,0,None,None,None,None
魔渊龙,BOSS_BlackMetalDragon,PAL_NAME_BlackMetalDragon,BOSS_NAME_BlackMetalDragon,PARTNERSKILL_BlackMetalDragon,TRUE,EPalTribeID::BlackMetalDragon,BOSS_BlackMetalDragon,-1,,XL,9,Dragon,Dark,EPalGenusCategoryType::Monster,EPalOrganizationType::None,EPalWeaponType::None,FALSE,100,100,125,125,100,100,20%,70%,10,8200,Boss,None,100,150,600,900,375,TRUE,FALSE,EPalBattleBGMType::FieldBoss,FALSE,FALSE,600,1,9,25,90,1,FALSE,TRUE,9,FALSE,TRUE,300,50,150,0,0,0,0,1,0,0,4,3,0,0,0,0,Deffence_up1,None,None,None
does not appear in the game,BOSS_BlueberryFairy,PAL_NAME_BlueberryFairy,BOSS_NAME_BlueberryFairy,PARTNERSKILL_BlueberryFairy,TRUE,EPalTribeID::BlueberryFairy,BOSS_BlueberryFairy,-1,,XL,0,Leaf,Dark,EPalGenusCategoryType::Humanoid,EPalOrganizationType::None,EPalWeaponType::None,FALSE,100,100,100,100,100,100,20%,70%,10,8200,Boss,None,-1,-1,-1,-1,-1,TRUE,FALSE,EPalBattleBGMType::FieldBoss,FALSE,FALSE,225,1,3,25,90,1,FALSE,FALSE,9,FALSE,TRUE,100,50,0,0,0,2,0,1,2,0,0,0,3,0,1,0,None,None,None,None
碧海龙,BOSS_BlueDragon,PAL_NAME_BlueDragon,BOSS_NAME_BlueDragon,PARTNERSKILL_BlueDragon,TRUE,EPalTribeID::BlueDragon,BOSS_BlueDragon,-1,,XL,7,Water,Dragon,EPalGenusCategoryType::Fish,EPalOrganizationType::None,EPalWeaponType::None,FALSE,110,70,100,100,100,100,20%,70%,10,5600,Boss,None,75,150,600,900,350,TRUE,FALSE,EPalBattleBGMType::FieldBoss,FALSE,FALSE,400,1,6,25,90,1,FALSE,FALSE,9,FALSE,TRUE,100,50,500,0,3,0,0,0,0,0,0,0,0,0,0,0,None,None,None,None
冲浪鸭,BOSS_BluePlatypus,PAL_NAME_BluePlatypus,BOSS_NAME_Blueplatypus,PARTNERSKILL_BluePlatypus,TRUE,EPalTribeID::Blueplatypus,BOSS_Blueplatypus,-1,,M,1,Water,None,EPalGenusCategoryType::Humanoid,EPalOrganizationType::None,EPalWeaponType::None,FALSE,60,80,80,60,100,100,40%,77%,10,1120,NotInterested,None,70,105,300,400,202,TRUE,FALSE,EPalBattleBGMType::FieldBoss,FALSE,FALSE,150,1,2,25,90,1,FALSE,FALSE,9,FALSE,TRUE,100,50,1330,0,1,0,0,1,0,0,0,0,0,0,1,0,None,None,None,None
草莽猪,BOSS_Boar,PAL_NAME_Boar,BOSS_NAME_Boar,PARTNERSKILL_Boar,TRUE,EPalTribeID::Boar,BOSS_Boar,-1,,XL,1,Earth,None,EPalGenusCategoryType::FourLegged,EPalOrganizationType::None,EPalWeaponType::None,FALSE,80,100,70,70,100,100,40%,70%,10,1610,Boss,None,70,150,450,800,300,TRUE,FALSE,EPalBattleBGMType::FieldBoss,FALSE,FALSE,225,1,3,25,90,1,FALSE,FALSE,9,TRUE,TRUE,100,50,1130,0,0,0,0,0,0,0,1,0,0,0,0,0,None,None,None,None
does not appear in the game,BOSS_BrownRabbit,PAL_NAME_BrownRabbit,BOSS_NAME_BrownRabbit,PARTNERSKILL_BrownRabbit,TRUE,EPalTribeID::BrownRabbit,BOSS_BrownRabbit,-1,,XL,0,Earth,None,EPalGenusCategoryType::Humanoid,EPalOrganizationType::None,EPalWeaponType::None,FALSE,100,100,100,100,100,100,20%,70%,10,2350,Boss,None,-1,-1,-1,-1,-1,TRUE,FALSE,EPalBattleBGMType::FieldBoss,FALSE,FALSE,225,1,3,25,90,1,FALSE,FALSE,9,FALSE,TRUE,100,50,0,0,0,0,0,2,2,0,1,1,0,0,1,0,None,None,None,None
企丸王,BOSS_CaptainPenguin,PAL_NAME_CaptainPenguin,BOSS_NAME_CaptainPenguin,PARTNERSKILL_CaptainPenguin,TRUE,EPalTribeID::CaptainPenguin,BOSS_CaptainPenguin,-1,,XL,6,Water,Ice,EPalGenusCategoryType::Humanoid,EPalOrganizationType::None,EPalWeaponType::None,FALSE,95,70,95,95,100,100,40%,70%,10,5410,Boss,None,50,110,450,600,280,TRUE,FALSE,EPalBattleBGMType::FieldBoss,FALSE,FALSE,525,1,8,25,90,1,FALSE,FALSE,9,FALSE,TRUE,100,50,520,0,2,0,0,2,0,0,2,0,0,2,2,0,None,None,None,None
green leaf rat,BOSS_Carbunclo,PAL_NAME_Carbunclo,BOSS_NAME_Carbunclo,PARTNERSKILL_Carbunclo,TRUE,EPalTribeID::Carbunclo,BOSS_Carbunclo,-1,,S,1,Leaf,None,EPalGenusCategoryType::Humanoid,EPalOrganizationType::None,EPalWeaponType::None,FALSE,75,70,70,70,100,100,40%,63%,10,1010,NotInterested,None,20,40,400,550,250,TRUE,FALSE,EPalBattleBGMType::FieldBoss,FALSE,FALSE,100,1,1,25,90,1,FALSE,FALSE,9,FALSE,TRUE,100,50,1430,0,0,1,0,1,1,1,0,0,1,0,0,0,None,None,None,None
cat bat monster,BOSS_CatBat,PAL_NAME_CatBat,BOSS_NAME_CatBat,PARTNERSKILL_CatBat,TRUE,EPalTribeID::CatBat,BOSS_CatBat,-1,,XL,5,Dark,None,EPalGenusCategoryType::Humanoid,EPalOrganizationType::None,EPalWeaponType::None,FALSE,95,100,95,80,100,100,40%,70%,10,3810,Boss,None,80,140,400,550,270,TRUE,FALSE,EPalBattleBGMType::FieldBoss,FALSE,FALSE,350,1,5,25,90,1,FALSE,TRUE,9,FALSE,TRUE,100,50,750,0,0,0,0,0,2,0,2,0,0,0,2,0,None,None,None,None
dark witch cat,BOSS_CatMage,PAL_NAME_CatMage,BOSS_NAME_CatMage,PARTNERSKILL_CatMage,TRUE,EPalTribeID::CatMage,BOSS_CatMage,-1,,XL,6,Dark,None,EPalGenusCategoryType::Humanoid,EPalOrganizationType::None,EPalWeaponType::None,FALSE,90,100,105,90,100,100,20%,70%,10,4120,Boss,None,70,145,440,620,292,TRUE,FALSE,EPalBattleBGMType::FieldBoss,FALSE,FALSE,350,1,5,25,90,1,FALSE,TRUE,9,FALSE,TRUE,100,50,700,0,0,0,0,2,0,0,0,0,2,0,2,0,None,None,None,None
Night Mephit,BOSS_CatVampire,PAL_NAME_CatVampire,BOSS_NAME_CatVampire,PARTNERSKILL_CatVampire,TRUE,EPalTribeID::CatVampire,BOSS_CatVampire,-1,,XL,6,Dark,None,EPalGenusCategoryType::Humanoid,EPalOrganizationType::None,EPalWeaponType::None,FALSE,100,100,105,110,110,100,20%,70%,10,2100,Boss,None,60,100,550,700,325,TRUE,FALSE,EPalBattleBGMType::FieldBoss,FALSE,FALSE,350,1,5,25,90,1,FALSE,TRUE,9,FALSE,TRUE,100,50,1010,0,0,0,0,0,0,0,0,0,3,0,0,0,None,None,None,None
Pipi Chicken,BOSS_ChickenPal,PAL_NAME_ChickenPal,BOSS_NAME_ChickenPal,PARTNERSKILL_ChickenPal,TRUE,EPalTribeID::ChickenPal,BOSS_ChickenPal,-1,,M,1,Normal,None,EPalGenusCategoryType::Bird,EPalOrganizationType::None,EPalWeaponType::None,FALSE,60,70,60,60,100,100,40%,105%,10,1000,NotInterested,None,50,50,375,550,212,TRUE,FALSE,EPalBattleBGMType::FieldBoss,FALSE,FALSE,100,1,1,25,90,1,FALSE,FALSE,9,FALSE,TRUE,100,50,1500,0,0,0,0,0,1,0,0,0,0,0,0,1,None,None,None,None
Fried egg bird,BOSS_ColorfulBird,PAL_NAME_ColorfulBird,BOSS_NAME_ColorfulBird,PARTNERSKILL_ColorfulBird,TRUE,EPalTribeID::ColorfulBird,BOSS_ColorfulBird,-1,,XL,1,Normal,None,EPalGenusCategoryType::Bird,EPalOrganizationType::None,EPalWeaponType::None,FALSE,60,80,75,70,100,100,40%,70%,10,1090,Boss,None,30,60,300,550,170,TRUE,FALSE,EPalBattleBGMType::FieldBoss,FALSE,FALSE,150,1,2,25,90,1,FALSE,FALSE,9,TRUE,TRUE,100,50,1340,0,0,0,0,0,1,0,0,0,0,0,0,0,None,None,None,None
Boba Cow,BOSS_CowPal,PAL_NAME_CowPal,BOSS_NAME_CowPal,PARTNERSKILL_CowPal,TRUE,EPalTribeID::CowPal,BOSS_CowPal,-1,,M,2,Normal,None,EPalGenusCategoryType::FourLegged,EPalOrganizationType::None,EPalWeaponType::None,FALSE,90,100,50,80,100,100,20%,70%,10,2620,NotInterested,None,55,55,580,700,317,TRUE,FALSE,EPalBattleBGMType::FieldBoss,FALSE,FALSE,225,1,3,25,90,1,FALSE,FALSE,9,FALSE,TRUE,100,20,910,0,0,0,0,0,0,0,0,0,0,0,0,1,None,None,None,None
幻悦蝶,BOSS_CuteButterfly,PAL_NAME_CuteButterfly,BOSS_NAME_CuteButterfly,PARTNERSKILL_CuteButterfly,TRUE,EPalTribeID::CuteButterfly,BOSS_CuteButterfly,-1,,XL,4,Leaf,None,EPalGenusCategoryType::Bird,EPalOrganizationType::None,EPalWeaponType::None,FALSE,70,100,80,80,100,100,20%,70%,10,5700,NotInterested,None,30,150,550,700,350,TRUE,FALSE,EPalBattleBGMType::FieldBoss,FALSE,FALSE,225,1,3,25,90,1,FALSE,FALSE,9,FALSE,TRUE,100,50,490,0,0,2,0,0,0,0,0,0,1,0,0,0,None,None,None,None
玉藻狐,BOSS_CuteFox,PAL_NAME_CuteFox,BOSS_NAME_CuteFox,PARTNERSKILL_CuteFox,TRUE,EPalTribeID::CuteFox,BOSS_CuteFox,-1,,M,2,Normal,None,EPalGenusCategoryType::FourLegged,EPalOrganizationType::None,EPalWeaponType::None,FALSE,70,70,70,70,140,100,40%,91%,10,1000,NotInterested,None,30,60,350,450,190,TRUE,FALSE,EPalBattleBGMType::FieldBoss,FALSE,FALSE,100,1,1,25,90,1,FALSE,FALSE,9,FALSE,TRUE,100,50,1450,0,0,0,0,0,1,0,0,0,0,0,0,1,None,None,None,None
遁地鼠,BOSS_CuteMole,PAL_NAME_CuteMole,BOSS_NAME_CuteMole,PARTNERSKILL_CuteMole,TRUE,EPalTribeID::CuteMole,BOSS_CuteMole,-1,,M,1,Earth,None,EPalGenusCategoryType::Humanoid,EPalOrganizationType::None,EPalWeaponType::None,FALSE,65,100,80,50,100,100,40%,70%,10,1360,NotInterested,None,30,60,300,550,240,TRUE,FALSE,EPalBattleBGMType::FieldBoss,FALSE,FALSE,150,1,2,25,90,1,FALSE,FALSE,9,FALSE,TRUE,100,50,1220,0,0,0,0,1,0,0,1,0,0,0,1,0,None,None,None,None
黑鸦隐士,BOSS_DarkCrow,PAL_NAME_DarkCrow,BOSS_NAME_DarkCrow,PARTNERSKILL_DarkCrow,TRUE,EPalTribeID::DarkCrow,BOSS_DarkCrow,-1,,XL,3,Dark,None,EPalGenusCategoryType::Bird,EPalOrganizationType::None,EPalWeaponType::None,FALSE,75,80,95,80,100,100,20%,70%,10,1840,Boss,None,85,170,920,1200,545,TRUE,FALSE,EPalBattleBGMType::FieldBoss,FALSE,FALSE,350,1,5,25,90,1,FALSE,TRUE,9,TRUE,TRUE,100,50,1080,0,0,0,0,0,0,1,0,0,0,0,0,0,None,None,None,None
does not appear in the game,BOSS_DarkMutant,PAL_NAME_DarkMutant,BOSS_NAME_DarkMutant,PARTNERSKILL_DarkMutant,TRUE,EPalTribeID::DarkMutant,BOSS_DarkMutant,-1,,XL,5,Dark,None,EPalGenusCategoryType::Humanoid,EPalOrganizationType::None,EPalWeaponType::None,FALSE,100,100,100,100,100,100,20%,70%,10,3960,Boss,None,100,150,550,700,350,TRUE,FALSE,EPalBattleBGMType::FieldBoss,FALSE,FALSE,525,1,8,25,90,1,FALSE,TRUE,9,FALSE,TRUE,100,50,0,0,0,0,0,3,0,0,0,0,3,0,2,0,None,None,None,None
冥铠蝎,BOSS_DarkScorpion,PAL_NAME_DarkScorpion,BOSS_NAME_DarkScorpion,PARTNERSKILL_DarkScorpion,TRUE,EPalTribeID::DarkScorpion,BOSS_DarkScorpion,-1,,XL,9,Dark,Earth,EPalGenusCategoryType::Other,EPalOrganizationType::None,EPalWeaponType::None,FALSE,100,100,100,130,100,100,20%,70%,10,7050,Boss,None,100,200,1000,1200,600,TRUE,FALSE,EPalBattleBGMType::FieldBoss,FALSE,FALSE,475,1,7,25,90,1,FALSE,TRUE,9,TRUE,TRUE,100,50,260,0,0,0,0,0,0,2,3,0,0,0,0,0,None,None,None,None
紫霞鹿,BOSS_Deer,PAL_NAME_Deer,BOSS_NAME_Deer,PARTNERSKILL_Deer,TRUE,EPalTribeID::Deer,BOSS_Deer,-1,,XL,4,Normal,None,EPalGenusCategoryType::FourLegged,EPalOrganizationType::None,EPalWeaponType::None,FALSE,95,70,80,80,100,100,40%,70%,10,2620,Boss,None,80,120,700,1000,390,TRUE,FALSE,EPalBattleBGMType::FieldBoss,FALSE,FALSE,350,1,5,25,90,1,FALSE,FALSE,9,FALSE,TRUE,100,50,920,0,0,0,0,0,0,2,0,0,0,0,0,0,None,None,None,None
祇岳鹿,BOSS_Deer_Ground,PAL_NAME_Deer_Ground,BOSS_NAME_Deer_Ground,PARTNERSKILL_Deer_Ground,TRUE,EPalTribeID::Deer_Ground,BOSS_Deer_Ground,-1,,XL,6,Earth,None,EPalGenusCategoryType::FourLegged,EPalOrganizationType::None,EPalWeaponType::None,FALSE,95,70,80,80,100,100,20%,70%,10,2680,Boss,None,80,120,700,1000,390,TRUE,FALSE,EPalBattleBGMType::FieldBoss,FALSE,FALSE,350,1,5,25,90,1,FALSE,FALSE,9,FALSE,TRUE,100,50,900,0,0,0,0,0,0,2,0,0,0,0,0,0,None,None,None,None
寐魔,BOSS_DreamDemon,PAL_NAME_DreamDemon,BOSS_NAME_DreamDemon,PARTNERSKILL_DreamDemon,TRUE,EPalTribeID::DreamDemon,BOSS_DreamDemon,-1,,XL,1,Dark,None,EPalGenusCategoryType::Humanoid,EPalOrganizationType::None,EPalWeaponType::None,FALSE,70,100,75,60,100,100,40%,70%,10,1330,NotInterested,None,70,140,300,550,220,TRUE,FALSE,EPalBattleBGMType::FieldBoss,FALSE,FALSE,225,1,3,25,90,1,FALSE,TRUE,9,FALSE,TRUE,100,50,1230,0,0,0,0,1,1,0,0,0,0,0,1,0,None,None,None,None
碎岩龟,BOSS_DrillGame,PAL_NAME_DrillGame,BOSS_NAME_DrillGame,PARTNERSKILL_DrillGame,TRUE,EPalTribeID::DrillGame,BOSS_DrillGame,-1,,XL,5,Earth,None,EPalGenusCategoryType::FourLegged,EPalOrganizationType::None,EPalWeaponType::None,FALSE,80,80,95,120,100,100,20%,70%,10,2980,Boss,None,75,120,300,420,190,TRUE,FALSE,EPalBattleBGMType::FieldBoss,FALSE,FALSE,350,1,5,25,90,1,FALSE,FALSE,9,TRUE,TRUE,100,50,850,0,0,0,0,0,0,0,3,0,0,0,0,0,Deffence_up1,None,None,None
天擒鸟,BOSS_Eagle,PAL_NAME_Eagle,BOSS_NAME_Eagle,PARTNERSKILL_Eagle,TRUE,EPalTribeID::Eagle,BOSS_Eagle,-1,,XL,2,Normal,None,EPalGenusCategoryType::Bird,EPalOrganizationType::None,EPalWeaponType::None,FALSE,75,120,85,60,100,100,20%,70%,10,2010,Boss,None,100,200,600,700,400,TRUE,FALSE,EPalBattleBGMType::FieldBoss,FALSE,FALSE,300,1,4,25,90,1,FALSE,FALSE,9,TRUE,TRUE,100,50,1030,0,0,0,0,0,2,0,0,0,0,0,0,0,None,None,None,None
伏特喵,BOSS_ElecCat,PAL_NAME_ElecCat,BOSS_NAME_ElecCat,PARTNERSKILL_ElecCat,TRUE,EPalTribeID::ElecCat,BOSS_ElecCat,-1,,S,1,Electricity,None,EPalGenusCategoryType::Humanoid,EPalOrganizationType::None,EPalWeaponType::None,FALSE,60,60,80,70,80,100,40%,77%,10,1030,NotInterested,None,40,80,350,500,270,TRUE,FALSE,EPalBattleBGMType::FieldBoss,FALSE,FALSE,150,1,2,25,90,1,FALSE,FALSE,9,FALSE,TRUE,100,50,1410,0,0,0,1,1,0,0,0,0,0,0,1,0,None,None,None,None
does not appear in the game,BOSS_ElecLion,PAL_NAME_ElecLion,BOSS_NAME_ElecLion,PARTNERSKILL_ElecLion,TRUE,EPalTribeID::ElecLion,BOSS_ElecLion,-1,,XL,0,Electricity,None,EPalGenusCategoryType::FourLegged,EPalOrganizationType::None,EPalWeaponType::None,FALSE,100,100,110,70,100,100,20%,70%,10,4200,Boss,None,85,85,800,1000,442,TRUE,FALSE,EPalBattleBGMType::FieldBoss,FALSE,FALSE,350,1,5,25,90,1,FALSE,FALSE,9,FALSE,TRUE,100,50,0,2,0,0,0,0,0,0,0,0,0,0,0,0,None,None,None,None
暴电熊,BOSS_ElecPanda,PAL_NAME_ElecPanda,BOSS_NAME_ElecPanda,PARTNERSKILL_ElecPanda,TRUE,EPalTribeID::ElecPanda,BOSS_ElecPanda,-1,,XL,8,Electricity,None,EPalGenusCategoryType::Humanoid,EPalOrganizationType::None,EPalWeaponType::None,FALSE,105,120,100,100,100,100,20%,70%,10,7720,Boss,None,80,140,470,650,210,TRUE,FALSE,EPalBattleBGMType::FieldBoss,FALSE,FALSE,475,1,7,25,90,1,FALSE,FALSE,9,TRUE,TRUE,100,50,200,0,0,0,3,2,0,2,0,0,0,0,3,0,None,None,None,None
精灵龙,BOSS_FairyDragon,PAL_NAME_FairyDragon,BOSS_NAME_FairyDragon,PARTNERSKILL_FairyDragon,TRUE,EPalTribeID::FairyDragon,BOSS_FairyDragon,-1,,XL,7,Dragon,None,EPalGenusCategoryType::Humanoid,EPalOrganizationType::None,EPalWeaponType::None,FALSE,110,80,80,90,100,100,20%,70%,10,5230,Boss,None,83,83,630,900,456,TRUE,FALSE,EPalBattleBGMType::FieldBoss,FALSE,FALSE,400,1,6,25,90,1,FALSE,FALSE,9,FALSE,TRUE,130,50,540,0,0,0,0,0,0,2,0,0,0,0,0,0,None,None,None,None
水灵龙,BOSS_FairyDragon_Water,PAL_NAME_FairyDragon_Water,BOSS_NAME_FairyDragon_Water,PARTNERSKILL_FairyDragon_Water,TRUE,EPalTribeID::FairyDragon_Water,BOSS_FairyDragon_Water,-1,,XL,8,Dragon,Water,EPalGenusCategoryType::Humanoid,EPalOrganizationType::None,EPalWeaponType::None,FALSE,115,80,80,95,100,100,20%,70%,10,5320,Boss,None,83,83,630,900,456,TRUE,FALSE,EPalBattleBGMType::FieldBoss,FALSE,FALSE,400,1,6,25,90,1,FALSE,FALSE,9,FALSE,TRUE,130,50,530,0,3,0,0,0,0,2,0,0,0,0,0,0,None,None,None,None
does not appear in the game,BOSS_FeatherOstrich,PAL_NAME_FeatherOstrich,BOSS_NAME_FeatherOstrich,PARTNERSKILL_FeatherOstrich,TRUE,EPalTribeID::FeatherOstrich,BOSS_FeatherOstrich,-1,,XL,0,Earth,None,EPalGenusCategoryType::Other,EPalOrganizationType::None,EPalWeaponType::None,FALSE,100,100,100,100,100,100,20%,70%,10,4610,Boss,None,-1,-1,-1,-1,-1,TRUE,FALSE,EPalBattleBGMType::FieldBoss,FALSE,FALSE,300,1,4,25,90,1,FALSE,FALSE,9,FALSE,TRUE,100,50,0,0,0,0,0,0,2,0,0,0,0,0,0,0,None,None,None,None
云海鹿,BOSS_FengyunDeeper,PAL_NAME_FengyunDeeper,BOSS_NAME_FengyunDeeper,PARTNERSKILL_FengyunDeeper,TRUE,EPalTribeID::FengyunDeeper,BOSS_FengyunDeeper,-1,,XL,3,Normal,None,EPalGenusCategoryType::FourLegged,EPalOrganizationType::None,EPalWeaponType::None,FALSE,110,110,110,90,100,100,20%,70%,10,2250,Boss,None,85,100,750,1150,417,TRUE,FALSE,EPalBattleBGMType::FieldBoss,FALSE,FALSE,400,1,6,25,90,1,FALSE,FALSE,9,FALSE,TRUE,100,50,980,0,0,0,0,0,0,2,0,0,0,0,0,0,None,None,None,None
火麒麟,BOSS_FireKirin,PAL_NAME_FireKirin,BOSS_NAME_FireKirin,PARTNERSKILL_FireKirin,TRUE,EPalTribeID::FireKirin,BOSS_FireKirin,-1,,XL,6,Fire,None,EPalGenusCategoryType::FourLegged,EPalOrganizationType::None,EPalWeaponType::None,FALSE,100,110,95,90,100,100,20%,70%,10,6720,Boss,None,100,150,850,1400,500,TRUE,FALSE,EPalBattleBGMType::FieldBoss,FALSE,FALSE,350,1,5,25,90,1,FALSE,FALSE,9,FALSE,TRUE,100,50,360,2,0,0,0,0,0,1,0,0,0,0,0,0,None,None,None,None
邪麒麟,BOSS_FireKirin_Dark,PAL_NAME_FireKirin_Dark,BOSS_NAME_FireKirin_Dark,PARTNERSKILL_FireKirin_Dark,TRUE,EPalTribeID::FireKirin_Dark,BOSS_FireKirin_Dark,-1,,XL,7,Fire,Dark,EPalGenusCategoryType::FourLegged,EPalOrganizationType::None,EPalWeaponType::None,FALSE,100,110,95,90,100,100,20%,70%,10,7270,Boss,None,100,150,850,1400,500,TRUE,FALSE,EPalBattleBGMType::FieldBoss,FALSE,FALSE,350,1,5,25,90,1,FALSE,TRUE,9,FALSE,TRUE,100,50,240,2,0,0,0,0,0,1,0,0,0,0,0,0,None,None,None,None
燎火鹿,BOSS_FlameBambi,PAL_NAME_FlameBambi,BOSS_NAME_FlameBambi,PARTNERSKILL_FlameBambi,TRUE,EPalTribeID::FlameBambi,BOSS_FlameBambi,-1,,S,2,Fire,None,EPalGenusCategoryType::FourLegged,EPalOrganizationType::None,EPalWeaponType::None,FALSE,75,100,70,75,100,100,40%,77%,10,2950,NotInterested,None,70,100,400,550,-1,TRUE,FALSE,EPalBattleBGMType::FieldBoss,FALSE,FALSE,225,1,3,25,90,1,FALSE,FALSE,9,FALSE,TRUE,100,50,1155,1,0,0,0,0,0,0,0,0,0,0,0,0,None,None,None,None
炽焰牛,BOSS_FlameBuffalo,PAL_NAME_FlameBuffalo,BOSS_NAME_FlameBuffalo,PARTNERSKILL_FlameBuffalo,TRUE,EPalTribeID::FlameBuffalo,BOSS_FlameBuffalo,-1,,XL,4,Fire,None,EPalGenusCategoryType::FourLegged,EPalOrganizationType::None,EPalWeaponType::None,FALSE,85,100,95,95,100,100,20%,70%,10,3520,Boss,None,87,87,600,900,343,TRUE,FALSE,EPalBattleBGMType::FieldBoss,FALSE,FALSE,350,1,5,25,90,1,FALSE,FALSE,9,FALSE,TRUE,100,50,790,2,0,0,0,0,0,1,0,0,0,0,0,0,None,None,None,None
花冠龙,BOSS_FlowerDinosaur,PAL_NAME_FlowerDinosaur,BOSS_NAME_FlowerDinosaur,PARTNERSKILL_FlowerDinosaur,TRUE,EPalTribeID::FlowerDinosaur,BOSS_FlowerDinosaur,-1,,XL,6,Leaf,Dragon,EPalGenusCategoryType::Humanoid,EPalOrganizationType::None,EPalWeaponType::None,FALSE,110,90,85,90,150,100,40%,70%,10,3240,NotInterested,None,70,120,550,800,335,TRUE,FALSE,EPalBattleBGMType::FieldBoss,FALSE,FALSE,400,1,6,25,90,1,FALSE,FALSE,9,FALSE,TRUE,100,50,820,0,0,2,0,0,0,2,0,0,0,0,0,0,None,None,None,None
雷冠龙,BOSS_FlowerDinosaur_Electric,PAL_NAME_FlowerDinosaur_Electric,BOSS_NAME_FlowerDinosaur_Electric,PARTNERSKILL_FlowerDinosaur_Electric,TRUE,EPalTribeID::FlowerDinosaur_Electric,BOSS_FlowerDinosaur_Electric,-1,,XL,7,Electricity,Dragon,EPalGenusCategoryType::Humanoid,EPalOrganizationType::None,EPalWeaponType::None,FALSE,110,90,90,90,150,100,20%,70%,10,3380,NotInterested,None,70,120,550,800,335,TRUE,FALSE,EPalBattleBGMType::FieldBoss,FALSE,FALSE,400,1,6,25,90,1,FALSE,FALSE,9,FALSE,TRUE,100,50,810,0,0,0,2,0,0,2,0,0,0,0,0,0,None,None,None,None
花丽娜,BOSS_FlowerDoll,PAL_NAME_FlowerDoll,BOSS_NAME_FlowerDoll,PARTNERSKILL_FlowerDoll,TRUE,EPalTribeID::FlowerDoll,BOSS_FlowerDoll,-1,,XL,8,Leaf,None,EPalGenusCategoryType::Humanoid,EPalOrganizationType::None,EPalWeaponType::None,FALSE,100,100,95,100,100,100,20%,70%,10,3590,NotInterested,None,100,150,550,700,350,TRUE,FALSE,EPalBattleBGMType::FieldBoss,FALSE,FALSE,225,1,3,25,90,1,FALSE,FALSE,9,FALSE,TRUE,100,50,780,0,0,3,0,2,2,0,0,0,2,0,1,0,None,None,None,None
波娜兔,BOSS_FlowerRabbit,PAL_NAME_FlowerRabbit,BOSS_NAME_FlowerRabbit,PARTNERSKILL_FlowerRabbit,TRUE,EPalTribeID::FlowerRabbit,BOSS_FlowerRabbit,-1,,M,1,Leaf,None,EPalGenusCategoryType::Humanoid,EPalOrganizationType::None,EPalWeaponType::None,FALSE,75,100,65,70,100,100,20%,70%,10,1220,NotInterested,None,100,100,400,550,250,TRUE,FALSE,EPalBattleBGMType::FieldBoss,FALSE,FALSE,225,1,3,25,90,1,FALSE,FALSE,9,FALSE,TRUE,100,50,1280,0,0,1,0,1,1,0,0,0,1,0,1,0,None,None,None,None
鲁米儿,BOSS_FlyingManta,PAL_NAME_FlyingManta,BOSS_NAME_FlyingManta,PARTNERSKILL_FlyingManta,TRUE,EPalTribeID::FlyingManta,BOSS_FlyingManta,-1,,XL,3,Water,None,EPalGenusCategoryType::Other,EPalOrganizationType::None,EPalWeaponType::None,FALSE,80,100,70,80,100,100,40%,77%,10,2860,NotInterested,None,30,150,550,700,350,TRUE,FALSE,EPalBattleBGMType::FieldBoss,FALSE,FALSE,225,1,3,25,90,1,FALSE,FALSE,9,FALSE,TRUE,100,50,870,0,1,0,0,0,0,0,0,0,0,0,1,0,None,None,None,None
焰巫狐,BOSS_FoxMage,PAL_NAME_FoxMage,BOSS_NAME_FoxMage,PARTNERSKILL_FoxMage,TRUE,EPalTribeID::FoxMage,BOSS_FoxMage,-1,,XL,6,Fire,None,EPalGenusCategoryType::Humanoid,EPalOrganizationType::None,EPalWeaponType::None,FALSE,90,50,110,80,120,100,20%,70%,10,1540,Boss,None,70,145,440,620,292,TRUE,FALSE,EPalBattleBGMType::FieldBoss,FALSE,FALSE,350,1,5,25,90,1,FALSE,FALSE,9,FALSE,TRUE,100,50,1160,2,0,0,0,3,0,0,0,0,0,0,2,0,None,None,None,None
壶小象,BOSS_Ganesha,PAL_NAME_Ganesha,BOSS_NAME_Ganesha,PARTNERSKILL_Ganesha,TRUE,EPalTribeID::Ganesha,BOSS_Ganesha,-1,,XL,1,Water,None,EPalGenusCategoryType::FourLegged,EPalOrganizationType::None,EPalWeaponType::None,FALSE,70,70,60,70,100,100,40%,91%,10,1000,NotInterested,None,30,60,300,400,180,TRUE,FALSE,EPalBattleBGMType::FieldBoss,FALSE,FALSE,150,1,2,25,90,1,FALSE,FALSE,9,FALSE,TRUE,100,50,1490,0,1,0,0,0,0,0,0,0,0,0,0,0,None,None,None,None
猎狼,BOSS_Garm,PAL_NAME_Garm,BOSS_NAME_Garm,PARTNERSKILL_Garm,TRUE,EPalTribeID::Garm,BOSS_Garm,-1,,M,2,Normal,None,EPalGenusCategoryType::FourLegged,EPalOrganizationType::None,EPalWeaponType::None,FALSE,80,110,90,75,100,100,40%,70%,10,1920,Boss,None,90,180,800,1050,460,TRUE,FALSE,EPalBattleBGMType::FieldBoss,FALSE,FALSE,225,1,3,25,90,1,FALSE,FALSE,9,TRUE,TRUE,70,50,1060,0,0,0,0,0,1,0,0,0,0,0,0,0,None,None,None,None
噬魂兽,BOSS_GhostBeast,PAL_NAME_GhostBeast,BOSS_NAME_GhostBeast,PARTNERSKILL_GhostBeast,TRUE,EPalTribeID::GhostBeast,BOSS_GhostBeast,-1,,XL,6,Dark,None,EPalGenusCategoryType::FourLegged,EPalOrganizationType::None,EPalWeaponType::None,FALSE,75,50,105,80,100,100,20%,70%,10,1570,Boss,None,100,160,600,900,365,TRUE,FALSE,EPalBattleBGMType::FieldBoss,FALSE,FALSE,225,1,3,25,90,1,FALSE,TRUE,9,TRUE,TRUE,100,50,1150,0,0,0,0,0,2,0,1,0,0,0,0,0,None,None,None,None
does not appear in the game,BOSS_GoldenHorse,PAL_NAME_GoldenHorse,BOSS_NAME_GoldenHorse,PARTNERSKILL_GoldenHorse,TRUE,EPalTribeID::GoldenHorse,BOSS_GoldenHorse,-1,,XL,0,Earth,None,EPalGenusCategoryType::FourLegged,EPalOrganizationType::None,EPalWeaponType::None,FALSE,100,100,100,100,100,100,20%,70%,10,7960,Boss,None,-1,-1,-1,-1,-1,TRUE,FALSE,EPalBattleBGMType::FieldBoss,FALSE,FALSE,475,1,7,25,90,1,FALSE,FALSE,0,FALSE,TRUE,100,50,0,0,0,0,0,0,2,0,0,3,0,0,0,0,None,None,None,None
铁拳猿,BOSS_Gorilla,PAL_NAME_Gorilla,BOSS_NAME_Gorilla,PARTNERSKILL_Gorilla,TRUE,EPalTribeID::Gorilla,BOSS_Gorilla,-1,,XL,5,Normal,None,EPalGenusCategoryType::Humanoid,EPalOrganizationType::None,EPalWeaponType::None,FALSE,90,110,95,90,100,100,20%,70%,10,2010,Boss,None,66,100,550,720,250,TRUE,FALSE,EPalBattleBGMType::FieldBoss,FALSE,FALSE,225,1,3,25,90,1,FALSE,FALSE,9,TRUE,TRUE,100,50,1040,0,0,0,0,1,0,2,0,0,0,0,3,0,PAL_rude,None,None,None
does not appear in the game,BOSS_GrassDragon,PAL_NAME_GrassDragon,BOSS_NAME_GrassDragon,PARTNERSKILL_GrassDragon,TRUE,EPalTribeID::GrassDragon,GrassDragon,-1,,XL,0,Leaf,None,EPalGenusCategoryType::Humanoid,EPalOrganizationType::None,EPalWeaponType::None,FALSE,130,80,120,90,80,100,20%,70%,10,6510,Boss,None,-1,-1,-1,-1,-1,TRUE,FALSE,EPalBattleBGMType::FieldBoss,FALSE,FALSE,475,1,7,25,90,1,FALSE,FALSE,9,FALSE,TRUE,100,50,0,0,0,0,0,0,0,0,0,0,1,0,0,0,None,None,None,None
森猛犸,BOSS_GrassMammoth,PAL_NAME_GrassMammoth,BOSS_NAME_GrassMammoth,PARTNERSKILL_GrassMammoth,TRUE,EPalTribeID::GrassMammoth,BOSS_GrassMammoth,-1,,XL,8,Leaf,None,EPalGenusCategoryType::FourLegged,EPalOrganizationType::None,EPalWeaponType::None,FALSE,150,100,85,90,30,100,20%,70%,10,9450,NotInterested,None,100,135,430,700,282,TRUE,FALSE,EPalBattleBGMType::FieldBoss,FALSE,FALSE,525,1,8,25,90,1,FALSE,FALSE,9,FALSE,TRUE,100,50,300,0,0,2,0,0,0,2,2,0,0,0,0,0,None,None,None,None
雪猛犸,BOSS_GrassMammoth_Ice,PAL_NAME_GrassMammoth_Ice,BOSS_NAME_GrassMammoth_Ice,PARTNERSKILL_GrassMammoth_Ice,TRUE,EPalTribeID::GrassMammoth_Ice,BOSS_GrassMammoth_Ice,-1,,XL,9,Ice,None,EPalGenusCategoryType::FourLegged,EPalOrganizationType::None,EPalWeaponType::None,FALSE,150,100,90,90,30,100,20%,70%,10,9710,NotInterested,None,100,135,430,700,282,TRUE,FALSE,EPalBattleBGMType::FieldBoss,FALSE,FALSE,525,1,8,25,90,1,FALSE,FALSE,9,FALSE,TRUE,100,50,290,0,0,0,0,0,0,2,2,0,0,2,0,0,None,None,None,None
叶胖达,BOSS_GrassPanda,PAL_NAME_GrassPanda,BOSS_NAME_GrassPanda,PARTNERSKILL_GrassPanda,TRUE,EPalTribeID::GrassPanda,BOSS_GrassPanda,-1,,XL,6,Leaf,None,EPalGenusCategoryType::Humanoid,EPalOrganizationType::None,EPalWeaponType::None,FALSE,100,100,90,90,100,100,20%,70%,10,6200,Boss,None,50,100,500,800,275,TRUE,FALSE,EPalBattleBGMType::FieldBoss,FALSE,FALSE,350,1,5,25,90,1,FALSE,FALSE,9,FALSE,TRUE,100,50,430,0,0,2,0,2,0,2,0,0,0,0,3,0,None,None,None,None
雷胖达,BOSS_GrassPanda_Electric,PAL_NAME_GrassPanda_Electric,BOSS_NAME_GrassPanda_Electric,PARTNERSKILL_GrassPanda_Electric,TRUE,EPalTribeID::GrassPanda_Electric,BOSS_GrassPanda_Electric,-1,,XL,7,Electricity,None,EPalGenusCategoryType::Humanoid,EPalOrganizationType::None,EPalWeaponType::None,FALSE,100,100,100,100,100,100,20%,70%,10,6610,Boss,None,50,100,500,800,275,TRUE,FALSE,EPalBattleBGMType::FieldBoss,FALSE,FALSE,350,1,5,25,90,1,FALSE,FALSE,9,FALSE,TRUE,100,50,390,0,0,0,2,2,0,2,0,0,0,0,3,0,None,None,None,None
踏春兔,BOSS_GrassRabbitMan,PAL_NAME_GrassRabbitMan,BOSS_NAME_GrassRabbitMan,PARTNERSKILL_GrassRabbitMan,TRUE,EPalTribeID::GrassRabbitMan,BOSS_GrassRabbitMan,-1,,XL,8,Leaf,None,EPalGenusCategoryType::Humanoid,EPalOrganizationType::None,EPalWeaponType::None,FALSE,90,100,115,90,100,100,20%,70%,10,2200,Boss,None,50,195,500,700,275,TRUE,FALSE,EPalBattleBGMType::FieldBoss,FALSE,FALSE,225,1,3,25,90,1,FALSE,FALSE,9,FALSE,TRUE,100,50,990,0,0,2,0,3,3,2,0,0,0,0,2,0,None,None,None,None
does not appear in the game,BOSS_GuardianDog,PAL_NAME_GuardianDog,BOSS_NAME_GuardianDog,PARTNERSKILL_GuardianDog,TRUE,EPalTribeID::GuardianDog,GuardianDog,-1,,XL,0,Normal,None,EPalGenusCategoryType::FourLegged,EPalOrganizationType::None,EPalWeaponType::None,FALSE,90,80,80,90,110,100,20%,70%,10,1510,Boss,None,-1,-1,-1,-1,-1,TRUE,FALSE,EPalBattleBGMType::FieldBoss,FALSE,FALSE,350,1,5,25,90,1,FALSE,FALSE,9,FALSE,TRUE,100,50,0,0,0,0,0,0,0,0,0,0,0,0,0,0,None,None,None,None
雷冥鸟,BOSS_HadesBird,PAL_NAME_HadesBird,BOSS_NAME_HadesBird,PARTNERSKILL_HadesBird,TRUE,EPalTribeID::HadesBird,BOSS_HadesBird,-1,,XL,7,Dark,None,EPalGenusCategoryType::Bird,EPalOrganizationType::None,EPalWeaponType::None,FALSE,100,100,125,100,100,100,20%,70%,10,7840,Boss,None,100,100,700,1200,450,TRUE,FALSE,EPalBattleBGMType::FieldBoss,FALSE,FALSE,525,1,8,25,90,1,FALSE,TRUE,9,TRUE,TRUE,170,50,190,0,0,0,0,0,0,0,0,0,0,0,3,0,None,None,None,None
疾风隼,BOSS_HawkBird,PAL_NAME_HawkBird,BOSS_NAME_HawkBird,PARTNERSKILL_HawkBird,TRUE,EPalTribeID::HawkBird,BOSS_HawkBird,-1,,S,3,Normal,None,EPalGenusCategoryType::Bird,EPalOrganizationType::None,EPalWeaponType::None,FALSE,100,100,95,80,100,100,40%,70%,10,6300,Boss,None,150,150,600,850,450,TRUE,FALSE,EPalBattleBGMType::FieldBoss,FALSE,FALSE,475,1,7,25,90,1,FALSE,FALSE,9,TRUE,TRUE,100,50,420,0,0,0,0,0,2,0,0,0,0,0,0,0,None,None,None,None
電棘鼠,BOSS_Hedgehog,PAL_NAME_Hedgehog,BOSS_NAME_Hedgehog,PARTNERSKILL_Hedgehog,TRUE,EPalTribeID::Hedgehog,BOSS_Hedgehog,-1,,S,1,Electricity,None,EPalGenusCategoryType::FourLegged,EPalOrganizationType::None,EPalWeaponType::None,FALSE,70,70,75,70,100,100,40%,84%,10,1060,NotInterested,None,30,60,400,550,215,TRUE,FALSE,EPalBattleBGMType::FieldBoss,FALSE,FALSE,150,1,2,25,90,1,FALSE,FALSE,9,FALSE,TRUE,100,50,1370,0,0,0,1,0,0,0,0,0,0,0,0,0,None,None,None,None
冰刺鼠,BOSS_Hedgehog_Ice,PAL_NAME_Hedgehog_Ice,BOSS_NAME_Hedgehog_Ice,PARTNERSKILL_Hedgehog_Ice,TRUE,EPalTribeID::Hedgehog_Ice,BOSS_Hedgehog_Ice,-1,,XL,2,Ice,None,EPalGenusCategoryType::FourLegged,EPalOrganizationType::None,EPalWeaponType::None,FALSE,70,70,75,80,100,100,20%,70%,10,1070,NotInterested,None,30,60,400,550,215,TRUE,FALSE,EPalBattleBGMType::FieldBoss,FALSE,FALSE,150,1,2,25,90,1,FALSE,FALSE,9,FALSE,TRUE,100,50,1360,0,0,0,0,0,0,0,0,0,0,1,0,0,None,None,None,None
铠格力斯,BOSS_HerculesBeetle,PAL_NAME_HerculesBeetle,BOSS_NAME_HerculesBeetle,PARTNERSKILL_HerculesBeetle,TRUE,EPalTribeID::HerculesBeetle,BOSS_HerculesBeetle,-1,,XL,8,Earth,Leaf,EPalGenusCategoryType::Humanoid,EPalOrganizationType::None,EPalWeaponType::None,FALSE,120,100,100,120,100,100,20%,70%,10,6830,Boss,None,55,110,500,600,110,TRUE,FALSE,EPalBattleBGMType::FieldBoss,FALSE,FALSE,400,1,6,25,90,1,FALSE,FALSE,9,FALSE,TRUE,100,85,340,0,0,1,0,1,0,3,0,0,0,0,3,0,Deffence_up1,None,None,None
荷鲁斯,BOSS_Horus,PAL_NAME_Horus,BOSS_NAME_Horus,PARTNERSKILL_Horus,TRUE,EPalTribeID::Horus,BOSS_Horus,-1,,XL,9,Fire,None,EPalGenusCategoryType::Bird,EPalOrganizationType::None,EPalWeaponType::None,FALSE,100,100,105,110,90,100,20%,70%,10,6720,Boss,None,150,200,1000,1500,500,TRUE,FALSE,EPalBattleBGMType::FieldBoss,FALSE,FALSE,525,1,8,25,90,1,FALSE,FALSE,9,FALSE,TRUE,230,50,370,3,0,0,0,0,0,0,0,0,0,0,3,0,None,None,None,None
严冬鹿,BOSS_IceDeer,PAL_NAME_IceDeer,BOSS_NAME_IceDeer,PARTNERSKILL_IceDeer,TRUE,EPalTribeID::IceDeer,BOSS_IceDeer,-1,,XL,4,Ice,None,EPalGenusCategoryType::FourLegged,EPalOrganizationType::None,EPalWeaponType::None,FALSE,100,80,85,110,100,100,20%,70%,10,2800,Boss,None,35,70,550,800,310,TRUE,FALSE,EPalBattleBGMType::FieldBoss,FALSE,FALSE,475,1,7,25,90,1,FALSE,FALSE,9,FALSE,TRUE,100,50,880,0,0,0,0,0,0,2,0,0,0,2,0,0,None,None,None,None
blowing snow fox,BOSS_IceFox,PAL_NAME_IceFox,BOSS_NAME_IceFox,PARTNERSKILL_IceFox,TRUE,EPalTribeID::IceFox,BOSS_IceFox,-1,,XL,5,Ice,None,EPalGenusCategoryType::FourLegged,EPalOrganizationType::None,EPalWeaponType::None,FALSE,90,100,95,105,100,100,20%,70%,10,3730,NotInterested,None,65,130,600,750,315,TRUE,FALSE,EPalBattleBGMType::FieldBoss,FALSE,FALSE,225,1,3,25,90,1,FALSE,FALSE,9,FALSE,TRUE,100,50,760,0,0,0,0,0,0,0,0,0,0,2,0,0,None,None,None,None
Winter Caller,BOSS_IceHorse,PAL_NAME_IceHorse,BOSS_NAME_IceHorse,PARTNERSKILL_IceHorse,TRUE,EPalTribeID::IceHorse,BOSS_IceHorse,-1,,XL,20,Ice,None,EPalGenusCategoryType::FourLegged,EPalOrganizationType::None,EPalWeaponType::None,FALSE,420,100,140,120,70,100,10%,70%,10,8440,Boss,None,120,120,1000,1600,440,TRUE,FALSE,EPalBattleBGMType::Legend,FALSE,FALSE,475,1,7,25,90,1,FALSE,FALSE,9,FALSE,TRUE,300,50,120,0,0,0,0,0,0,0,0,0,0,4,0,0,Legend,ElementBoost_Ice_2_PAL,None,None
Night Caller,BOSS_IceHorse_Dark,PAL_NAME_IceHorse_Dark,BOSS_NAME_IceHorse_Dark,PARTNERSKILL_IceHorse_Dark,TRUE,EPalTribeID::IceHorse_Dark,BOSS_IceHorse_Dark,-1,,XL,20,Dark,None,EPalGenusCategoryType::FourLegged,EPalOrganizationType::None,EPalWeaponType::None,FALSE,420,100,140,135,70,100,10%,70%,10,8560,Boss,None,120,120,1000,1600,440,TRUE,FALSE,EPalBattleBGMType::Legend,FALSE,FALSE,475,1,7,25,90,1,FALSE,TRUE,9,FALSE,TRUE,300,50,100,0,0,0,0,0,4,0,0,0,0,0,0,0,Legend,None,None,None
Vortex Dragon,BOSS_JetDragon,PAL_NAME_JetDragon,BOSS_NAME_JetDragon,PARTNERSKILL_JetDragon,TRUE,EPalTribeID::JetDragon,BOSS_JetDragon,-1,,XL,20,Dragon,None,EPalGenusCategoryType::Dragon,EPalOrganizationType::None,EPalWeaponType::None,FALSE,330,100,140,110,100,100,10%,70%,10,8680,Boss,None,600,800,1700,3300,1250,TRUE,FALSE,EPalBattleBGMType::Legend,FALSE,FALSE,600,1,9,25,90,1,FALSE,FALSE,9,FALSE,TRUE,100,50,90,0,0,0,0,0,3,0,0,3,0,0,0,0,Legend,ElementBoost_Dragon_2_PAL,None,None
Shui Linger,BOSS_Kelpie,PAL_NAME_Kelpie,BOSS_NAME_Kelpie,PARTNERSKILL_Kelpie,TRUE,EPalTribeID::Kelpie,BOSS_Kelpie,-1,,L,1,Water,None,EPalGenusCategoryType::Dragon,EPalOrganizationType::None,EPalWeaponType::None,FALSE,70,100,70,70,100,100,20%,70%,10,1260,NotInterested,None,50,100,700,900,400,TRUE,FALSE,EPalBattleBGMType::FieldBoss,FALSE,FALSE,100,1,1,25,90,1,FALSE,FALSE,9,FALSE,TRUE,100,50,1260,0,1,0,0,0,0,0,0,0,0,0,0,0,None,None,None,None
Huo Linger,BOSS_Kelpie_Fire,PAL_NAME_Kelpie_Fire,BOSS_NAME_Kelpie_Fire,PARTNERSKILL_Kelpie_Fire,TRUE,EPalTribeID::Kelpie_Fire,BOSS_Kelpie_Fire,-1,,L,2,Fire,None,EPalGenusCategoryType::Dragon,EPalOrganizationType::None,EPalWeaponType::None,FALSE,70,100,70,70,100,100,20%,70%,10,1240,NotInterested,None,50,100,700,900,400,TRUE,FALSE,EPalBattleBGMType::FieldBoss,FALSE,FALSE,100,1,1,25,90,1,FALSE,FALSE,9,FALSE,TRUE,100,50,1270,1,0,0,0,0,0,0,0,0,0,0,0,0,None,None,None,None
King Melupa,BOSS_KingAlpaca,PAL_NAME_KingAlpaca,BOSS_NAME_KingAlpaca,PARTNERSKILL_KingAlpaca,TRUE,EPalTribeID::KingAlpaca,BOSS_KingAlpaca,-1,,XL,8,Normal,None,EPalGenusCategoryType::FourLegged,EPalOrganizationType::None,EPalWeaponType::None,FALSE,120,100,85,90,100,100,20%,70%,10,5800,NotInterested,None,80,80,500,800,290,TRUE,FALSE,EPalBattleBGMType::FieldBoss,FALSE,FALSE,475,1,7,25,90,1,FALSE,FALSE,9,FALSE,TRUE,100,90,470,0,0,0,0,0,1,0,0,0,0,0,0,0,None,None,None,None
冰帝美露帕,BOSS_KingAlpaca_Ice,PAL_NAME_KingAlpaca_Ice,BOSS_NAME_KingAlpaca_Ice,PARTNERSKILL_KingAlpaca_Ice,TRUE,EPalTribeID::KingAlpaca_Ice,BOSS_KingAlpaca_Ice,-1,,XL,9,Ice,None,EPalGenusCategoryType::FourLegged,EPalOrganizationType::None,EPalWeaponType::None,FALSE,120,100,85,90,100,100,20%,70%,10,6100,NotInterested,None,80,80,500,800,290,TRUE,FALSE,EPalBattleBGMType::FieldBoss,FALSE,FALSE,475,1,7,25,90,1,FALSE,FALSE,9,FALSE,TRUE,100,90,440,0,0,0,0,0,1,0,0,0,0,3,0,0,None,None,None,None
焰煌,BOSS_KingBahamut,PAL_NAME_KingBahamut,BOSS_NAME_KingBahamut,PARTNERSKILL_KingBahamut,TRUE,EPalTribeID::KingBahamut,BOSS_KingBahamut,-1,,XL,9,Fire,None,EPalGenusCategoryType::FourLegged,EPalOrganizationType::None,EPalWeaponType::None,FALSE,100,150,125,120,50,100,20%,70%,10,10520,Boss,None,150,400,700,1000,500,TRUE,FALSE,EPalBattleBGMType::FieldBoss,FALSE,FALSE,600,1,9,25,90,1,FALSE,FALSE,9,FALSE,TRUE,100,50,10,3,0,0,0,0,0,0,4,0,0,0,0,0,ElementBoost_Fire_2_PAL,None,None,None
雷角马,BOSS_Kirin,PAL_NAME_Kirin,BOSS_NAME_Kirin,PARTNERSKILL_Kirin,TRUE,EPalTribeID::Kirin,BOSS_Kirin,-1,,XL,5,Electricity,None,EPalGenusCategoryType::FourLegged,EPalOrganizationType::None,EPalWeaponType::None,FALSE,80,110,105,105,100,100,20%,63%,10,4280,Boss,None,80,130,720,1200,425,TRUE,FALSE,EPalBattleBGMType::FieldBoss,FALSE,FALSE,350,1,5,25,90,1,FALSE,FALSE,9,FALSE,TRUE,100,50,680,0,0,0,2,0,0,1,0,0,0,0,0,0,None,None,None,None
火美狐,BOSS_Kitsunebi,PAL_NAME_Kitsunebi,BOSS_NAME_Kitsunebi,PARTNERSKILL_Kitsunebi,TRUE,EPalTribeID::Kitsunebi,BOSS_Kitsunebi,-1,,S,1,Fire,None,EPalGenusCategoryType::FourLegged,EPalOrganizationType::None,EPalWeaponType::None,FALSE,65,70,75,70,100,100,40%,77%,10,2560,NotInterested,None,40,80,400,550,240,TRUE,FALSE,EPalBattleBGMType::FieldBoss,FALSE,FALSE,150,1,2,25,90,1,FALSE,FALSE,9,FALSE,TRUE,100,50,1400,1,0,0,0,0,0,0,0,0,0,0,0,0,None,None,None,None
融焰娘,BOSS_LavaGirl,PAL_NAME_LavaGirl,BOSS_NAME_LavaGirl,PARTNERSKILL_LavaGirl,TRUE,EPalTribeID::LavaGirl,BOSS_LavaGirl,-1,,S,1,Fire,None,EPalGenusCategoryType::Humanoid,EPalOrganizationType::None,EPalWeaponType::None,FALSE,60,100,70,80,100,100,20%,77%,10,2500,NotInterested,None,65,98,250,375,140,TRUE,FALSE,EPalBattleBGMType::FieldBoss,FALSE,FALSE,150,1,2,25,90,1,FALSE,FALSE,9,FALSE,TRUE,100,50,1405,1,0,0,0,1,0,0,0,0,0,0,1,1,None,None,None,None
趴趴 Catfish,BOSS_LazyCatfish,PAL_NAME_LazyCatfish,BOSS_NAME_LazyCatfish,PARTNERSKILL_LazyCatfish,TRUE,EPalTribeID::LazyCatfish,BOSS_LazyCatfish,-1,,XL,4,Earth,None,EPalGenusCategoryType::Fish,EPalOrganizationType::None,EPalWeaponType::None,FALSE,100,100,70,95,100,100,40%,70%,10,4690,NotInterested,None,100,150,450,600,300,TRUE,FALSE,EPalBattleBGMType::FieldBoss,FALSE,FALSE,300,1,4,25,90,1,FALSE,FALSE,9,FALSE,TRUE,100,50,895,0,1,0,0,0,0,0,2,1,0,0,1,0,None,None,None,None
佩克龙,BOSS_LazyDragon,PAL_NAME_LazyDragon,BOSS_NAME_LazyDragon,PARTNERSKILL_LazyDragon,TRUE,EPalTribeID::LazyDragon,BOSS_LazyDragon,-1,,XL,8,Dragon,Water,EPalGenusCategoryType::Monster,EPalOrganizationType::None,EPalWeaponType::None,FALSE,110,110,100,70,100,100,20%,70%,10,10240,Boss,None,40,60,650,900,150,TRUE,FALSE,EPalBattleBGMType::FieldBoss,FALSE,FALSE,475,1,7,25,90,1,FALSE,FALSE,9,TRUE,TRUE,100,50,280,0,2,0,0,0,0,0,0,0,0,0,1,0,PAL_FullStomach_Up_1,None,None,None
派克龙,BOSS_LazyDragon_Electric,PAL_NAME_LazyDragon_Electric,BOSS_NAME_LazyDragon_Electric,PARTNERSKILL_LazyDragon_Electric,TRUE,EPalTribeID::LazyDragon_Electric,BOSS_LazyDragon_Electric,-1,,XL,9,Dragon,Electricity,EPalGenusCategoryType::Monster,EPalOrganizationType::None,EPalWeaponType::None,FALSE,110,110,110,75,100,100,20%,70%,10,10380,Boss,None,40,60,650,900,150,TRUE,FALSE,EPalBattleBGMType::FieldBoss,FALSE,FALSE,475,1,7,25,90,1,FALSE,FALSE,9,TRUE,TRUE,100,50,270,0,0,0,3,0,0,0,0,0,0,0,1,0,None,None,None,None
百合女王,BOSS_LilyQueen,PAL_NAME_LilyQueen,BOSS_NAME_LilyQueen,PARTNERSKILL_LilyQueen,TRUE,EPalTribeID::LilyQueen,BOSS_LilyQueen,-1,,XL,9,Leaf,None,EPalGenusCategoryType::Humanoid,EPalOrganizationType::None,EPalWeaponType::None,FALSE,110,100,110,105,100,100,20%,70%,10,7160,Boss,None,60,100,450,550,275,TRUE,FALSE,EPalBattleBGMType::FieldBoss,FALSE,FALSE,400,1,6,25,90,1,FALSE,FALSE,9,FALSE,TRUE,100,30,250,0,0,4,0,3,2,0,0,0,3,0,0,0,ElementBoost_Leaf_2_PAL,None,None,None
黑月女王,BOSS_LilyQueen_Dark,PAL_NAME_LilyQueen_Dark,BOSS_NAME_LilyQueen_Dark,PARTNERSKILL_LilyQueen_Dark,TRUE,EPalTribeID::LilyQueen_Dark,BOSS_LilyQueen_Dark,-1,,XL,10,Dark,None,EPalGenusCategoryType::Humanoid,EPalOrganizationType::None,EPalWeaponType::None,FALSE,110,100,110,115,100,100,20%,70%,10,7610,Boss,None,60,100,450,550,275,TRUE,FALSE,EPalBattleBGMType::FieldBoss,FALSE,FALSE,400,1,6,25,90,1,FALSE,FALSE,9,FALSE,TRUE,100,30,210,0,0,0,0,3,2,0,0,0,3,0,0,0,None,None,None,None
荊棘魔仙,BOSS_LittleBriarRose,PAL_NAME_LittleBriarRose,BOSS_NAME_LittleBriarRose,PARTNERSKILL_LittleBriarRose,TRUE,EPalTribeID::LittleBriarRose,BOSS_LittleBriarRose,-1,,XL,1,Leaf,None,EPalGenusCategoryType::Humanoid,EPalOrganizationType::None,EPalWeaponType::None,FALSE,80,80,80,80,100,100,20%,70%,10,1140,NotInterested,None,50,100,400,550,250,TRUE,FALSE,EPalBattleBGMType::FieldBoss,FALSE,FALSE,350,1,5,25,90,1,FALSE,FALSE,9,FALSE,TRUE,100,50,1320,0,0,1,0,1,1,0,0,0,2,0,1,0,None,None,None,None
朋克蜥,BOSS_LizardMan,PAL_NAME_LizardMan,BOSS_NAME_LizardMan,PARTNERSKILL_LizardMan,TRUE,EPalTribeID::LizardMan,BOSS_LizardMan,-1,,XL,2,Dark,None,EPalGenusCategoryType::Humanoid,EPalOrganizationType::None,EPalWeaponType::None,FALSE,80,90,80,50,100,100,40%,70%,10,1720,Boss,None,100,140,600,800,270,TRUE,FALSE,EPalBattleBGMType::FieldBoss,FALSE,FALSE,225,1,3,25,90,1,FALSE,TRUE,9,TRUE,TRUE,100,50,1120,0,0,0,0,1,1,0,0,0,0,0,1,0,None,None,None,None
热血蜥,BOSS_LizardMan_Fire,PAL_NAME_LizardMan_Fire,BOSS_NAME_LizardMan_Fire,PARTNERSKILL_LizardMan_Fire,TRUE,EPalTribeID::LizardMan_Fire,BOSS_LizardMan_Fire,-1,,XL,3,Fire,None,EPalGenusCategoryType::Humanoid,EPalOrganizationType::None,EPalWeaponType::None,FALSE,80,90,80,50,100,100,20%,70%,10,1640,Boss,None,100,140,400,550,270,TRUE,FALSE,EPalBattleBGMType::FieldBoss,FALSE,FALSE,225,1,3,25,90,1,FALSE,FALSE,9,TRUE,TRUE,100,50,1140,1,0,0,0,1,1,0,0,0,0,0,1,0,None,None,None,None
狱焰王,BOSS_Manticore,PAL_NAME_Manticore,BOSS_NAME_Manticore,PARTNERSKILL_Manticore,TRUE,EPalTribeID::Manticore,BOSS_Manticore,-1,,XL,7,Fire,None,EPalGenusCategoryType::FourLegged,EPalOrganizationType::None,EPalWeaponType::None,FALSE,105,100,110,80,100,100,20%,70%,10,4040,Boss,None,90,180,750,1000,465,TRUE,FALSE,EPalBattleBGMType::FieldBoss,FALSE,FALSE,475,1,7,25,90,1,FALSE,FALSE,9,TRUE,TRUE,100,50,710,3,0,0,0,0,0,2,0,0,0,0,0,0,None,None,None,None
狱阎王,BOSS_Manticore_Dark,PAL_NAME_Manticore_Dark,BOSS_NAME_Manticore_Dark,PARTNERSKILL_Manticore_Dark,TRUE,EPalTribeID::Manticore_Dark,BOSS_Manticore_Dark,-1,,XL,8,Fire,Dark,EPalGenusCategoryType::FourLegged,EPalOrganizationType::None,EPalWeaponType::None,FALSE,105,100,115,80,100,100,20%,70%,10,4360,Boss,None,60,90,750,1000,420,TRUE,FALSE,EPalBattleBGMType::FieldBoss,FALSE,FALSE,475,1,7,25,90,1,FALSE,TRUE,9,TRUE,TRUE,100,50,670,3,0,0,0,0,0,2,0,0,0,0,0,0,None,None,None,None
新叶猿,BOSS_Monkey,PAL_NAME_Monkey,BOSS_NAME_Monkey,PARTNERSKILL_Monkey,TRUE,EPalTribeID::Monkey,BOSS_Monkey,-1,,S,1,Leaf,None,EPalGenusCategoryType::Humanoid,EPalOrganizationType::None,EPalWeaponType::None,FALSE,80,100,70,70,100,100,40%,77%,10,1280,NotInterested,None,48,48,300,400,174,TRUE,FALSE,EPalBattleBGMType::FieldBoss,FALSE,FALSE,150,1,2,25,90,1,FALSE,FALSE,9,FALSE,TRUE,100,50,1250,0,0,1,0,1,1,1,0,0,0,0,1,0,None,None,None,None
毛掸儿,BOSS_MopBaby,PAL_NAME_MopBaby,BOSS_NAME_MopBaby,PARTNERSKILL_MopBaby,TRUE,EPalTribeID::MopBaby,BOSS_MopBaby,-1,,S,1,Ice,None,EPalGenusCategoryType::Other,EPalOrganizationType::None,EPalWeaponType::None,FALSE,60,100,60,60,100,100,40%,77%,10,1110,NotInterested,None,55,100,250,400,175,TRUE,FALSE,EPalBattleBGMType::FieldBoss,FALSE,FALSE,150,1,2,25,90,1,FALSE,FALSE,9,FALSE,TRUE,100,50,1300,0,0,0,0,0,1,0,0,0,0,1,0,0,None,None,None,None
毛老爹,BOSS_MopKing,PAL_NAME_MopKing,BOSS_NAME_MopKing,PARTNERSKILL_MopKing,TRUE,EPalTribeID::MopKing,BOSS_MopKing,-1,,XL,6,Ice,None,EPalGenusCategoryType::Other,EPalOrganizationType::None,EPalWeaponType::None,FALSE,100,100,90,90,100,100,40%,70%,10,6000,NotInterested,None,60,120,300,600,210,TRUE,FALSE,EPalBattleBGMType::FieldBoss,FALSE,FALSE,225,1,3,25,90,1,FALSE,FALSE,9,FALSE,TRUE,100,50,410,0,0,0,0,0,2,0,0,0,0,2,0,0,None,None,None,None
秘斯媞雅,BOSS_Mutant,PAL_NAME_Mutant,BOSS_NAME_Mutant,PARTNERSKILL_Mutant,TRUE,EPalTribeID::Mutant,BOSS_Mutant,-1,,XL,6,Normal,None,EPalGenusCategoryType::Humanoid,EPalOrganizationType::None,EPalWeaponType::None,FALSE,90,80,100,90,100,100,20%,70%,10,1760,Boss,None,80,130,500,650,315,TRUE,FALSE,EPalBattleBGMType::FieldBoss,FALSE,FALSE,150,1,2,25,90,1,FALSE,FALSE,9,FALSE,TRUE,100,50,1110,0,0,0,0,3,1,0,0,0,0,0,1,0,None,None,None,None
笑魇猫,BOSS_NaughtyCat,PAL_NAME_NaughtyCat,BOSS_NAME_NaughtyCat,PARTNERSKILL_NaughtyCat,TRUE,EPalTribeID::NaughtyCat,BOSS_NaughtyCat,-1,,XL,6,Normal,None,EPalGenusCategoryType::FourLegged,EPalOrganizationType::None,EPalWeaponType::None,FALSE,110,100,80,80,100,100,20%,70%,10,5510,NotInterested,None,32,64,600,900,332,TRUE,FALSE,EPalBattleBGMType::FieldBoss,FALSE,FALSE,300,1,4,25,90,1,FALSE,FALSE,9,FALSE,TRUE,100,50,510,0,0,0,0,0,2,0,0,0,0,0,0,0,None,None,None,None
瞅什魔,BOSS_NegativeKoala,PAL_NAME_NegativeKoala,BOSS_NAME_NegativeKoala,PARTNERSKILL_NegativeKoala,TRUE,EPalTribeID::NegativeKoala,BOSS_NegativeKoala,-1,,M,1,Dark,None,EPalGenusCategoryType::Humanoid,EPalOrganizationType::None,EPalWeaponType::None,FALSE,70,70,70,70,100,100,40%,70%,10,1050,Boss,None,10,10,300,400,100,TRUE,FALSE,EPalBattleBGMType::FieldBoss,FALSE,FALSE,150,1,2,25,90,1,FALSE,TRUE,9,FALSE,TRUE,100,50,1380,0,0,0,0,1,0,0,1,0,0,0,1,0,None,None,None,None
勾魂鱿,BOSS_NegativeOctopus,PAL_NAME_NegativeOctopus,BOSS_NAME_NegativeOctopus,PARTNERSKILL_NegativeOctopus,TRUE,EPalTribeID::NegativeOctopus,BOSS_NegativeOctopus,-1,,XL,1,Dark,None,EPalGenusCategoryType::Other,EPalOrganizationType::None,EPalWeaponType::None,FALSE,60,100,60,70,100,100,40%,70%,10,1200,NotInterested,None,60,120,400,550,260,TRUE,FALSE,EPalBattleBGMType::FieldBoss,FALSE,FALSE,225,1,3,25,90,1,FALSE,TRUE,9,FALSE,TRUE,100,50,1290,0,0,0,0,0,1,0,0,0,0,0,2,0,None,None,None,None
露娜蒂,BOSS_NightFox,PAL_NAME_NightFox,BOSS_NAME_NightFox,PARTNERSKILL_NightFox,TRUE,EPalTribeID::NightFox,BOSS_NightFox,-1,,M,6,Dark,None,EPalGenusCategoryType::FourLegged,EPalOrganizationType::None,EPalWeaponType::None,FALSE,75,70,85,70,140,100,40%,70%,10,1480,NotInterested,None,30,60,300,500,164,TRUE,FALSE,EPalBattleBGMType::FieldBoss,FALSE,FALSE,150,1,2,25,90,1,FALSE,FALSE,9,FALSE,TRUE,100,50,1180,0,0,0,0,0,1,0,0,0,0,0,0,0,None,None,None,None
企丸丸,BOSS_Penguin,PAL_NAME_Penguin,BOSS_NAME_Penguin,PARTNERSKILL_Penguin,TRUE,EPalTribeID::Penguin,BOSS_Penguin,-1,,M,1,Ice,Water,EPalGenusCategoryType::Humanoid,EPalOrganizationType::None,EPalWeaponType::None,FALSE,70,70,75,70,100,100,40%,63%,10,1080,NotInterested,None,30,60,500,650,265,TRUE,FALSE,EPalBattleBGMType::FieldBoss,FALSE,FALSE,150,1,2,25,90,1,FALSE,FALSE,9,FALSE,TRUE,100,50,1350,0,1,0,0,1,0,0,0,0,0,1,1,0,None,None,None,None
捣蛋猫,BOSS_PinkCat,PAL_NAME_PInkCat,BOSS_NAME_PinkCat,PARTNERSKILL_PinkCat,TRUE,EPalTribeID::PinkCat,BOSS_PinkCat,-1,,M,1,Normal,None,EPalGenusCategoryType::Humanoid,EPalOrganizationType::None,EPalWeaponType::None,FALSE,70,70,70,70,100,100,40%,105%,10,1000,NotInterested,None,30,60,400,550,160,TRUE,FALSE,EPalBattleBGMType::FieldBoss,FALSE,FALSE,150,1,2,25,90,1,FALSE,FALSE,9,FALSE,TRUE,100,50,1460,0,0,0,0,1,1,0,1,0,0,0,1,0,PAL_ALLAttack_down1,None,None,None
does not appear in the game,BOSS_PinkKangaroo,PAL_NAME_PinkKangaroo,BOSS_NAME_PinkKangaroo,PARTNERSKILL_PinkKangaroo,TRUE,EPalTribeID::PinkKangaroo,BOSS_PinkKangaroo,-1,,XL,0,Normal,None,EPalGenusCategoryType::Humanoid,EPalOrganizationType::None,EPalWeaponType::None,FALSE,100,100,100,100,100,100,20%,70%,10,3660,Boss,None,-1,-1,-1,-1,-1,TRUE,FALSE,EPalBattleBGMType::FieldBoss,FALSE,FALSE,350,1,5,25,90,1,FALSE,FALSE,9,FALSE,TRUE,100,50,0,0,0,0,0,0,0,0,0,0,0,0,0,0,None,None,None,None
fraternity lizard,BOSS_PinkLizard,PAL_NAME_PinkLizard,BOSS_NAME_PinkLizard,PARTNERSKILL_PinkLizard,TRUE,EPalTribeID::PinkLizard,BOSS_PinkLizard,-1,,XL,5,Normal,None,EPalGenusCategoryType::Humanoid,EPalOrganizationType::None,EPalWeaponType::None,FALSE,120,70,70,70,140,100,20%,70%,10,2450,Boss,None,90,170,750,850,460,TRUE,FALSE,EPalBattleBGMType::FieldBoss,FALSE,FALSE,350,1,5,25,90,1,FALSE,TRUE,9,FALSE,TRUE,100,30,940,0,0,0,0,2,0,0,1,0,2,0,2,0,ElementResist_Normal_1_PAL,None,None,None
Ji Xiaotu,BOSS_PinkRabbit,PAL_NAME_PinkRabbit,BOSS_NAME_PinkRabbit,PARTNERSKILL_PinkRabbit,TRUE,EPalTribeID::PinkRabbit,BOSS_PinkRabbit,-1,,S,1,Normal,None,EPalGenusCategoryType::Humanoid,EPalOrganizationType::None,EPalWeaponType::None,FALSE,75,100,65,70,100,100,20%,70%,10,1160,NotInterested,None,50,100,245,350,172,TRUE,FALSE,EPalBattleBGMType::FieldBoss,FALSE,FALSE,150,1,2,25,90,1,FALSE,FALSE,9,FALSE,TRUE,100,50,1310,0,0,0,0,1,1,0,0,0,0,0,1,0,None,None,None,None
Ye NiNi,BOSS_PlantSlime,PAL_NAME_PlantSlime,BOSS_NAME_PlantSlime,PARTNERSKILL_PlantSlime,TRUE,EPalTribeID::PlantSlime,BOSS_PlantSlime,-1,,XL,1,Earth,Leaf,EPalGenusCategoryType::Other,EPalOrganizationType::None,EPalWeaponType::None,FALSE,70,100,70,70,100,100,40%,91%,10,1310,NotInterested,None,50,50,300,400,175,TRUE,FALSE,EPalBattleBGMType::FieldBoss,FALSE,FALSE,100,1,1,25,90,1,FALSE,FALSE,9,FALSE,TRUE,100,50,1240,0,0,1,0,0,0,0,0,0,0,0,0,0,None,None,None,None
Ye NiNi,BOSS_PlantSlime_Flower,PAL_NAME_PlantSlime,BOSS_NAME_PlantSlime,PARTNERSKILL_PlantSlime,TRUE,EPalTribeID::PlantSlime,BOSS_PlantSlime_Flower,-1,,XL,1,Earth,Leaf,EPalGenusCategoryType::Other,EPalOrganizationType::None,EPalWeaponType::None,FALSE,70,100,70,70,100,100,40%,91%,10,1310,NotInterested,None,50,50,300,400,175,TRUE,FALSE,EPalBattleBGMType::FieldBoss,FALSE,FALSE,100,1,1,25,90,1,FALSE,FALSE,9,FALSE,TRUE,100,50,1240,0,0,1,0,0,0,0,0,0,0,0,0,0,None,None,None,None
queen bee,BOSS_QueenBee,PAL_NAME_QueenBee,BOSS_NAME_QueenBee,PARTNERSKILL_QueenBee,TRUE,EPalTribeID::QueenBee,BOSS_QueenBee,-1,,XL,8,Leaf,None,EPalGenusCategoryType::Humanoid,EPalOrganizationType::None,EPalWeaponType::None,FALSE,90,100,105,100,100,100,20%,70%,10,6830,Boss,None,150,250,450,550,350,TRUE,FALSE,EPalBattleBGMType::FieldBoss,FALSE,FALSE,475,1,7,25,90,1,FALSE,FALSE,9,FALSE,TRUE,100,10,330,0,0,2,0,2,2,1,0,0,2,0,0,0,None,None,None,None
Thunder Boy,BOSS_RaijinDaughter,PAL_NAME_RaijinDaughter,BOSS_NAME_RaijinDaughter,PARTNERSKILL_RaijinDaughter,TRUE,EPalTribeID::RaijinDaughter,BOSS_RaijinDaughter,-1,,XL,2,Electricity,None,EPalGenusCategoryType::Humanoid,EPalOrganizationType::None,EPalWeaponType::None,FALSE,70,110,80,70,100,100,20%,70%,10,1390,NotInterested,None,120,200,400,550,300,TRUE,FALSE,EPalBattleBGMType::FieldBoss,FALSE,FALSE,150,1,2,25,90,1,FALSE,FALSE,9,FALSE,TRUE,100,20,1210,0,0,0,1,1,0,0,0,0,0,0,1,0,None,None,None,None
Flamingo,BOSS_RedArmorBird,PAL_NAME_RedArmorBird,BOSS_NAME_RedArmorBird,PARTNERSKILL_RedArmorBird,TRUE,EPalTribeID::RedArmorBird,BOSS_RedArmorBird,-1,,XL,7,Fire,None,EPalGenusCategoryType::Bird,EPalOrganizationType::None,EPalWeaponType::None,FALSE,95,100,105,120,100,100,20%,70%,10,6720,Boss,None,100,200,800,1400,375,TRUE,FALSE,EPalBattleBGMType::FieldBoss,FALSE,FALSE,475,1,7,25,90,1,FALSE,FALSE,0,TRUE,TRUE,150,50,380,3,0,0,0,0,0,0,0,0,0,0,3,0,None,None,None,None
Feather Archer,BOSS_RobinHood,PAL_NAME_RobinHood,BOSS_NAME_RobinHood,PARTNERSKILL_RobinHood,TRUE,EPalTribeID::RobinHood,BOSS_RobinHood,-1,,XL,0,Leaf,None,EPalGenusCategoryType::Humanoid,EPalOrganizationType::None,EPalWeaponType::None,FALSE,90,100,105,80,100,100,20%,70%,10,2050,Boss,None,100,100,600,750,400,TRUE,FALSE,EPalBattleBGMType::FieldBoss,FALSE,FALSE,225,1,3,25,90,1,FALSE,FALSE,9,FALSE,TRUE,100,50,1020,0,0,1,0,2,2,1,0,0,1,0,2,0,None,None,None,None
mountain shooter,BOSS_RobinHood_Ground,PAL_NAME_RobinHood_Ground,BOSS_NAME_RobinHood_Ground,PARTNERSKILL_RobinHood_Ground,TRUE,EPalTribeID::RobinHood_Ground,BOSS_RobinHood_Ground,-1,,XL,6,Leaf,Earth,EPalGenusCategoryType::Humanoid,EPalOrganizationType::None,EPalWeaponType::None,FALSE,90,100,105,80,100,100,20%,70%,10,2150,Boss,None,100,100,600,750,400,TRUE,FALSE,EPalBattleBGMType::FieldBoss,FALSE,FALSE,225,1,3,25,90,1,FALSE,FALSE,9,FALSE,TRUE,100,50,1000,0,0,0,0,2,2,1,0,0,1,0,2,0,None,None,None,None
Wave Blade Samurai,BOSS_Ronin,PAL_NAME_Ronin,BOSS_NAME_Ronin,PARTNERSKILL_Ronin,TRUE,EPalTribeID::Ronin,BOSS_Ronin,-1,,XL,7,Fire,None,EPalGenusCategoryType::Humanoid,EPalOrganizationType::None,EPalWeaponType::None,FALSE,80,100,125,80,100,100,20%,70%,10,4520,Boss,None,80,160,600,900,320,TRUE,FALSE,EPalBattleBGMType::FieldBoss,FALSE,FALSE,300,1,4,25,90,1,FALSE,FALSE,9,FALSE,TRUE,100,50,640,2,0,0,0,1,1,3,0,0,0,0,2,0,None,None,None,None
Knight of Light,BOSS_SaintCentaur,PAL_NAME_SaintCentaur,BOSS_NAME_SaintCentaur,PARTNERSKILL_SaintCentaur,TRUE,EPalTribeID::SaintCentaur,BOSS_SaintCentaur,-1,,XL,20,Normal,None,EPalGenusCategoryType::FourLegged,EPalOrganizationType::None,EPalWeaponType::None,FALSE,260,110,120,145,100,100,10%,70%,10,8810,Boss,None,50,100,800,1400,450,TRUE,FALSE,EPalBattleBGMType::Legend,FALSE,FALSE,600,1,9,25,90,1,FALSE,FALSE,9,FALSE,TRUE,100,50,80,0,0,0,0,0,0,2,2,0,0,0,0,0,Legend,ElementBoost_Normal_2_PAL,None,None
Lian Lilong,BOSS_SakuraSaurus,PAL_NAME_SakuraSaurus,BOSS_NAME_SakuraSaurus,PARTNERSKILL_SakuraSaurus,TRUE,EPalTribeID::SakuraSaurus,BOSS_SakuraSaurus,-1,,XL,7,Leaf,None,EPalGenusCategoryType::FourLegged,EPalOrganizationType::None,EPalWeaponType::None,FALSE,120,80,90,100,120,100,20%,70%,10,2920,NotInterested,None,50,75,350,600,200,TRUE,FALSE,EPalBattleBGMType::FieldBoss,FALSE,FALSE,475,1,7,25,90,1,FALSE,FALSE,9,FALSE,TRUE,100,50,860,0,0,3,0,0,0,0,0,0,0,0,0,0,None,None,None,None
Allother,BOSS_SakuraSaurus_Water,PAL_NAME_SakuraSaurus_Water,BOSS_NAME_SakuraSaurus_Water,PARTNERSKILL_SakuraSaurus_Water,TRUE,EPalTribeID::SakuraSaurus_Water,BOSS_SakuraSaurus_Water,-1,,XL,8,Leaf,Water,EPalGenusCategoryType::FourLegged,EPalOrganizationType::None,EPalWeaponType::None,FALSE,120,80,95,100,120,100,20%,70%,10,3110,NotInterested,None,50,75,350,600,200,TRUE,FALSE,EPalBattleBGMType::FieldBoss,FALSE,FALSE,475,1,7,25,90,1,FALSE,FALSE,9,FALSE,TRUE,100,50,840,0,3,0,0,0,0,0,0,0,0,0,0,0,None,None,None,None
does not appear in the game,BOSS_ScorpionMan,PAL_NAME_ScorpionMan,BOSS_NAME_ScorpionMan,PARTNERSKILL_ScorpionMan,TRUE,EPalTribeID::ScorpionMan,BOSS_ScorpionMan,-1,,XL,0,Dark,None,EPalGenusCategoryType::Humanoid,EPalOrganizationType::None,EPalWeaponType::None,FALSE,100,100,100,100,100,100,20%,70%,10,8080,Boss,None,-1,-1,-1,-1,-1,TRUE,FALSE,EPalBattleBGMType::FieldBoss,FALSE,FALSE,300,1,4,25,90,1,FALSE,TRUE,9,FALSE,TRUE,100,50,0,0,0,0,0,0,1,3,0,2,1,0,0,0,None,None,None,None
滑水蛇,BOSS_Serpent,PAL_NAME_Serpent,BOSS_NAME_Serpent,PARTNERSKILL_Serpent,TRUE,EPalTribeID::Serpent,BOSS_Serpent,-1,,XL,4,Water,None,EPalGenusCategoryType::Fish,EPalOrganizationType::None,EPalWeaponType::None,FALSE,90,70,90,80,100,100,20%,70%,10,5050,NotInterested,None,100,200,500,750,350,TRUE,FALSE,EPalBattleBGMType::FieldBoss,FALSE,FALSE,350,1,5,25,90,1,FALSE,FALSE,9,TRUE,TRUE,100,50,560,0,2,0,0,0,0,0,0,0,0,0,0,0,None,None,None,None
流沙蛇,BOSS_Serpent_Ground,PAL_NAME_Serpent_Ground,BOSS_NAME_Serpent_Ground,PARTNERSKILL_Serpent_Ground,TRUE,EPalTribeID::Serpent_Ground,BOSS_Serpent_Ground,-1,,XL,5,Earth,None,EPalGenusCategoryType::Fish,EPalOrganizationType::None,EPalWeaponType::None,FALSE,90,70,90,100,100,100,20%,70%,10,5140,NotInterested,None,100,200,500,750,350,TRUE,FALSE,EPalBattleBGMType::FieldBoss,FALSE,FALSE,350,1,5,25,90,1,FALSE,FALSE,9,TRUE,TRUE,100,50,550,0,0,0,0,0,1,0,0,0,0,0,0,0,None,None,None,None
Shark,BOSS_SharkKid,PAL_NAME_SharkKid,BOSS_NAME_SharkKid,PARTNERSKILL_SharkKid,TRUE,EPalTribeID::SharkKid,BOSS_SharkKid,-1,,M,2,Water,None,EPalGenusCategoryType::Humanoid,EPalOrganizationType::None,EPalWeaponType::None,FALSE,90,90,90,75,100,100,20%,70%,10,1840,Boss,None,50,80,400,500,120,TRUE,FALSE,EPalBattleBGMType::FieldBoss,FALSE,FALSE,225,1,3,25,90,1,FALSE,FALSE,9,TRUE,TRUE,100,50,1090,0,2,0,0,1,0,0,0,0,0,0,1,0,None,None,None,None
红小黄,BOSS_SharkKid_Fire,PAL_NAME_SharkKid_Fire,BOSS_NAME_SharkKid_Fire,PARTNERSKILL_SharkKid_Fire,TRUE,EPalTribeID::SharkKid_Fire,BOSS_SharkKid_Fire,-1,,M,3,Fire,None,EPalGenusCategoryType::Humanoid,EPalOrganizationType::None,EPalWeaponType::None,FALSE,90,90,90,75,100,100,20%,70%,10,1800,Boss,None,50,80,400,500,120,TRUE,FALSE,EPalBattleBGMType::FieldBoss,FALSE,FALSE,225,1,3,25,90,1,FALSE,FALSE,9,TRUE,TRUE,100,50,1100,2,0,0,0,1,0,0,0,0,0,0,1,0,None,None,None,None
棉悠悠,BOSS_SheepBall,PAL_NAME_SheepBall,BOSS_NAME_SheepBall,PARTNERSKILL_SheepBall,TRUE,EPalTribeID::SheepBall,BOSS_SheepBall,-1,,M,1,Normal,None,EPalGenusCategoryType::Humanoid,EPalOrganizationType::None,EPalWeaponType::None,FALSE,70,70,70,70,100,100,40%,105%,10,1000,NotInterested,None,23,40,400,550,160,TRUE,FALSE,EPalBattleBGMType::FieldBoss,FALSE,FALSE,150,1,2,25,90,1,FALSE,FALSE,9,FALSE,TRUE,100,50,1470,0,0,0,0,1,0,0,0,0,0,0,1,1,None,None,None,None
does not appear in the game,BOSS_SifuDog,PAL_NAME_SifuDog,BOSS_NAME_SifuDog,PARTNERSKILL_SifuDog,TRUE,EPalTribeID::SifuDog,BOSS_SifuDog,-1,,XL,0,Normal,None,EPalGenusCategoryType::Humanoid,EPalOrganizationType::None,EPalWeaponType::None,FALSE,100,100,100,100,100,100,20%,70%,10,4440,Boss,None,-1,-1,-1,-1,-1,TRUE,FALSE,EPalBattleBGMType::FieldBoss,FALSE,FALSE,300,1,4,25,90,1,FALSE,FALSE,9,FALSE,TRUE,100,50,0,0,0,0,0,3,2,2,0,0,1,0,2,0,None,None,None,None
天羽龙,BOSS_SkyDragon,PAL_NAME_SkyDragon,BOSS_NAME_SkyDragon,PARTNERSKILL_SkyDragon,TRUE,EPalTribeID::SkyDragon,BOSS_SkyDragon,-1,,XL,7,Dragon,None,EPalGenusCategoryType::Dragon,EPalOrganizationType::None,EPalWeaponType::None,FALSE,105,100,100,100,100,100,20%,70%,10,6830,Boss,None,120,240,800,1050,470,TRUE,FALSE,EPalBattleBGMType::FieldBoss,FALSE,FALSE,300,1,4,25,90,1,FALSE,FALSE,9,FALSE,TRUE,220,50,350,0,0,0,0,1,2,0,2,0,0,0,3,0,None,None,None,None
骑士蜂,BOSS_SoldierBee,PAL_NAME_SoldierBee,BOSS_NAME_SoldierBee,PARTNERSKILL_SoldierBee,TRUE,EPalTribeID::SoldierBee,BOSS_SoldierBee,-1,,XL,4,Leaf,None,EPalGenusCategoryType::Humanoid,EPalOrganizationType::None,EPalWeaponType::None,FALSE,80,100,90,90,100,100,20%,70%,10,1880,Boss,None,125,250,450,550,350,TRUE,FALSE,EPalBattleBGMType::FieldBoss,FALSE,FALSE,225,1,3,25,90,1,FALSE,FALSE,9,FALSE,TRUE,100,10,1070,0,0,1,0,1,1,1,0,0,1,0,2,1,None,None,None,None
朱雀,BOSS_Suzaku,PAL_NAME_Suzaku,BOSS_NAME_Suzaku,PARTNERSKILL_Suzaku,TRUE,EPalTribeID::Suzaku,BOSS_Suzaku,-1,,XL,8,Fire,None,EPalGenusCategoryType::Bird,EPalOrganizationType::None,EPalWeaponType::None,FALSE,120,100,105,105,100,100,20%,70%,10,9840,Boss,None,100,200,850,1200,450,TRUE,FALSE,EPalBattleBGMType::FieldBoss,FALSE,FALSE,525,1,8,25,90,1,FALSE,FALSE,9,FALSE,TRUE,350,50,50,3,0,0,0,0,0,0,0,0,0,0,0,0,None,None,None,None
清雀,BOSS_Suzaku_Water,PAL_NAME_Suzaku_Water,BOSS_NAME_Suzaku_Water,PARTNERSKILL_Suzaku_Water,TRUE,EPalTribeID::Suzaku_Water,BOSS_Suzaku_Water,-1,,XL,9,Water,None,EPalGenusCategoryType::Bird,EPalOrganizationType::None,EPalWeaponType::None,FALSE,125,100,105,105,100,100,20%,70%,10,10110,Boss,None,100,200,850,1200,450,TRUE,FALSE,EPalBattleBGMType::FieldBoss,FALSE,FALSE,525,1,8,25,90,1,FALSE,FALSE,9,FALSE,TRUE,350,50,30,0,3,0,0,0,0,0,0,0,0,0,0,0,None,None,None,None
棉花糖,BOSS_SweetsSheep,PAL_NAME_SweetsSheep,BOSS_NAME_SweetsSheep,PARTNERSKILL_SweetsSheep,TRUE,EPalTribeID::SweetsSheep,BOSS_SweetsSheep,-1,,XL,3,Normal,None,EPalGenusCategoryType::FourLegged,EPalOrganizationType::None,EPalWeaponType::None,FALSE,70,70,70,90,100,100,20%,70%,10,1450,NotInterested,None,50,100,300,400,200,TRUE,FALSE,EPalBattleBGMType::FieldBoss,FALSE,FALSE,150,1,2,25,90,1,FALSE,FALSE,9,FALSE,TRUE,100,50,1190,0,0,0,0,0,0,0,0,0,0,0,0,1,None,None,None,None
does not appear in the game,BOSS_TentacleTurtle,PAL_NAME_TentacleTurtle,BOSS_NAME_TentacleTurtle,PARTNERSKILL_TentacleTurtle,TRUE,EPalTribeID::TentacleTurtle,BOSS_TentacleTurtle,-1,,XL,0,Water,None,EPalGenusCategoryType::Other,EPalOrganizationType::None,EPalWeaponType::None,FALSE,100,100,100,100,100,100,20%,70%,10,2300,Boss,None,-1,-1,-1,-1,-1,TRUE,FALSE,EPalBattleBGMType::FieldBoss,FALSE,FALSE,300,1,4,25,90,1,FALSE,FALSE,9,FALSE,TRUE,100,50,0,0,0,0,0,0,0,0,1,0,0,0,2,0,None,None,None,None
迅雷鸟,BOSS_ThunderBird,PAL_NAME_ThunderBird,BOSS_NAME_ThunderBird,PARTNERSKILL_ThunderBird,TRUE,EPalTribeID::ThunderBird,BOSS_ThunderBird,-1,,XL,6,Electricity,None,EPalGenusCategoryType::Bird,EPalOrganizationType::None,EPalWeaponType::None,FALSE,105,100,115,80,100,100,20%,70%,10,7490,Boss,None,100,200,750,1300,375,TRUE,FALSE,EPalBattleBGMType::FieldBoss,FALSE,FALSE,475,1,7,25,90,1,FALSE,FALSE,9,TRUE,TRUE,160,50,220,0,0,0,2,0,1,0,0,0,0,0,3,0,None,None,None,None
霹雳犬,BOSS_ThunderDog,PAL_NAME_ThunderDog,BOSS_NAME_ThunderDog,PARTNERSKILL_ThunderDog,TRUE,EPalTribeID::ThunderDog,BOSS_ThunderDog,-1,,XL,5,Electricity,None,EPalGenusCategoryType::FourLegged,EPalOrganizationType::None,EPalWeaponType::None,FALSE,90,100,100,80,100,100,20%,70%,10,3880,Boss,None,110,210,700,1200,455,TRUE,FALSE,EPalBattleBGMType::FieldBoss,FALSE,FALSE,350,1,5,25,90,1,FALSE,FALSE,9,TRUE,TRUE,100,50,740,0,0,0,2,0,0,0,0,0,0,0,0,0,None,None,None,None
波鲁杰克斯,BOSS_ThunderDragonMan,PAL_NAME_ThunderDragonMan,BOSS_NAME_ThunderDragonMan,PARTNERSKILL_ThunderDragonMan,TRUE,EPalTribeID::ThunderDragonMan,BOSS_ThunderDragonMan,-1,,XL,9,Dragon,Electricity,EPalGenusCategoryType::Humanoid,EPalOrganizationType::None,EPalWeaponType::None,FALSE,100,100,130,100,100,100,20%,70%,10,8320,Boss,None,100,185,900,1200,250,TRUE,FALSE,EPalBattleBGMType::FieldBoss,FALSE,FALSE,475,1,7,25,90,1,FALSE,FALSE,9,TRUE,TRUE,100,50,140,0,0,0,4,2,0,0,0,0,0,0,3,0,ElementBoost_Thunder_2_PAL,None,None,None
覆海龙,BOSS_Umihebi,PAL_NAME_Umihebi,BOSS_NAME_Umihebi,PARTNERSKILL_Umihebi,TRUE,EPalTribeID::Umihebi,BOSS_Umihebi,-1,,XL,8,Dragon,Water,EPalGenusCategoryType::Fish,EPalOrganizationType::None,EPalWeaponType::None,FALSE,130,150,120,100,100,100,20%,70%,10,9320,Boss,None,100,175,525,800,350,TRUE,FALSE,EPalBattleBGMType::FieldBoss,FALSE,FALSE,475,1,7,25,90,1,FALSE,FALSE,9,TRUE,TRUE,100,50,310,0,4,0,0,0,0,0,0,0,0,0,0,0,ElementBoost_Aqua_2_PAL,None,None,None
腾炎龙,BOSS_Umihebi_Fire,PAL_NAME_Umihebi_Fire,BOSS_NAME_Umihebi_Fire,PARTNERSKILL_Umihebi_Fire,TRUE,EPalTribeID::Umihebi_Fire,BOSS_Umihebi_Fire,-1,,XL,9,Dragon,Fire,EPalGenusCategoryType::Fish,EPalOrganizationType::None,EPalWeaponType::None,FALSE,130,150,130,100,100,100,20%,70%,10,9320,Boss,None,100,175,525,800,350,TRUE,FALSE,EPalBattleBGMType::FieldBoss,FALSE,FALSE,475,1,7,25,90,1,FALSE,FALSE,9,TRUE,TRUE,100,50,315,4,0,0,0,0,0,0,0,0,0,0,0,0,None,None,None,None
薇莉塔,BOSS_VioletFairy,PAL_NAME_VioletFairy,BOSS_NAME_VioletFairy,PARTNERSKILL_VioletFairy,TRUE,EPalTribeID::VioletFairy,BOSS_VioletFairy,-1,,XL,8,Leaf,None,EPalGenusCategoryType::Humanoid,EPalOrganizationType::None,EPalWeaponType::None,FALSE,100,100,100,120,100,100,20%,70%,10,1960,NotInterested,None,100,150,400,550,275,TRUE,FALSE,EPalBattleBGMType::FieldBoss,FALSE,FALSE,225,1,3,25,90,1,FALSE,FALSE,9,FALSE,TRUE,100,50,1050,0,0,2,0,2,2,0,0,0,3,0,1,0,None,None,None,None
熔岩兽,BOSS_VolcanicMonster,PAL_NAME_VolcanicMonster,BOSS_NAME_VolcanicMonster,PARTNERSKILL_VolcanicMonster,TRUE,EPalTribeID::VolcanicMonster,BOSS_VolcanicMonster,-1,,XL,0,Fire,Earth,EPalGenusCategoryType::FourLegged,EPalOrganizationType::None,EPalWeaponType::None,FALSE,110,100,105,120,100,100,20%,70%,10,6940,Boss,None,50,80,390,650,235,TRUE,FALSE,EPalBattleBGMType::FieldBoss,FALSE,FALSE,350,1,5,25,90,1,FALSE,FALSE,9,TRUE,TRUE,100,50,320,3,0,0,0,0,0,0,3,0,0,0,0,0,None,None,None,None
寒霜兽,BOSS_VolcanicMonster_Ice,PAL_NAME_VolcanicMonster_Ice,BOSS_NAME_VolcanicMonster_Ice,PARTNERSKILL_VolcanicMonster_Ice,TRUE,EPalTribeID::VolcanicMonster_Ice,BOSS_VolcanicMonster_Ice,-1,,XL,7,Ice,Earth,EPalGenusCategoryType::FourLegged,EPalOrganizationType::None,EPalWeaponType::None,FALSE,110,100,105,130,100,100,20%,70%,10,7380,Boss,None,50,80,390,650,235,TRUE,FALSE,EPalBattleBGMType::FieldBoss,FALSE,FALSE,350,1,5,25,90,1,FALSE,FALSE,9,TRUE,TRUE,100,50,230,0,0,0,0,0,0,0,3,0,0,3,0,0,None,None,None,None
does not appear in the game,BOSS_WaterLizard,PAL_NAME_WaterLizard,BOSS_NAME_WaterLizard,PARTNERSKILL_WaterLizard,TRUE,EPalTribeID::WaterLizard,BOSS_WaterLizard,-1,,XL,0,Fire,None,EPalGenusCategoryType::Humanoid,EPalOrganizationType::None,EPalWeaponType::None,FALSE,90,120,90,90,80,100,20%,70%,10,4040,Boss,None,-1,-1,-1,-1,-1,TRUE,FALSE,EPalBattleBGMType::FieldBoss,FALSE,FALSE,350,1,5,25,90,1,FALSE,FALSE,9,FALSE,TRUE,100,50,0,0,0,0,0,0,0,0,0,0,0,0,0,0,None,None,None,None
疾旋鼬,BOSS_WeaselDragon,PAL_NAME_WeaselDragon,BOSS_NAME_WeaselDragon,PARTNERSKILL_WeaselDragon,TRUE,EPalTribeID::WeaselDragon,BOSS_WeaselDragon,-1,,XL,4,Ice,Dragon,EPalGenusCategoryType::FourLegged,EPalOrganizationType::None,EPalWeaponType::None,FALSE,90,100,80,80,100,100,40%,70%,10,3310,NotInterested,None,100,180,600,900,390,TRUE,FALSE,EPalBattleBGMType::FieldBoss,FALSE,FALSE,225,1,3,25,90,1,FALSE,FALSE,9,FALSE,TRUE,100,50,800,0,0,0,0,0,1,0,0,0,0,1,0,0,None,None,None,None
月镰魔,BOSS_Werewolf,PAL_NAME_Werewolf,BOSS_NAME_Werewolf,PARTNERSKILL_Werewolf,TRUE,EPalTribeID::Werewolf,BOSS_Werewolf,-1,,XL,3,Dark,None,EPalGenusCategoryType::Humanoid,EPalOrganizationType::None,EPalWeaponType::None,FALSE,80,130,100,80,100,100,20%,70%,10,2400,Boss,None,100,150,600,800,375,TRUE,FALSE,EPalBattleBGMType::FieldBoss,FALSE,FALSE,350,1,5,25,90,1,FALSE,TRUE,9,TRUE,TRUE,100,50,950,0,0,0,0,2,0,0,0,0,0,0,0,0,None,None,None,None
绸笠蛾,BOSS_WhiteMoth,PAL_NAME_WhiteMoth,BOSS_NAME_WhiteMoth,PARTNERSKILL_WhiteMoth,TRUE,EPalTribeID::WhiteMoth,BOSS_WhiteMoth,-1,,XL,7,Ice,None,EPalGenusCategoryType::Humanoid,EPalOrganizationType::None,EPalWeaponType::None,FALSE,110,90,90,100,90,100,20%,70%,10,5900,Boss,None,50,100,400,550,250,TRUE,FALSE,EPalBattleBGMType::FieldBoss,FALSE,FALSE,350,1,5,25,90,1,FALSE,FALSE,9,FALSE,TRUE,100,50,450,0,0,0,0,0,0,0,0,0,2,2,0,1,None,None,None,None
冰棘兽,BOSS_WhiteTiger,PAL_NAME_WhiteTiger,BOSS_NAME_WhiteTiger,PARTNERSKILL_WhiteTiger,TRUE,EPalTribeID::WhiteTiger,BOSS_WhiteTiger,-1,,XL,7,Ice,None,EPalGenusCategoryType::Humanoid,EPalOrganizationType::None,EPalWeaponType::None,FALSE,100,140,100,110,100,100,20%,70%,10,8440,Boss,None,100,280,720,900,460,TRUE,FALSE,EPalBattleBGMType::FieldBoss,FALSE,FALSE,475,1,7,25,90,1,FALSE,FALSE,9,TRUE,TRUE,100,50,130,0,0,0,0,1,0,2,0,0,0,3,0,0,None,None,None,None
吊缚灵,BOSS_WindChimes,PAL_NAME_WindChimes,BOSS_NAME_WindChimes,PARTNERSKILL_WindChimes,TRUE,EPalTribeID::WindChimes,BOSS_WindChimes,-1,,XL,1,Earth,None,EPalGenusCategoryType::Other,EPalOrganizationType::None,EPalWeaponType::None,FALSE,80,70,70,70,100,100,20%,70%,10,1020,NotInterested,None,50,100,400,550,250,TRUE,FALSE,EPalBattleBGMType::FieldBoss,FALSE,FALSE,150,1,2,25,90,1,FALSE,FALSE,9,FALSE,TRUE,100,50,1420,0,0,0,0,1,1,0,0,0,0,0,2,0,None,None,None,None
冰缚灵,BOSS_WindChimes_Ice,PAL_NAME_WindChimes_Ice,BOSS_NAME_WindChimes_Ice,PARTNERSKILL_WindChimes_Ice,TRUE,EPalTribeID::WindChimes_Ice,BOSS_WindChimes_Ice,-1,,XL,2,Ice,None,EPalGenusCategoryType::Other,EPalOrganizationType::None,EPalWeaponType::None,FALSE,80,70,80,70,100,100,20%,70%,10,1020,NotInterested,None,50,100,400,550,250,TRUE,FALSE,EPalBattleBGMType::FieldBoss,FALSE,FALSE,150,1,2,25,90,1,FALSE,FALSE,9,FALSE,TRUE,100,50,1422,0,0,0,0,1,1,0,0,0,0,1,2,0,None,None,None,None
does not appear in the game,BOSS_WingGolem,PAL_NAME_WingGolem,BOSS_NAME_WingGolem,PARTNERSKILL_WingGolem,TRUE,EPalTribeID::WingGolem,BOSS_WingGolem,-1,,XL,0,Earth,None,EPalGenusCategoryType::Humanoid,EPalOrganizationType::None,EPalWeaponType::None,FALSE,100,100,100,100,100,100,20%,70%,10,10380,Boss,None,-1,-1,-1,-1,-1,TRUE,FALSE,EPalBattleBGMType::FieldBoss,FALSE,FALSE,475,1,7,25,90,1,FALSE,FALSE,9,FALSE,TRUE,100,50,0,0,0,0,0,1,1,0,3,0,0,0,4,0,None,None,None,None
啼卡尔,BOSS_WizardOwl,PAL_NAME_WizardOwl,BOSS_NAME_WizardOwl,PARTNERSKILL_WizardOwl,TRUE,EPalTribeID::WizardOwl,BOSS_WizardOwl,-1,,M,1,Dark,None,EPalGenusCategoryType::Bird,EPalOrganizationType::None,EPalWeaponType::None,FALSE,70,70,70,80,100,100,40%,70%,10,1050,NotInterested,None,26,70,380,550,225,TRUE,FALSE,EPalBattleBGMType::FieldBoss,FALSE,FALSE,225,1,3,25,90,1,FALSE,TRUE,9,FALSE,TRUE,100,50,1390,0,0,0,0,0,1,0,0,0,0,0,0,0,None,None,None,None
米露菲,BOSS_WoolFox,PAL_NAME_WoolFox,BOSS_NAME_WoolFox,PARTNERSKILL_WoolFox,TRUE,EPalTribeID::WoolFox,BOSS_WoolFox,-1,,M,1,Normal,None,EPalGenusCategoryType::FourLegged,EPalOrganizationType::None,EPalWeaponType::None,FALSE,70,100,70,75,100,100,40%,91%,10,1420,NotInterested,None,20,40,300,450,170,TRUE,FALSE,EPalBattleBGMType::FieldBoss,FALSE,FALSE,150,1,2,25,90,1,FALSE,FALSE,9,FALSE,TRUE,100,50,1455,0,0,0,0,0,1,0,0,0,0,0,0,1,None,None,None,None
白绒雪怪,BOSS_Yeti,PAL_NAME_Yeti,BOSS_NAME_Yeti,PARTNERSKILL_Yeti,TRUE,EPalTribeID::Yeti,BOSS_Yeti,-1,,XL,7,Ice,None,EPalGenusCategoryType::Humanoid,EPalOrganizationType::None,EPalWeaponType::None,FALSE,140,100,80,100,100,100,20%,70%,10,5900,Boss,None,70,100,365,650,150,TRUE,FALSE,EPalBattleBGMType::FieldBoss,FALSE,FALSE,525,1,8,25,90,1,FALSE,FALSE,9,TRUE,TRUE,100,50,460,0,0,0,0,2,0,3,0,0,0,2,4,0,None,None,None,None
绿苔绒怪,BOSS_Yeti_Grass,PAL_NAME_Yeti_Grass,BOSS_NAME_Yeti_Grass,PARTNERSKILL_Yeti_Grass,TRUE,EPalTribeID::Yeti_Grass,BOSS_Yeti_Grass,-1,,XL,8,Leaf,None,EPalGenusCategoryType::Humanoid,EPalOrganizationType::None,EPalWeaponType::None,FALSE,140,100,80,110,100,100,20%,70%,10,5700,Boss,None,70,100,365,650,150,TRUE,FALSE,EPalBattleBGMType::FieldBoss,FALSE,FALSE,525,1,8,25,90,1,FALSE,FALSE,9,TRUE,TRUE,100,50,480,0,0,1,0,2,0,3,0,0,0,0,4,0,None,None,None,None
does not appear in the game,BrownRabbit,None,None,None,TRUE,EPalTribeID::BrownRabbit,BrownRabbit,-1,,S,0,Earth,None,EPalGenusCategoryType::Humanoid,EPalOrganizationType::None,EPalWeaponType::None,FALSE,100,100,100,100,100,100,100%,100%,1,2350,Escape_to_Battle,None,-1,-1,-1,-1,-1,FALSE,FALSE,EPalBattleBGMType::Cute,FALSE,FALSE,225,1,3,25,90,1,FALSE,FALSE,0,FALSE,TRUE,100,50,0,0,0,0,0,2,2,0,1,1,0,0,1,0,None,None,None,None
does not appear in the game,ElecLion,None,None,None,TRUE,EPalTribeID::ElecLion,ElecLion,-1,,M,0,Electricity,None,EPalGenusCategoryType::FourLegged,EPalOrganizationType::None,EPalWeaponType::None,FALSE,100,100,110,70,100,100,100%,100%,1,4200,Warlike,None,85,85,800,1000,442,FALSE,FALSE,EPalBattleBGMType::Cool,FALSE,FALSE,350,1,5,25,90,1,FALSE,FALSE,0,FALSE,TRUE,100,50,0,2,0,0,0,0,0,0,0,0,0,0,0,0,None,None,None,None
does not appear in the game,FeatherOstrich,None,None,None,TRUE,EPalTribeID::FeatherOstrich,FeatherOstrich,-1,,M,0,Earth,None,EPalGenusCategoryType::Other,EPalOrganizationType::None,EPalWeaponType::None,FALSE,100,100,100,100,100,100,100%,100%,1,4610,Warlike,None,-1,-1,-1,-1,-1,FALSE,FALSE,EPalBattleBGMType::Cool,FALSE,FALSE,300,1,4,25,90,1,FALSE,FALSE,0,FALSE,TRUE,100,50,0,0,0,0,0,0,2,0,0,0,0,0,0,0,None,None,None,None
does not appear in the game,GoldenHorse,None,None,None,TRUE,EPalTribeID::GoldenHorse,GoldenHorse,-1,,L,0,Earth,None,EPalGenusCategoryType::FourLegged,EPalOrganizationType::None,EPalWeaponType::None,FALSE,100,100,100,100,100,100,100%,100%,1,7960,Warlike,None,-1,-1,-1,-1,-1,FALSE,FALSE,EPalBattleBGMType::Strong,FALSE,FALSE,475,1,7,25,90,1,FALSE,FALSE,0,FALSE,TRUE,100,50,0,0,0,0,0,0,2,0,0,3,0,0,0,0,None,None,None,None
does not appear in the game,PinkKangaroo,None,None,None,TRUE,EPalTribeID::PinkKangaroo,PinkKangaroo,-1,,M,0,Normal,None,EPalGenusCategoryType::Humanoid,EPalOrganizationType::None,EPalWeaponType::None,FALSE,100,100,100,100,100,100,100%,100%,1,3660,Escape_to_Battle,None,-1,-1,-1,-1,-1,FALSE,FALSE,EPalBattleBGMType::Cute,FALSE,FALSE,350,1,5,25,90,1,FALSE,FALSE,0,FALSE,TRUE,100,50,0,0,0,0,0,0,0,0,0,0,0,0,0,0,None,None,None,None
does not appear in the game,ScorpionMan,None,None,None,TRUE,EPalTribeID::ScorpionMan,ScorpionMan,-1,,L,0,Dark,None,EPalGenusCategoryType::Humanoid,EPalOrganizationType::None,EPalWeaponType::None,FALSE,100,100,100,100,100,100,100%,100%,1,8080,Warlike,None,-1,-1,-1,-1,-1,FALSE,FALSE,EPalBattleBGMType::Cool,FALSE,FALSE,300,1,4,25,90,1,FALSE,TRUE,0,FALSE,TRUE,100,50,0,0,0,0,0,0,1,3,0,2,1,0,0,0,None,None,None,None
does not appear in the game,SifuDog,None,None,None,TRUE,EPalTribeID::SifuDog,SifuDog,-1,,M,0,Normal,None,EPalGenusCategoryType::Humanoid,EPalOrganizationType::None,EPalWeaponType::None,FALSE,100,100,100,100,100,100,100%,100%,1,4440,NotInterested,None,-1,-1,-1,-1,-1,FALSE,FALSE,EPalBattleBGMType::Cute,FALSE,FALSE,300,1,4,25,90,1,FALSE,FALSE,0,FALSE,TRUE,100,50,0,0,0,0,0,3,2,2,0,0,1,0,2,0,None,None,None,None
does not appear in the game,TentacleTurtle,None,None,None,TRUE,EPalTribeID::TentacleTurtle,TentacleTurtle,-1,,S,0,Water,None,EPalGenusCategoryType::Other,EPalOrganizationType::None,EPalWeaponType::None,FALSE,100,100,100,100,100,100,100%,100%,1,2300,Warlike,None,-1,-1,-1,-1,-1,FALSE,FALSE,EPalBattleBGMType::Cool,FALSE,FALSE,300,1,4,25,90,1,FALSE,FALSE,0,FALSE,TRUE,100,50,0,0,0,0,0,0,0,0,1,0,0,0,2,0,None,None,None,None
does not appear in the game,WingGolem,None,None,None,TRUE,EPalTribeID::WingGolem,WingGolem,-1,,XL,0,Earth,None,EPalGenusCategoryType::Humanoid,EPalOrganizationType::None,EPalWeaponType::None,FALSE,100,100,100,100,100,100,100%,100%,1,10380,Warlike,None,-1,-1,-1,-1,-1,FALSE,FALSE,EPalBattleBGMType::Strong,FALSE,FALSE,475,1,7,25,90,1,FALSE,FALSE,0,FALSE,TRUE,100,50,0,0,0,0,0,1,1,0,3,0,0,0,4,0,None,None,None,None
does not appear in the game,BeardedDragon,None,None,None,TRUE,EPalTribeID::BeardedDragon,BeardedDragon,-1,,XL,0,Dragon,None,EPalGenusCategoryType::Dragon,EPalOrganizationType::None,EPalWeaponType::None,FALSE,100,100,100,100,100,100,100%,100%,1,9970,Escape,None,-1,-1,-1,-1,-1,FALSE,FALSE,EPalBattleBGMType::Strong,FALSE,FALSE,600,1,9,25,90,1,FALSE,FALSE,0,TRUE,TRUE,100,50,0,0,0,0,0,0,0,0,0,0,0,0,0,0,None,None,None,None
does not appear in the game,WaterLizard,None,None,None,TRUE,EPalTribeID::WaterLizard,WaterLizard,-1,,M,0,Fire,None,EPalGenusCategoryType::Humanoid,EPalOrganizationType::None,EPalWeaponType::None,FALSE,90,120,90,90,80,100,100%,100%,1,4040,Warlike,None,-1,-1,-1,-1,-1,FALSE,FALSE,EPalBattleBGMType::Cool,FALSE,FALSE,350,1,5,25,90,1,FALSE,FALSE,0,FALSE,TRUE,100,50,0,0,0,0,0,0,0,0,0,0,0,0,0,0,None,None,None,None
does not appear in the game,GuardianDog,None,None,None,TRUE,EPalTribeID::GuardianDog,GuardianDog,-1,,S,0,Normal,None,EPalGenusCategoryType::FourLegged,EPalOrganizationType::None,EPalWeaponType::None,FALSE,90,80,80,90,110,100,100%,100%,1,1510,Warlike,None,-1,-1,-1,-1,-1,FALSE,FALSE,EPalBattleBGMType::Cute,FALSE,FALSE,350,1,5,25,90,1,FALSE,FALSE,0,FALSE,TRUE,100,50,0,0,0,0,0,0,0,0,0,0,0,0,0,0,None,None,None,None
does not appear in the game,GrassDragon,None,None,None,TRUE,EPalTribeID::GrassDragon,GrassDragon,-1,,L,0,Leaf,None,EPalGenusCategoryType::Humanoid,EPalOrganizationType::None,EPalWeaponType::None,FALSE,130,80,120,90,80,100,100%,100%,1,6510,Warlike,None,-1,-1,-1,-1,-1,FALSE,FALSE,EPalBattleBGMType::Strong,FALSE,FALSE,475,1,7,25,90,1,FALSE,FALSE,0,FALSE,TRUE,100,50,0,0,0,0,0,0,0,0,0,0,1,0,0,0,None,None,None,None
does not appear in the game,BlackFurDragon,None,None,None,TRUE,EPalTribeID::BlackFurDragon,BlackFurDragon,-1,,L,10,Dark,Dragon,EPalGenusCategoryType::Humanoid,EPalOrganizationType::None,EPalWeaponType::None,FALSE,130,100,130,110,100,100,100%,100%,1,8440,Warlike,None,55,110,560,800,335,FALSE,FALSE,EPalBattleBGMType::Strong,FALSE,FALSE,525,1,8,25,90,1,FALSE,TRUE,99,TRUE,TRUE,100,50,0,0,0,0,0,0,0,0,0,0,0,0,3,0,None,None,None,None
does not appear in the game,DarkMutant,None,None,None,TRUE,EPalTribeID::DarkMutant,DarkMutant,-1,,M,5,Dark,None,EPalGenusCategoryType::Humanoid,EPalOrganizationType::None,EPalWeaponType::None,FALSE,100,100,100,100,100,100,100%,100%,1,3960,Warlike,None,100,150,550,700,350,FALSE,FALSE,EPalBattleBGMType::Strong,FALSE,FALSE,525,1,8,25,90,1,FALSE,TRUE,99,FALSE,TRUE,100,50,0,0,0,0,0,3,0,0,0,0,3,0,2,0,None,None,None,None
