English name,Chinese name,Volume size,Food intake,night shift,Total skills,Make a fire,watering,planting,generate electricity,manual,collection,logging,Mining,pharmaceutical,cool down,pasture,carry,Handling speed,ranch items,pasture minimum output,The largest ranch,damage multiplier,Capture probability,Experience multiplier,price,AIRResponse,AISightResponse,slow walking speed,walking speed,running speed,Riding sprint speed,Handling speed,IsBoss,IsTowerBoss,BattleBGM,IgnoreLeanBack,IgnoreBlowAway,MaxFullStomach,FullStomachDecreaseRate,FoodAmount,ViewingDistance,ViewingAngle,HearingRate,NooseTrap,Nocturnal,BiologicalGrade,Predator,Edible,endurance,Male probability,fecundity,Breathing fire,watering,planting,generate electricity,manual,collection,logging,Mining,OilExtraction,pharmaceutical,cool down,carry,pasture,Passive skill 1,Passive skill 2,Passive skill 3,Passive skill 4
Lamball,Mian Youyou,smallest,2,NULL,3,0,0,0,0,1,0,0,0,0,0,1,1,160,wool,1,Rank,1,1,30,9060,Warlike,NULL,80,80,850,1100,465,1,1,EPalBattleBGMType_TowerBoss,1,1,525,1,8,25,90,1,0,1,9,0,1,100,100,9999,0,0,0,0,0,1,0,0,0,0,0,0,0,NULL,NULL,NULL,NULL
Cattiva,Naughty cat,smallest,2,NULL,4,0,0,0,0,1,1,0,1,0,0,0,1,160,NULL,NULL,NULL,1,1,30,6610,Warlike,NULL,80,140,470,650,287,1,1,EPalBattleBGMType_TowerBoss,1,1,475,1,6,25,90,1,0,0,9,1,1,100,0,9999,0,0,0,3,2,0,2,0,0,0,0,3,0,NULL,NULL,NULL,NULL
Chikipi,Pipi Chicken,smallest,1,NULL,2,0,0,0,0,0,1,0,0,0,0,1,0,null,Egg,1,Rank,1,1,30,6720,Warlike,NULL,150,200,1000,1300,500,1,1,EPalBattleBGMType_TowerBoss,1,1,525,1,8,25,90,1,0,0,9,0,1,100,100,9999,3,0,0,0,0,0,0,0,0,0,0,3,0,NULL,NULL,NULL,NULL
Lifmunk,green leaf rat,smallest,1,NULL,5,0,0,1,0,1,1,1,0,1,0,0,0,null,NULL,NULL,NULL,1,1,30,6510,Warlike,NULL,60,100,450,650,275,1,1,EPalBattleBGMType_TowerBoss,1,1,475,1,6,25,90,1,0,0,9,0,1,100,0,9999,0,0,3,0,2,2,0,0,0,3,0,0,0,NULL,NULL,NULL,NULL
Foxparks,tinder fox,smallest,2,NULL,1,1,0,0,0,0,0,0,0,0,0,0,0,null,NULL,NULL,NULL,1,1,30,8320,Warlike,NULL,100,185,900,1300,542,1,1,EPalBattleBGMType_TowerBoss,1,1,475,1,7,25,90,1,0,0,9,0,1,100,100,9999,0,0,0,3,2,0,0,0,0,0,0,3,0,NULL,NULL,NULL,NULL
Fuack,surf duck,smallest,2,NULL,3,0,1,0,0,1,0,0,0,0,0,0,1,202,NULL,NULL,NULL,1,1,1,4690,Warlike,NULL,-1,-1,-1,-1,-1,0,0,EPalBattleBGMType_Cute,0,0,225,1,3,25,90,1,0,1,0,0,1,100,50,0,0,0,0,0,2,3,1,0,0,0,0,2,0,NULL,NULL,NULL,NULL
Sparkit,Volt Meow,smallest,2,NULL,3,0,0,0,1,1,0,0,0,0,0,0,1,270,NULL,NULL,NULL,1,1,1,8200,Escape_to_Battle,NULL,-1,-1,-1,-1,-1,0,0,EPalBattleBGMType_Cute,0,0,225,1,3,25,90,1,0,0,0,0,1,100,50,0,0,0,2,0,1,2,0,0,0,3,0,1,0,NULL,NULL,NULL,NULL
Tanzee,Neolepithecus,smallest,2,NULL,5,0,0,1,0,1,1,1,0,0,0,0,1,174,NULL,NULL,NULL,"0,4","0,7",10,3040,NotInterested,NULL,62,62,460,900,261,1,0,EPalBattleBGMType_FieldBoss,0,0,225,1,3,25,90,1,0,0,9,0,1,100,50,890,0,0,0,0,0,0,0,0,0,0,0,0,1,NULL,NULL,NULL,NULL
Rooby,Fire Deer,Small,3,NULL,1,1,0,0,0,0,0,0,0,0,0,0,0,null,NULL,NULL,NULL,"0,2","0,7",10,3170,Boss,NULL,80,130,700,1000,415,1,0,EPalBattleBGMType_FieldBoss,0,0,300,1,4,25,90,1,0,0,9,1,1,100,50,830,2,0,0,0,0,0,0,0,0,0,0,0,0,NULL,NULL,NULL,NULL
Pengullet,Keimaru,smallest,2,NULL,4,0,1,0,0,1,0,0,0,0,1,0,1,265,NULL,NULL,NULL,"0,2","0,7",10,9190,Boss,NULL,80,160,800,1000,480,1,0,EPalBattleBGMType_FieldBoss,0,0,400,1,6,25,90,1,0,0,9,1,1,100,50,570,0,0,0,0,4,0,0,3,0,0,0,2,0,ElementBoost_Earth_2_PAL,NULL,NULL,NULL
Penking,King Keimaru,big,8,NULL,10,0,1,0,0,1,0,0,1,0,1,0,1,280,NULL,NULL,NULL,"0,2","0,7",10,4690,Boss,NULL,-1,-1,-1,-1,-1,1,0,EPalBattleBGMType_FieldBoss,0,0,225,1,3,25,90,1,0,1,9,0,1,100,50,0,0,0,0,0,2,3,1,0,0,0,0,2,0,NULL,NULL,NULL,NULL
Jolthog,electric rat,smallest,2,NULL,1,0,0,0,1,0,0,0,0,0,0,0,0,null,NULL,NULL,NULL,"0,2","0,7",10,4780,Boss,NULL,80,160,700,960,320,1,0,EPalBattleBGMType_FieldBoss,0,0,300,1,4,25,90,1,0,1,9,1,1,100,50,590,1,0,0,0,2,0,0,1,0,0,0,2,0,NULL,NULL,NULL,NULL
Jolthog Cryst,ice agouti,smallest,2,NULL,1,0,0,0,0,0,0,0,0,0,1,0,0,null,NULL,NULL,NULL,"0,2","0,7",10,4870,Boss,NULL,80,160,700,960,320,1,0,EPalBattleBGMType_FieldBoss,0,0,300,1,4,25,90,1,0,1,9,1,1,100,50,580,0,0,0,0,2,0,0,1,0,0,0,2,0,NULL,NULL,NULL,NULL
Gumoss,Ye NiNi,smallest,1,NULL,1,0,0,1,0,0,0,0,0,0,0,0,0,null,NULL,NULL,NULL,"0,4","0,7",10,1000,NotInterested,NULL,52,105,475,550,317,1,0,EPalBattleBGMType_FieldBoss,0,0,100,1,1,25,90,1,0,1,9,0,1,100,50,1480,0,0,0,0,0,0,0,0,0,0,0,0,1,NULL,NULL,NULL,NULL
Gumoss (Special),Ye Ni Ni (Special),smallest,1,NULL,1,0,0,1,0,0,0,0,0,0,0,0,0,null,NULL,NULL,NULL,"0,2","0,7",10,1010,NotInterested,NULL,52,105,475,550,317,1,0,EPalBattleBGMType_FieldBoss,0,0,100,1,1,25,90,1,0,0,9,0,1,100,50,1440,0,0,0,0,0,0,0,0,0,0,1,0,1,NULL,NULL,NULL,NULL
Vixy,Tamamo fox,smallest,1,NULL,2,0,0,0,0,0,1,0,0,0,0,1,0,null,Palu Ball Advanced Palu Ball Arrow Gold Coin,NULL,NULL,"0,2","0,7",10,9970,Boss,NULL,-1,-1,-1,-1,-1,1,0,EPalBattleBGMType_FieldBoss,0,0,600,1,9,25,90,1,0,0,9,1,1,100,50,0,0,0,0,0,0,0,0,0,0,0,0,0,0,NULL,NULL,NULL,NULL
Hoocrates,Tikar,smallest,3,yes,1,0,0,0,0,0,1,0,0,0,0,0,0,null,NULL,NULL,NULL,"0,4","0,7",10,2510,NotInterested,NULL,70,70,400,550,235,1,0,EPalBattleBGMType_FieldBoss,0,0,300,1,4,25,90,1,0,0,9,0,1,100,50,930,0,0,2,0,0,0,0,0,0,0,0,0,1,NULL,NULL,NULL,NULL
Teafant,pot elephant,medium,2,NULL,1,0,1,0,0,0,0,0,0,0,0,0,0,null,NULL,NULL,NULL,"0,2","0,7",10,4360,Boss,NULL,100,350,700,950,475,1,0,EPalBattleBGMType_FieldBoss,0,0,400,1,6,25,90,1,0,1,9,1,1,150,50,660,1,0,0,0,0,0,0,0,0,0,0,3,0,NULL,NULL,NULL,NULL
Depresso,Look at the devil,smallest,2,yes,3,0,0,0,0,1,0,0,1,0,0,0,1,100,NULL,NULL,NULL,"0,2","0,7",10,4610,Boss,NULL,100,350,700,950,475,1,0,EPalBattleBGMType_FieldBoss,0,0,400,1,6,25,90,1,0,1,9,1,1,150,50,620,0,0,0,0,0,0,0,0,0,0,2,3,0,NULL,NULL,NULL,NULL
Cremis,Miruffy,smallest,2,NULL,2,0,0,0,0,0,1,0,0,0,0,1,0,null,wool,1,Rank,"0,1","0,7",10,8930,Boss,NULL,100,350,900,1600,625,1,0,EPalBattleBGMType_Legend,0,0,600,1,9,25,90,1,0,1,9,0,1,100,50,70,0,0,0,0,0,0,2,2,0,0,0,0,0,Legend,ElementBoost_Dark_2_PAL,NULL,NULL
Daedream,sleep demon,smallest,3,yes,3,0,0,0,0,1,1,0,0,0,0,0,1,220,NULL,NULL,NULL,"0,2","0,7",10,8440,Boss,NULL,55,110,560,800,335,1,0,EPalBattleBGMType_FieldBoss,0,0,525,1,8,25,90,1,0,1,9,1,1,100,50,0,0,0,0,0,0,0,0,0,0,0,0,3,0,NULL,NULL,NULL,NULL
Rushoar,sage pig,Small,3,NULL,1,0,0,0,0,0,0,0,1,0,0,0,0,null,NULL,NULL,NULL,"0,2","0,7",10,9060,Boss,NULL,80,80,850,1300,465,1,0,EPalBattleBGMType_FieldBoss,0,0,525,1,8,25,90,1,0,1,9,0,1,250,50,60,0,0,0,0,0,1,0,0,0,0,0,0,0,NULL,NULL,NULL,NULL
Nox,Lunati,smallest,2,NULL,1,0,0,0,0,0,1,0,0,0,0,0,0,null,NULL,NULL,NULL,"0,2","0,7",10,8200,Boss,NULL,100,150,600,900,375,1,0,EPalBattleBGMType_FieldBoss,0,0,600,1,9,25,90,1,0,1,9,0,1,300,50,150,0,0,0,0,1,0,0,4,3,0,0,0,0,Deffence_up1,NULL,NULL,NULL
Fuddler,Escape Rat,smallest,2,NULL,3,0,0,0,0,1,0,0,1,0,0,0,1,240,NULL,NULL,NULL,"0,2","0,7",10,8200,Boss,NULL,-1,-1,-1,-1,-1,1,0,EPalBattleBGMType_FieldBoss,0,0,225,1,3,25,90,1,0,0,9,0,1,100,50,0,0,0,2,0,1,2,0,0,0,3,0,1,0,NULL,NULL,NULL,NULL
Killamari,squid,smallest,3,yes,3,0,0,0,0,0,1,0,0,0,0,0,1,260,NULL,NULL,NULL,"0,2","0,7",10,5600,Boss,NULL,75,150,600,900,350,1,0,EPalBattleBGMType_FieldBoss,0,0,400,1,6,25,90,1,0,0,9,0,1,100,50,500,0,3,0,0,0,0,0,0,0,0,0,0,0,NULL,NULL,NULL,NULL
Mau,Meowster,smallest,1,yes,1,0,0,0,0,0,0,0,0,0,0,1,0,null,gold,10,Rank*10,"0,4","0,77",10,1120,NotInterested,NULL,70,105,300,400,202,1,0,EPalBattleBGMType_FieldBoss,0,0,150,1,2,25,90,1,0,0,9,0,1,100,50,1330,0,1,0,0,1,0,0,0,0,0,0,1,0,NULL,NULL,NULL,NULL
Mau Cryst,ice cream,smallest,1,NULL,2,0,0,0,0,0,0,0,0,0,1,1,0,null,gold,10,Rank*10,"0,4","0,7",10,1610,Boss,NULL,70,150,450,800,300,1,0,EPalBattleBGMType_FieldBoss,0,0,225,1,3,25,90,1,0,0,9,1,1,100,50,1130,0,0,0,0,0,0,0,1,0,0,0,0,0,NULL,NULL,NULL,NULL
Celaray,Rumiel,medium,3,NULL,2,0,1,0,0,0,0,0,0,0,0,0,1,350,NULL,NULL,NULL,"0,2","0,7",10,2350,Boss,NULL,-1,-1,-1,-1,-1,1,0,EPalBattleBGMType_FieldBoss,0,0,225,1,3,25,90,1,0,0,9,0,1,100,50,0,0,0,0,0,2,2,0,1,1,0,0,1,0,NULL,NULL,NULL,NULL
Direhowl,hunting wolves,Small,3,NULL,1,0,0,0,0,0,1,0,0,0,0,0,0,null,NULL,NULL,NULL,"0,4","0,7",10,5410,Boss,NULL,50,110,450,600,280,1,0,EPalBattleBGMType_FieldBoss,0,0,525,1,8,25,90,1,0,0,9,0,1,100,50,520,0,2,0,0,2,0,0,2,0,0,2,2,0,NULL,NULL,NULL,NULL
Tocotoco,Fried egg bird,Small,2,NULL,1,0,0,0,0,0,1,0,0,0,0,0,0,null,NULL,NULL,NULL,"0,4","0,63",10,1010,NotInterested,NULL,20,40,400,550,250,1,0,EPalBattleBGMType_FieldBoss,0,0,100,1,1,25,90,1,0,0,9,0,1,100,50,1430,0,0,1,0,1,1,1,0,0,1,0,0,0,NULL,NULL,NULL,NULL
Flopie,Bona Rabbit,smallest,3,NULL,5,0,0,1,0,1,1,0,0,1,0,0,1,250,NULL,NULL,NULL,"0,4","0,7",10,3810,Boss,NULL,80,140,400,550,270,1,0,EPalBattleBGMType_FieldBoss,0,0,350,1,5,25,90,1,0,1,9,0,1,100,50,750,0,0,0,0,0,2,0,2,0,0,0,2,0,NULL,NULL,NULL,NULL
Mozzarina,Boba Cow,Small,3,NULL,1,0,0,0,0,0,0,0,0,0,0,1,0,null,milk,1,Rank,"0,2","0,7",10,4120,Boss,NULL,70,145,440,620,292,1,0,EPalBattleBGMType_FieldBoss,0,0,350,1,5,25,90,1,0,1,9,0,1,100,50,700,0,0,0,0,2,0,0,0,0,2,0,2,0,NULL,NULL,NULL,NULL
Bristla,Thorn Fairy,Small,5,NULL,6,0,0,1,0,1,1,0,0,1,0,0,1,250,NULL,NULL,NULL,"0,2","0,7",10,2100,Boss,NULL,60,100,550,700,325,1,0,EPalBattleBGMType_FieldBoss,0,0,350,1,5,25,90,1,0,1,9,0,1,100,50,1010,0,0,0,0,0,0,0,0,0,3,0,0,0,NULL,NULL,NULL,NULL
Gobfin Ignis,red shark,Small,3,NULL,4,1,0,0,0,1,0,0,0,0,0,0,1,120,NULL,NULL,NULL,"0,4","1,05",10,1000,NotInterested,NULL,50,50,375,550,212,1,0,EPalBattleBGMType_FieldBoss,0,0,100,1,1,25,90,1,0,0,9,0,1,100,50,1500,0,0,0,0,0,1,0,0,0,0,0,0,1,NULL,NULL,NULL,NULL
Gobfin,Sharkboy,Small,3,NULL,4,0,1,0,0,1,0,0,0,0,0,0,1,120,NULL,NULL,NULL,"0,4","0,7",10,1090,Boss,NULL,30,60,300,550,170,1,0,EPalBattleBGMType_FieldBoss,0,0,150,1,2,25,90,1,0,0,9,1,1,100,50,1340,0,0,0,0,0,1,0,0,0,0,0,0,0,NULL,NULL,NULL,NULL
Hangyu Crystal,Icebound Spirit,smallest,2,NULL,5,0,0,0,0,1,1,0,0,0,1,0,1,250,NULL,NULL,NULL,"0,2","0,7",10,2620,NotInterested,NULL,55,55,580,700,317,1,0,EPalBattleBGMType_FieldBoss,0,0,225,1,3,25,90,1,0,0,9,0,1,100,20,910,0,0,0,0,0,0,0,0,0,0,0,0,1,NULL,NULL,NULL,NULL
Hangyu,Hanging spirit,smallest,2,NULL,4,0,0,0,0,1,1,0,0,0,0,0,1,250,NULL,NULL,NULL,"0,2","0,7",10,5700,NotInterested,NULL,30,150,550,700,350,1,0,EPalBattleBGMType_FieldBoss,0,0,225,1,3,25,90,1,0,0,9,0,1,100,50,490,0,0,2,0,0,0,0,0,0,1,0,0,0,NULL,NULL,NULL,NULL
Mossanda,Ye Panda,big,5,NULL,9,0,0,1,0,1,0,1,0,0,0,0,1,275,NULL,NULL,NULL,"0,4","0,91",10,1000,NotInterested,NULL,30,60,350,450,190,1,0,EPalBattleBGMType_FieldBoss,0,0,100,1,1,25,90,1,0,0,9,0,1,100,50,1450,0,0,0,0,0,1,0,0,0,0,0,0,1,NULL,NULL,NULL,NULL
Mossanda Lux,Lei Panda,big,5,NULL,9,0,0,0,1,1,0,1,0,0,0,0,1,275,NULL,NULL,NULL,"0,4","0,7",10,1360,NotInterested,NULL,30,60,300,550,240,1,0,EPalBattleBGMType_FieldBoss,0,0,150,1,2,25,90,1,0,0,9,0,1,100,50,1220,0,0,0,0,1,0,0,1,0,0,0,1,0,NULL,NULL,NULL,NULL
Woolipop,Marshmallow,Small,2,NULL,1,0,0,0,0,0,0,0,0,0,0,1,0,null,Marshmallow,1,Rank,"0,2","0,7",10,1840,Boss,NULL,85,170,920,1200,545,1,0,EPalBattleBGMType_FieldBoss,0,0,350,1,5,25,90,1,0,1,9,1,1,100,50,1080,0,0,0,0,0,0,1,0,0,0,0,0,0,NULL,NULL,NULL,NULL
Caprity,bush sheep,Small,4,NULL,3,0,0,1,0,0,0,0,0,0,0,1,0,null,red wild berries,1,Rank,"0,2","0,7",10,3960,Boss,NULL,100,150,550,700,350,1,0,EPalBattleBGMType_FieldBoss,0,0,525,1,8,25,90,1,0,1,9,0,1,100,50,0,0,0,0,0,3,0,0,0,0,3,0,2,0,NULL,NULL,NULL,NULL
Melpaca,Melupa,medium,3,NULL,1,0,0,0,0,0,0,0,0,0,0,1,0,null,wool,2,1+Rank,"0,2","0,7",10,7050,Boss,NULL,100,200,1000,1200,600,1,0,EPalBattleBGMType_FieldBoss,0,0,475,1,7,25,90,1,0,1,9,1,1,100,50,260,0,0,0,0,0,0,2,3,0,0,0,0,0,NULL,NULL,NULL,NULL
Eikthyrdeer,Zixia Deer,big,5,NULL,2,0,0,0,0,0,0,1,0,0,0,0,0,null,NULL,NULL,NULL,"0,4","0,7",10,2620,Boss,NULL,80,120,700,1000,390,1,0,EPalBattleBGMType_FieldBoss,0,0,350,1,5,25,90,1,0,0,9,0,1,100,50,920,0,0,0,0,0,0,2,0,0,0,0,0,0,NULL,NULL,NULL,NULL
Eikthyrdeer Terra,Only a deer,big,5,NULL,2,0,0,0,0,0,0,1,0,0,0,0,0,null,NULL,NULL,NULL,"0,2","0,7",10,2680,Boss,NULL,80,120,700,1000,390,1,0,EPalBattleBGMType_FieldBoss,0,0,350,1,5,25,90,1,0,0,9,0,1,100,50,900,0,0,0,0,0,0,2,0,0,0,0,0,0,NULL,NULL,NULL,NULL
Nitewing,Swift Falcon,big,7,NULL,2,0,0,0,0,0,1,0,0,0,0,0,0,null,NULL,NULL,NULL,"0,4","0,7",10,1330,NotInterested,NULL,70,140,300,550,220,1,0,EPalBattleBGMType_FieldBoss,0,0,225,1,3,25,90,1,0,1,9,0,1,100,50,1230,0,0,0,0,1,1,0,0,0,0,0,1,0,NULL,NULL,NULL,NULL
Ribunny,Ji Xiaotu,smallest,2,NULL,3,0,0,0,0,1,1,0,0,0,0,0,1,172,NULL,NULL,NULL,"0,2","0,7",10,2980,Boss,NULL,75,120,300,420,190,1,0,EPalBattleBGMType_FieldBoss,0,0,350,1,5,25,90,1,0,0,9,1,1,100,50,850,0,0,0,0,0,0,0,3,0,0,0,0,0,Deffence_up1,NULL,NULL,NULL
Incineram,Balrog Sheep,medium,4,yes,6,1,0,0,0,1,0,0,1,0,0,0,1,320,NULL,NULL,NULL,"0,2","0,7",10,2010,Boss,NULL,100,200,600,700,400,1,0,EPalBattleBGMType_FieldBoss,0,0,300,1,4,25,90,1,0,0,9,1,1,100,50,1030,0,0,0,0,0,2,0,0,0,0,0,0,0,NULL,NULL,NULL,NULL
Incineram Noct,Dark Demon Sheep,medium,4,yes,5,0,0,0,0,1,0,0,1,0,0,0,1,320,NULL,NULL,NULL,"0,4","0,77",10,1030,NotInterested,NULL,40,80,350,500,270,1,0,EPalBattleBGMType_FieldBoss,0,0,150,1,2,25,90,1,0,0,9,0,1,100,50,1410,0,0,0,1,1,0,0,0,0,0,0,1,0,NULL,NULL,NULL,NULL
Cinnamoth,Huan Yue Butterfly,medium,3,NULL,3,0,0,1,0,0,0,0,0,1,0,0,0,null,NULL,NULL,NULL,"0,2","0,7",10,4200,Boss,NULL,85,85,800,1000,442,1,0,EPalBattleBGMType_FieldBoss,0,0,350,1,5,25,90,1,0,0,9,0,1,100,50,0,2,0,0,0,0,0,0,0,0,0,0,0,0,NULL,NULL,NULL,NULL
Arsox,Blazing Ox,medium,5,NULL,3,1,0,0,0,0,0,1,0,0,0,0,0,null,NULL,NULL,NULL,"0,2","0,7",10,7720,Boss,NULL,80,140,470,650,210,1,0,EPalBattleBGMType_FieldBoss,0,0,475,1,7,25,90,1,0,0,9,1,1,100,50,200,0,0,0,3,2,0,2,0,0,0,0,3,0,NULL,NULL,NULL,NULL
Dumud,Pa Pa Pa Catfish,medium,4,NULL,4,0,1,0,0,0,0,0,1,0,0,0,1,300,NULL,NULL,NULL,"0,2","0,7",10,5230,Boss,NULL,83,83,630,900,456,1,0,EPalBattleBGMType_FieldBoss,0,0,400,1,6,25,90,1,0,0,9,0,1,130,50,540,0,0,0,0,0,0,2,0,0,0,0,0,0,NULL,NULL,NULL,NULL
Cawgnito,Black Crow Hermit,medium,5,yes,1,0,0,0,0,0,0,1,0,0,0,0,0,null,NULL,NULL,NULL,"0,2","0,7",10,5320,Boss,NULL,83,83,630,900,456,1,0,EPalBattleBGMType_FieldBoss,0,0,400,1,6,25,90,1,0,0,9,0,1,130,50,530,0,3,0,0,0,0,2,0,0,0,0,0,0,NULL,NULL,NULL,NULL
Leezpunk Ignis,Hot-blooded lizard,Small,3,NULL,4,1,0,0,0,1,1,0,0,0,0,0,1,270,NULL,NULL,NULL,"0,2","0,7",10,4610,Boss,NULL,-1,-1,-1,-1,-1,1,0,EPalBattleBGMType_FieldBoss,0,0,300,1,4,25,90,1,0,0,9,0,1,100,50,0,0,0,0,0,0,2,0,0,0,0,0,0,0,NULL,NULL,NULL,NULL
Leezpunk,punk lizard,Small,3,yes,3,0,0,0,0,1,1,0,0,0,0,0,1,270,NULL,NULL,NULL,"0,2","0,7",10,2250,Boss,NULL,85,100,750,1150,417,1,0,EPalBattleBGMType_FieldBoss,0,0,400,1,6,25,90,1,0,0,9,0,1,100,50,980,0,0,0,0,0,0,2,0,0,0,0,0,0,NULL,NULL,NULL,NULL
Loupmoon,Moonscythe Demon,medium,5,yes,2,0,0,0,0,1,0,0,0,0,0,0,0,null,NULL,NULL,NULL,"0,2","0,7",10,6720,Boss,NULL,100,150,850,1400,500,1,0,EPalBattleBGMType_FieldBoss,0,0,350,1,5,25,90,1,0,0,9,0,1,100,50,360,2,0,0,0,0,0,1,0,0,0,0,0,0,NULL,NULL,NULL,NULL
Galeclaw,Tianqinniao,medium,4,NULL,2,0,0,0,0,0,1,0,0,0,0,0,0,null,NULL,NULL,NULL,"0,2","0,7",10,7270,Boss,NULL,100,150,850,1400,500,1,0,EPalBattleBGMType_FieldBoss,0,0,350,1,5,25,90,1,0,1,9,0,1,100,50,240,2,0,0,0,0,0,1,0,0,0,0,0,0,NULL,NULL,NULL,NULL
Robinquill,Feather Archer,medium,3,NULL,9,0,0,1,0,1,1,1,0,1,0,0,1,400,NULL,NULL,NULL,"0,4","0,77",10,2950,NotInterested,NULL,70,100,400,550,-1,1,0,EPalBattleBGMType_FieldBoss,0,0,225,1,3,25,90,1,0,0,9,0,1,100,50,1155,1,0,0,0,0,0,0,0,0,0,0,0,0,NULL,NULL,NULL,NULL
Robinquill Terra,mountain shooter,medium,3,NULL,8,0,0,0,0,1,1,1,0,1,0,0,1,400,NULL,NULL,NULL,"0,2","0,7",10,3520,Boss,NULL,87,87,600,900,343,1,0,EPalBattleBGMType_FieldBoss,0,0,350,1,5,25,90,1,0,0,9,0,1,100,50,790,2,0,0,0,0,0,1,0,0,0,0,0,0,NULL,NULL,NULL,NULL
Gorirat,Iron Fist Ape,Small,3,NULL,6,0,0,0,0,1,0,1,0,0,0,0,1,250,NULL,NULL,NULL,"0,4","0,7",10,3240,NotInterested,NULL,70,120,550,800,335,1,0,EPalBattleBGMType_FieldBoss,0,0,400,1,6,25,90,1,0,0,9,0,1,100,50,820,0,0,2,0,0,0,2,0,0,0,0,0,0,NULL,NULL,NULL,NULL
Beegarde,knight bee,medium,3,NULL,8,0,0,1,0,1,1,1,0,1,0,1,1,350,Honey,1,Rank,"0,2","0,7",10,3380,NotInterested,NULL,70,120,550,800,335,1,0,EPalBattleBGMType_FieldBoss,0,0,400,1,6,25,90,1,0,0,9,0,1,100,50,810,0,0,0,2,0,0,2,0,0,0,0,0,0,NULL,NULL,NULL,NULL
Elizabee,queen bee,big,7,NULL,9,0,0,1,0,1,1,1,0,1,0,0,0,null,NULL,NULL,NULL,"0,2","0,7",10,3590,NotInterested,NULL,100,150,550,700,350,1,0,EPalBattleBGMType_FieldBoss,0,0,225,1,3,25,90,1,0,0,9,0,1,100,50,780,0,0,3,0,2,2,0,0,0,2,0,1,0,NULL,NULL,NULL,NULL
Grintale,Laughing Nightmare Cat,big,4,NULL,2,0,0,0,0,0,1,0,0,0,0,0,0,null,NULL,NULL,NULL,"0,2","0,7",10,1220,NotInterested,NULL,100,100,400,550,250,1,0,EPalBattleBGMType_FieldBoss,0,0,225,1,3,25,90,1,0,0,9,0,1,100,50,1280,0,0,1,0,1,1,0,0,0,1,0,1,0,NULL,NULL,NULL,NULL
Swee,Mao duster,smallest,2,NULL,2,0,0,0,0,0,1,0,0,0,1,0,0,null,NULL,NULL,NULL,"0,4","0,77",10,2860,NotInterested,NULL,30,150,550,700,350,1,0,EPalBattleBGMType_FieldBoss,0,0,225,1,3,25,90,1,0,0,9,0,1,100,50,870,0,1,0,0,0,0,0,0,0,0,0,1,0,NULL,NULL,NULL,NULL
Sweepa,Dad Mao,big,3,NULL,4,0,0,0,0,0,1,0,0,0,1,0,0,null,NULL,NULL,NULL,"0,2","0,7",10,1540,Boss,NULL,70,145,440,620,292,1,0,EPalBattleBGMType_FieldBoss,0,0,350,1,5,25,90,1,0,0,9,0,1,100,50,1160,2,0,0,0,3,0,0,0,0,0,0,2,0,NULL,NULL,NULL,NULL
Chillet,Whirling Weasel,medium,3,NULL,2,0,0,0,0,0,1,0,0,0,1,0,0,null,NULL,NULL,NULL,"0,4","0,91",10,1000,NotInterested,NULL,30,60,300,400,180,1,0,EPalBattleBGMType_FieldBoss,0,0,150,1,2,25,90,1,0,0,9,0,1,100,50,1490,0,1,0,0,0,0,0,0,0,0,0,0,0,NULL,NULL,NULL,NULL
Univolt,thunder wildebeest,medium,5,NULL,3,0,0,0,1,0,0,1,0,0,0,0,0,null,NULL,NULL,NULL,"0,4","0,7",10,1920,Boss,NULL,90,180,800,1050,460,1,0,EPalBattleBGMType_FieldBoss,0,0,225,1,3,25,90,1,0,0,9,1,1,70,50,1060,0,0,0,0,0,1,0,0,0,0,0,0,0,NULL,NULL,NULL,NULL
Foxcicle,blowing snow fox,Small,3,NULL,2,0,0,0,0,0,0,0,0,0,1,0,0,null,NULL,NULL,NULL,"0,2","0,7",10,1570,Boss,NULL,100,160,600,900,365,1,0,EPalBattleBGMType_FieldBoss,0,0,225,1,3,25,90,1,0,1,9,1,1,100,50,1150,0,0,0,0,0,2,0,1,0,0,0,0,0,NULL,NULL,NULL,NULL
Pyrin,fire unicorn,big,5,NULL,3,1,0,0,0,0,0,1,0,0,0,0,0,null,NULL,NULL,NULL,"0,2","0,7",10,7960,Boss,NULL,-1,-1,-1,-1,-1,1,0,EPalBattleBGMType_FieldBoss,0,0,475,1,7,25,90,1,0,0,0,0,1,100,50,0,0,0,0,0,0,2,0,0,3,0,0,0,0,NULL,NULL,NULL,NULL
Pyrin Noct,evil unicorn,big,5,yes,3,1,0,0,0,0,0,1,0,0,0,0,0,null,NULL,NULL,NULL,"0,2","0,7",10,2010,Boss,NULL,66,100,550,720,250,1,0,EPalBattleBGMType_FieldBoss,0,0,225,1,3,25,90,1,0,0,9,1,1,100,50,1040,0,0,0,0,1,0,2,0,0,0,0,3,0,PAL_rude,NULL,NULL,NULL
Reindrix,Deer in severe winter,medium,7,NULL,4,0,0,0,0,0,0,1,0,0,1,0,0,null,NULL,NULL,NULL,"0,2","0,7",10,6510,Boss,NULL,-1,-1,-1,-1,-1,1,0,EPalBattleBGMType_FieldBoss,0,0,475,1,7,25,90,1,0,0,9,0,1,100,50,0,0,0,0,0,0,0,0,0,0,1,0,0,0,NULL,NULL,NULL,NULL
Rayhound,thunder dog,medium,5,NULL,2,0,0,0,1,0,0,0,0,0,0,0,0,null,NULL,NULL,NULL,"0,2","0,7",10,9450,NotInterested,NULL,100,135,430,700,282,1,0,EPalBattleBGMType_FieldBoss,0,0,525,1,8,25,90,1,0,0,9,0,1,100,50,300,0,0,2,0,0,0,2,2,0,0,0,0,0,NULL,NULL,NULL,NULL
Kitsun,Blue Flame Wolf,medium,4,NULL,2,1,0,0,0,0,0,0,0,0,0,0,0,null,NULL,NULL,NULL,"0,2","0,7",10,9710,NotInterested,NULL,100,135,430,700,282,1,0,EPalBattleBGMType_FieldBoss,0,0,525,1,8,25,90,1,0,0,9,0,1,100,50,290,0,0,0,0,0,0,2,2,0,0,2,0,0,NULL,NULL,NULL,NULL
Dazzi,Thunder Boy,smallest,2,NULL,3,0,0,0,1,1,0,0,0,0,0,0,1,300,NULL,NULL,NULL,"0,2","0,7",10,6200,Boss,NULL,50,100,500,800,275,1,0,EPalBattleBGMType_FieldBoss,0,0,350,1,5,25,90,1,0,0,9,0,1,100,50,430,0,0,2,0,2,0,2,0,0,0,0,3,0,NULL,NULL,NULL,NULL
Lunaris,Mystia,medium,2,NULL,5,0,0,0,0,1,1,0,0,0,0,0,1,315,NULL,NULL,NULL,"0,2","0,7",10,6610,Boss,NULL,50,100,500,800,275,1,0,EPalBattleBGMType_FieldBoss,0,0,350,1,5,25,90,1,0,0,9,0,1,100,50,390,0,0,0,2,2,0,2,0,0,0,0,3,0,NULL,NULL,NULL,NULL
Dinossom,Corolla dragon,big,6,NULL,5,0,0,1,0,0,0,1,0,0,0,0,0,null,NULL,NULL,NULL,"0,2","0,7",10,2200,Boss,NULL,50,195,500,700,275,1,0,EPalBattleBGMType_FieldBoss,0,0,225,1,3,25,90,1,0,0,9,0,1,100,50,990,0,0,2,0,3,3,2,0,0,0,0,2,0,NULL,NULL,NULL,NULL
Dinossom Lux,Thunder Guanlong,big,6,NULL,4,0,0,0,1,0,0,1,0,0,0,0,0,null,NULL,NULL,NULL,"0,2","0,7",10,1510,Boss,NULL,-1,-1,-1,-1,-1,1,0,EPalBattleBGMType_FieldBoss,0,0,350,1,5,25,90,1,0,0,9,0,1,100,50,0,0,0,0,0,0,0,0,0,0,0,0,0,0,NULL,NULL,NULL,NULL
Surfent,water-sliding snake,medium,5,NULL,2,0,1,0,0,0,0,0,0,0,0,0,0,null,NULL,NULL,NULL,"0,2","0,7",10,7840,Boss,NULL,100,100,700,1200,450,1,0,EPalBattleBGMType_FieldBoss,0,0,525,1,8,25,90,1,0,1,9,1,1,170,50,190,0,0,0,0,0,0,0,0,0,0,0,3,0,NULL,NULL,NULL,NULL
Surfent Terra,quicksand snake,medium,5,NULL,1,0,0,0,0,0,1,0,0,0,0,0,0,null,NULL,NULL,NULL,"0,4","0,7",10,6300,Boss,NULL,150,150,600,850,450,1,0,EPalBattleBGMType_FieldBoss,0,0,475,1,7,25,90,1,0,0,9,1,1,100,50,420,0,0,0,0,0,2,0,0,0,0,0,0,0,NULL,NULL,NULL,NULL
Maraith,Soul Eater,medium,3,yes,3,0,0,0,0,0,1,0,1,0,0,0,0,null,NULL,NULL,NULL,"0,4","0,84",10,1060,NotInterested,NULL,30,60,400,550,215,1,0,EPalBattleBGMType_FieldBoss,0,0,150,1,2,25,90,1,0,0,9,0,1,100,50,1370,0,0,0,1,0,0,0,0,0,0,0,0,0,NULL,NULL,NULL,NULL
Digtoise,Rock Crusher Turtle,medium,5,NULL,3,0,0,0,0,0,0,0,1,0,0,0,0,null,NULL,NULL,NULL,"0,2","0,7",10,1070,NotInterested,NULL,30,60,400,550,215,1,0,EPalBattleBGMType_FieldBoss,0,0,150,1,2,25,90,1,0,0,9,0,1,100,50,1360,0,0,0,0,0,0,0,0,0,0,1,0,0,NULL,NULL,NULL,NULL
Tombat,cat bat monster,medium,5,yes,6,0,0,0,0,0,1,0,1,0,0,0,1,270,NULL,NULL,NULL,"0,2","0,7",10,6830,Boss,NULL,55,110,500,600,110,1,0,EPalBattleBGMType_FieldBoss,0,0,400,1,6,25,90,1,0,0,9,0,1,100,85,340,0,0,1,0,1,0,3,0,0,0,0,3,0,Deffence_up1,NULL,NULL,NULL
Lovander,fraternity lizard,big,5,yes,7,0,0,0,0,1,0,0,1,1,0,0,1,460,NULL,NULL,NULL,"0,2","0,7",10,6720,Boss,NULL,150,200,1000,1500,500,1,0,EPalBattleBGMType_FieldBoss,0,0,525,1,8,25,90,1,0,0,9,0,1,230,50,370,3,0,0,0,0,0,0,0,0,0,0,3,0,NULL,NULL,NULL,NULL
Flambelle,Rong Yan Niang,smallest,2,NULL,4,1,0,0,0,1,0,0,0,0,0,1,1,140,fire breathing organ,1,Rank,"0,2","0,7",10,2800,Boss,NULL,35,70,550,800,310,1,0,EPalBattleBGMType_FieldBoss,0,0,475,1,7,25,90,1,0,0,9,0,1,100,50,880,0,0,0,0,0,0,2,0,0,0,2,0,0,NULL,NULL,NULL,NULL
Vanwyrm,Fenggelong,big,6,yes,4,1,0,0,0,0,0,0,0,0,0,0,1,475,NULL,NULL,NULL,"0,2","0,7",10,3730,NotInterested,NULL,65,130,600,750,315,1,0,EPalBattleBGMType_FieldBoss,0,0,225,1,3,25,90,1,0,0,9,0,1,100,50,760,0,0,0,0,0,0,0,0,0,0,2,0,0,NULL,NULL,NULL,NULL
Vanwyrm Cryst,Frost Song Dragon,big,6,yes,5,0,0,0,0,0,0,0,0,0,1,0,1,475,NULL,NULL,NULL,"0,1","0,7",10,8440,Boss,NULL,120,120,1000,1600,440,1,0,EPalBattleBGMType_Legend,0,0,475,1,7,25,90,1,0,0,9,0,1,300,50,120,0,0,0,0,0,0,0,0,0,0,4,0,0,Legend,ElementBoost_Ice_2_PAL,NULL,NULL
Bushi,Wave Blade Samurai,medium,4,NULL,9,1,0,0,0,1,1,1,0,0,0,0,1,320,NULL,NULL,NULL,"0,1","0,7",10,8560,Boss,NULL,120,120,1000,1600,440,1,0,EPalBattleBGMType_Legend,0,0,475,1,7,25,90,1,0,1,9,0,1,300,50,100,0,0,0,0,0,4,0,0,0,0,0,0,0,Legend,NULL,NULL,NULL
Beakon,Thunderbird,big,7,NULL,6,0,0,0,1,0,1,0,0,0,0,0,1,375,NULL,NULL,NULL,"0,1","0,7",10,8680,Boss,NULL,600,800,1700,3300,1250,1,0,EPalBattleBGMType_Legend,0,0,600,1,9,25,90,1,0,0,9,0,1,100,50,90,0,0,0,0,0,3,0,0,3,0,0,0,0,Legend,ElementBoost_Dragon_2_PAL,NULL,NULL
Ragnahawk,Flamingo,big,7,NULL,6,1,0,0,0,0,0,0,0,0,0,0,1,375,NULL,NULL,NULL,"0,2","0,7",10,1260,NotInterested,NULL,50,100,700,900,400,1,0,EPalBattleBGMType_FieldBoss,0,0,100,1,1,25,90,1,0,0,9,0,1,100,50,1260,0,1,0,0,0,0,0,0,0,0,0,0,0,NULL,NULL,NULL,NULL
Katress,dark witch cat,medium,5,yes,6,0,0,0,0,1,0,0,0,1,0,0,1,292,NULL,NULL,NULL,"0,2","0,7",10,1240,NotInterested,NULL,50,100,700,900,400,1,0,EPalBattleBGMType_FieldBoss,0,0,100,1,1,25,90,1,0,0,9,0,1,100,50,1270,1,0,0,0,0,0,0,0,0,0,0,0,0,NULL,NULL,NULL,NULL
Wixen,Flame Witch Fox,medium,5,NULL,7,1,0,0,0,1,0,0,0,0,0,0,1,292,NULL,NULL,NULL,"0,2","0,7",10,5800,NotInterested,NULL,80,80,500,800,290,1,0,EPalBattleBGMType_FieldBoss,0,0,475,1,7,25,90,1,0,0,9,0,1,100,90,470,0,0,0,0,0,1,0,0,0,0,0,0,0,NULL,NULL,NULL,NULL
Verdash,spring rabbit,medium,3,NULL,12,0,0,1,0,1,1,1,0,0,0,0,1,275,NULL,NULL,NULL,"0,2","0,7",10,6100,NotInterested,NULL,80,80,500,800,290,1,0,EPalBattleBGMType_FieldBoss,0,0,475,1,7,25,90,1,0,0,9,0,1,100,90,440,0,0,0,0,0,1,0,0,0,0,3,0,0,NULL,NULL,NULL,NULL
Vaelet,Verita,medium,3,NULL,10,0,0,1,0,1,1,0,0,1,0,0,1,275,NULL,NULL,NULL,"0,2","0,7",10,10520,Boss,NULL,150,400,700,1000,500,1,0,EPalBattleBGMType_FieldBoss,0,0,600,1,9,25,90,1,0,0,9,0,1,100,50,10,3,0,0,0,0,0,0,4,0,0,0,0,0,ElementBoost_Fire_2_PAL,NULL,NULL,NULL
Sibelyx,silk moth,big,5,NULL,5,0,0,0,0,0,0,0,0,1,1,1,0,null,high quality cloth,1,Rank,"0,2","0,63",10,4280,Boss,NULL,80,130,720,1200,425,1,0,EPalBattleBGMType_FieldBoss,0,0,350,1,5,25,90,1,0,0,9,0,1,100,50,680,0,0,0,2,0,0,1,0,0,0,0,0,0,NULL,NULL,NULL,NULL
Elphidran,Faerie Dragon,big,6,NULL,2,0,0,0,0,0,0,1,0,0,0,0,0,null,NULL,NULL,NULL,"0,4","0,77",10,2560,NotInterested,NULL,40,80,400,550,240,1,0,EPalBattleBGMType_FieldBoss,0,0,150,1,2,25,90,1,0,0,9,0,1,100,50,1400,1,0,0,0,0,0,0,0,0,0,0,0,0,NULL,NULL,NULL,NULL
Elphidran Aqua,Water Spirit Dragon,big,6,NULL,5,0,1,0,0,0,0,1,0,0,0,0,0,null,NULL,NULL,NULL,"0,2","0,77",10,2500,NotInterested,NULL,65,98,250,375,140,1,0,EPalBattleBGMType_FieldBoss,0,0,150,1,2,25,90,1,0,0,9,0,1,100,50,1405,1,0,0,0,1,0,0,0,0,0,0,1,1,NULL,NULL,NULL,NULL
Kelpsea Ignis,Huo Linger,smallest,1,NULL,1,1,0,0,0,0,0,0,0,0,0,0,0,null,NULL,NULL,NULL,"0,4","0,7",10,4690,NotInterested,NULL,100,150,450,600,300,1,0,EPalBattleBGMType_FieldBoss,0,0,300,1,4,25,90,1,0,0,9,0,1,100,50,895,0,1,0,0,0,0,0,2,1,0,0,1,0,NULL,NULL,NULL,NULL
Kelpsea,Shui Linger,smallest,1,NULL,1,0,1,0,0,0,0,0,0,0,0,0,0,null,NULL,NULL,NULL,"0,2","0,7",10,10240,Boss,NULL,40,60,650,900,150,1,0,EPalBattleBGMType_FieldBoss,0,0,475,1,7,25,90,1,0,0,9,1,1,100,50,280,0,2,0,0,0,0,0,0,0,0,0,1,0,PAL_FullStomach_Up_1,NULL,NULL,NULL
Azurobe,Bihailong,big,6,NULL,3,0,1,0,0,0,0,0,0,0,0,0,0,null,NULL,NULL,NULL,"0,2","0,7",10,10380,Boss,NULL,40,60,650,900,150,1,0,EPalBattleBGMType_FieldBoss,0,0,475,1,7,25,90,1,0,0,9,1,1,100,50,270,0,0,0,3,0,0,0,0,0,0,0,1,0,NULL,NULL,NULL,NULL
Cryolinx,Ice Thorn Beast,big,7,NULL,6,0,0,0,0,1,0,1,0,0,1,0,0,null,NULL,NULL,NULL,"0,2","0,7",10,7160,Boss,NULL,60,100,450,550,275,1,0,EPalBattleBGMType_FieldBoss,0,0,400,1,6,25,90,1,0,0,9,0,1,100,30,250,0,0,4,0,3,2,0,0,0,3,0,0,0,ElementBoost_Leaf_2_PAL,NULL,NULL,NULL
Blazehowl,Hellfire King,big,7,NULL,5,1,0,0,0,0,0,1,0,0,0,0,0,null,NULL,NULL,NULL,"0,2","0,7",10,7610,Boss,NULL,60,100,450,550,275,1,0,EPalBattleBGMType_FieldBoss,0,0,400,1,6,25,90,1,0,0,9,0,1,100,30,210,0,0,0,0,3,2,0,0,0,3,0,0,0,NULL,NULL,NULL,NULL
Blazehowl Noct,Hell King,big,7,yes,5,1,0,0,0,0,0,1,0,0,0,0,0,null,NULL,NULL,NULL,"0,2","0,7",10,1140,NotInterested,NULL,50,100,400,550,250,1,0,EPalBattleBGMType_FieldBoss,0,0,350,1,5,25,90,1,0,0,9,0,1,100,50,1320,0,0,1,0,1,1,0,0,0,2,0,1,0,NULL,NULL,NULL,NULL
Relaxaurus,Pecorone,maximum,7,NULL,3,0,1,0,0,0,0,0,0,0,0,0,1,150,NULL,NULL,NULL,"0,4","0,7",10,1720,Boss,NULL,100,140,600,800,270,1,0,EPalBattleBGMType_FieldBoss,0,0,225,1,3,25,90,1,0,1,9,1,1,100,50,1120,0,0,0,0,1,1,0,0,0,0,0,1,0,NULL,NULL,NULL,NULL
Relaxaurus Lux,Parker,maximum,7,NULL,4,0,0,0,1,0,0,0,0,0,0,0,1,150,NULL,NULL,NULL,"0,2","0,7",10,1640,Boss,NULL,100,140,400,550,270,1,0,EPalBattleBGMType_FieldBoss,0,0,225,1,3,25,90,1,0,0,9,1,1,100,50,1140,1,0,0,0,1,1,0,0,0,0,0,1,0,NULL,NULL,NULL,NULL
Broncherry,Lian Lilong,maximum,7,NULL,3,0,0,1,0,0,0,0,0,0,0,0,0,null,NULL,NULL,NULL,"0,2","0,7",10,4040,Boss,NULL,90,180,750,1000,465,1,0,EPalBattleBGMType_FieldBoss,0,0,475,1,7,25,90,1,0,0,9,1,1,100,50,710,3,0,0,0,0,0,2,0,0,0,0,0,0,NULL,NULL,NULL,NULL
Broncherry Aqua,Allother,maximum,7,NULL,3,0,1,0,0,0,0,0,0,0,0,0,0,null,NULL,NULL,NULL,"0,2","0,7",10,4360,Boss,NULL,60,90,750,1000,420,1,0,EPalBattleBGMType_FieldBoss,0,0,475,1,7,25,90,1,0,1,9,1,1,100,50,670,3,0,0,0,0,0,2,0,0,0,0,0,0,NULL,NULL,NULL,NULL
Petallia,Hualina,medium,3,NULL,10,0,0,1,0,1,1,0,0,1,0,0,1,350,NULL,NULL,NULL,"0,4","0,77",10,1280,NotInterested,NULL,48,48,300,400,174,1,0,EPalBattleBGMType_FieldBoss,0,0,150,1,2,25,90,1,0,0,9,0,1,100,50,1250,0,0,1,0,1,1,1,0,0,0,0,1,0,NULL,NULL,NULL,NULL
Reptyro,Lava Beast,big,5,NULL,6,1,0,0,0,0,0,0,1,0,0,0,0,null,NULL,NULL,NULL,"0,4","0,77",10,1110,NotInterested,NULL,55,100,250,400,175,1,0,EPalBattleBGMType_FieldBoss,0,0,150,1,2,25,90,1,0,0,9,0,1,100,50,1300,0,0,0,0,0,1,0,0,0,0,1,0,0,NULL,NULL,NULL,NULL
Ice Reptyro,Frost Beast,big,5,NULL,6,0,0,0,0,0,0,0,1,0,1,0,0,null,NULL,NULL,NULL,"0,4","0,7",10,6000,NotInterested,NULL,60,120,300,600,210,1,0,EPalBattleBGMType_FieldBoss,0,0,225,1,3,25,90,1,0,0,9,0,1,100,50,410,0,0,0,0,0,2,0,0,0,0,2,0,0,NULL,NULL,NULL,NULL
Kingpaca,King Melupa,maximum,7,NULL,1,0,0,0,0,0,1,0,0,0,0,0,0,null,NULL,NULL,NULL,"0,2","0,7",10,1760,Boss,NULL,80,130,500,650,315,1,0,EPalBattleBGMType_FieldBoss,0,0,150,1,2,25,90,1,0,0,9,0,1,100,50,1110,0,0,0,0,3,1,0,0,0,0,0,1,0,NULL,NULL,NULL,NULL
Ice Kingpaca,Ice Emperor Melpa,maximum,7,NULL,4,0,0,0,0,0,1,0,0,0,1,0,0,null,NULL,NULL,NULL,"0,2","0,7",10,5510,NotInterested,NULL,32,64,600,900,332,1,0,EPalBattleBGMType_FieldBoss,0,0,300,1,4,25,90,1,0,0,9,0,1,100,50,510,0,0,0,0,0,2,0,0,0,0,0,0,0,NULL,NULL,NULL,NULL
Mammorest,Mammoth,maximum,8,NULL,6,0,0,1,0,0,0,1,1,0,0,0,0,null,NULL,NULL,NULL,"0,4","0,7",10,1050,Boss,NULL,10,10,300,400,100,1,0,EPalBattleBGMType_FieldBoss,0,0,150,1,2,25,90,1,0,1,9,0,1,100,50,1380,0,0,0,0,1,0,0,1,0,0,0,1,0,NULL,NULL,NULL,NULL
Mammorest Cryst,snow mammoth,maximum,8,NULL,6,0,0,0,0,0,0,1,1,0,1,0,0,null,NULL,NULL,NULL,"0,4","0,7",10,1200,NotInterested,NULL,60,120,400,550,260,1,0,EPalBattleBGMType_FieldBoss,0,0,225,1,3,25,90,1,0,1,9,0,1,100,50,1290,0,0,0,0,0,1,0,0,0,0,0,2,0,NULL,NULL,NULL,NULL
Wumpo Botan,Green Moss Velvet,big,8,NULL,10,0,0,1,0,1,0,1,0,0,0,0,1,150,NULL,NULL,NULL,"0,4","0,7",10,1480,NotInterested,NULL,30,60,300,500,164,1,0,EPalBattleBGMType_FieldBoss,0,0,150,1,2,25,90,1,0,0,9,0,1,100,50,1180,0,0,0,0,0,1,0,0,0,0,0,0,0,NULL,NULL,NULL,NULL
Wumpo,White Velvet Snow Monster,big,8,NULL,11,0,0,0,0,1,0,1,0,0,1,0,1,150,NULL,NULL,NULL,"0,4","0,63",10,1080,NotInterested,NULL,30,60,500,650,265,1,0,EPalBattleBGMType_FieldBoss,0,0,150,1,2,25,90,1,0,0,9,0,1,100,50,1350,0,1,0,0,1,0,0,0,0,0,1,1,0,NULL,NULL,NULL,NULL
Warsect,Kaigres,big,6,NULL,8,0,0,1,0,1,0,1,0,0,0,0,1,110,NULL,NULL,NULL,"0,4","1,05",10,1000,NotInterested,NULL,30,60,400,550,160,1,0,EPalBattleBGMType_FieldBoss,0,0,150,1,2,25,90,1,0,0,9,0,1,100,50,1460,0,0,0,0,1,1,0,1,0,0,0,1,0,PAL_ALLAttack_down1,NULL,NULL,NULL
Fenglope,Cloud sea deer,Small,6,NULL,2,0,0,0,0,0,0,1,0,0,0,0,0,null,NULL,NULL,NULL,"0,2","0,7",10,3660,Boss,NULL,-1,-1,-1,-1,-1,1,0,EPalBattleBGMType_FieldBoss,0,0,350,1,5,25,90,1,0,0,9,0,1,100,50,0,0,0,0,0,0,0,0,0,0,0,0,0,0,NULL,NULL,NULL,NULL
Felbat,Night Mephit,medium,5,yes,3,0,0,0,0,0,0,0,0,1,0,0,0,null,NULL,NULL,NULL,"0,2","0,7",10,2450,Boss,NULL,90,170,750,850,460,1,0,EPalBattleBGMType_FieldBoss,0,0,350,1,5,25,90,1,0,1,9,0,1,100,30,940,0,0,0,0,2,0,0,1,0,2,0,2,0,ElementResist_Normal_1_PAL,NULL,NULL,NULL
Quivern,Tianyulong,big,4,NULL,8,0,0,0,0,1,1,0,1,0,0,0,1,470,NULL,NULL,NULL,"0,2","0,7",10,1160,NotInterested,NULL,50,100,245,350,172,1,0,EPalBattleBGMType_FieldBoss,0,0,150,1,2,25,90,1,0,0,9,0,1,100,50,1310,0,0,0,0,1,1,0,0,0,0,0,1,0,NULL,NULL,NULL,NULL
Blazamut,Flame Glory,maximum,9,NULL,7,1,0,0,0,0,0,0,1,0,0,0,0,null,NULL,NULL,NULL,"0,4","0,91",10,1310,NotInterested,NULL,50,50,300,400,175,1,0,EPalBattleBGMType_FieldBoss,0,0,100,1,1,25,90,1,0,0,9,0,1,100,50,1240,0,0,1,0,0,0,0,0,0,0,0,0,0,NULL,NULL,NULL,NULL
Helzephyr,Thunderbird,big,8,yes,3,0,0,0,0,0,0,0,0,0,0,0,1,450,NULL,NULL,NULL,"0,4","0,91",10,1310,NotInterested,NULL,50,50,300,400,175,1,0,EPalBattleBGMType_FieldBoss,0,0,100,1,1,25,90,1,0,0,9,0,1,100,50,1240,0,0,1,0,0,0,0,0,0,0,0,0,0,NULL,NULL,NULL,NULL
Astegon,Demon Dragon,maximum,9,yes,5,0,0,0,0,1,0,0,1,0,0,0,0,null,NULL,NULL,NULL,"0,2","0,7",10,6830,Boss,NULL,150,250,450,550,350,1,0,EPalBattleBGMType_FieldBoss,0,0,475,1,7,25,90,1,0,0,9,0,1,100,10,330,0,0,2,0,2,2,1,0,0,2,0,0,0,NULL,NULL,NULL,NULL
Menasting,Dark Armored Scorpion,big,7,yes,5,0,0,0,0,0,0,1,1,0,0,0,0,null,NULL,NULL,NULL,"0,2","0,7",10,1390,NotInterested,NULL,120,200,400,550,300,1,0,EPalBattleBGMType_FieldBoss,0,0,150,1,2,25,90,1,0,0,9,0,1,100,20,1210,0,0,0,1,1,0,0,0,0,0,0,1,0,NULL,NULL,NULL,NULL
Anubis,Anubis,medium,6,NULL,9,0,0,0,0,1,0,0,1,0,0,0,1,480,NULL,NULL,NULL,"0,2","0,7",10,6720,Boss,NULL,100,200,800,1400,375,1,0,EPalBattleBGMType_FieldBoss,0,0,475,1,7,25,90,1,0,0,0,1,1,150,50,380,3,0,0,0,0,0,0,0,0,0,0,3,0,NULL,NULL,NULL,NULL
Jormuntide Ignis,Teng Yanlong,maximum,7,NULL,4,1,0,0,0,0,0,0,0,0,0,0,0,null,NULL,NULL,NULL,"0,2","0,7",10,2050,Boss,NULL,100,100,600,750,400,1,0,EPalBattleBGMType_FieldBoss,0,0,225,1,3,25,90,1,0,0,9,0,1,100,50,1020,0,0,1,0,2,2,1,0,0,1,0,2,0,NULL,NULL,NULL,NULL
Jormuntide,Sea-covering dragon,maximum,7,NULL,4,0,1,0,0,0,0,0,0,0,0,0,0,null,NULL,NULL,NULL,"0,2","0,7",10,2150,Boss,NULL,100,100,600,750,400,1,0,EPalBattleBGMType_FieldBoss,0,0,225,1,3,25,90,1,0,0,9,0,1,100,50,1000,0,0,0,0,2,2,1,0,0,1,0,2,0,NULL,NULL,NULL,NULL
Suzaku,Suzaku,maximum,8,NULL,3,1,0,0,0,0,0,0,0,0,0,0,0,null,NULL,NULL,NULL,"0,2","0,7",10,4520,Boss,NULL,80,160,600,900,320,1,0,EPalBattleBGMType_FieldBoss,0,0,300,1,4,25,90,1,0,0,9,0,1,100,50,640,2,0,0,0,1,1,3,0,0,0,0,2,0,NULL,NULL,NULL,NULL
Suzaku Aqua,Qingque,maximum,8,NULL,3,0,1,0,0,0,0,0,0,0,0,0,0,null,NULL,NULL,NULL,"0,1","0,7",10,8810,Boss,NULL,50,100,800,1400,450,1,0,EPalBattleBGMType_Legend,0,0,600,1,9,25,90,1,0,0,9,0,1,100,50,80,0,0,0,0,0,0,2,2,0,0,0,0,0,Legend,ElementBoost_Normal_2_PAL,NULL,NULL
Grizzbolt,Lightning Bear,big,7,NULL,10,0,0,0,1,1,0,1,0,0,0,0,1,210,NULL,NULL,NULL,"0,2","0,7",10,2920,NotInterested,NULL,50,75,350,600,200,1,0,EPalBattleBGMType_FieldBoss,0,0,475,1,7,25,90,1,0,0,9,0,1,100,50,860,0,0,3,0,0,0,0,0,0,0,0,0,0,NULL,NULL,NULL,NULL
Lyleen,lily queen,big,6,NULL,12,0,0,1,0,1,1,0,0,1,0,0,0,null,NULL,NULL,NULL,"0,2","0,7",10,3110,NotInterested,NULL,50,75,350,600,200,1,0,EPalBattleBGMType_FieldBoss,0,0,475,1,7,25,90,1,0,0,9,0,1,100,50,840,0,3,0,0,0,0,0,0,0,0,0,0,0,NULL,NULL,NULL,NULL
Lyleen Noct,black moon queen,big,6,NULL,8,0,0,0,0,1,1,0,0,1,0,0,0,null,NULL,NULL,NULL,"0,2","0,7",10,8080,Boss,NULL,-1,-1,-1,-1,-1,1,0,EPalBattleBGMType_FieldBoss,0,0,300,1,4,25,90,1,0,1,9,0,1,100,50,0,0,0,0,0,0,1,3,0,2,1,0,0,0,NULL,NULL,NULL,NULL
Faleris,Horus,big,8,NULL,6,1,0,0,0,0,0,0,0,0,0,0,1,500,NULL,NULL,NULL,"0,2","0,7",10,5050,NotInterested,NULL,100,200,500,750,350,1,0,EPalBattleBGMType_FieldBoss,0,0,350,1,5,25,90,1,0,0,9,1,1,100,50,560,0,2,0,0,0,0,0,0,0,0,0,0,0,NULL,NULL,NULL,NULL
Orserk,Pollux,big,7,NULL,9,0,0,0,1,1,0,0,0,0,0,0,1,250,NULL,NULL,NULL,"0,2","0,7",10,5140,NotInterested,NULL,100,200,500,750,350,1,0,EPalBattleBGMType_FieldBoss,0,0,350,1,5,25,90,1,0,0,9,1,1,100,50,550,0,0,0,0,0,1,0,0,0,0,0,0,0,NULL,NULL,NULL,NULL
Shadowbeak,Heterogeneous Griffin,big,8,yes,1,0,0,0,0,0,1,0,0,0,0,0,0,null,NULL,NULL,NULL,"0,2","0,7",10,1840,Boss,NULL,50,80,400,500,120,1,0,EPalBattleBGMType_FieldBoss,0,0,225,1,3,25,90,1,0,0,9,1,1,100,50,1090,0,2,0,0,1,0,0,0,0,0,0,1,0,NULL,NULL,NULL,NULL
Paladius,Knight of Light,big,9,NULL,4,0,0,0,0,0,0,1,1,0,0,0,0,null,NULL,NULL,NULL,"0,2","0,7",10,1800,Boss,NULL,50,80,400,500,120,1,0,EPalBattleBGMType_FieldBoss,0,0,225,1,3,25,90,1,0,0,9,1,1,100,50,1100,2,0,0,0,1,0,0,0,0,0,0,1,0,NULL,NULL,NULL,NULL
Necromus,Chaos Knight,big,9,yes,4,0,0,0,0,0,0,1,1,0,0,0,0,null,NULL,NULL,NULL,"0,4","1,05",10,1000,NotInterested,NULL,23,40,400,550,160,1,0,EPalBattleBGMType_FieldBoss,0,0,150,1,2,25,90,1,0,0,9,0,1,100,50,1470,0,0,0,0,1,0,0,0,0,0,0,1,1,NULL,NULL,NULL,NULL
Frostallion,Winter Caller,big,7,NULL,4,0,0,0,0,0,0,0,0,0,1,0,0,null,NULL,NULL,NULL,"0,2","0,7",10,4440,Boss,NULL,-1,-1,-1,-1,-1,1,0,EPalBattleBGMType_FieldBoss,0,0,300,1,4,25,90,1,0,0,9,0,1,100,50,0,0,0,0,0,3,2,2,0,0,1,0,2,0,NULL,NULL,NULL,NULL
Frostallion Noct,Night Caller,big,7,yes,4,0,0,0,0,0,1,0,0,0,0,0,0,null,NULL,NULL,NULL,"0,2","0,7",10,6830,Boss,NULL,120,240,800,1050,470,1,0,EPalBattleBGMType_FieldBoss,0,0,300,1,4,25,90,1,0,0,9,0,1,220,50,350,0,0,0,0,1,2,0,2,0,0,0,3,0,NULL,NULL,NULL,NULL
Jetragon,Vortex Dragon,maximum,9,NULL,3,0,0,0,0,0,1,0,0,0,0,0,0,null,NULL,NULL,NULL,"0,2","0,7",10,1880,Boss,NULL,125,250,450,550,350,1,0,EPalBattleBGMType_FieldBoss,0,0,225,1,3,25,90,1,0,0,9,0,1,100,10,1070,0,0,1,0,1,1,1,0,0,1,0,2,1,NULL,NULL,NULL,NULL
,,,,,,,,,8,Fire,NULL,EPalGenusCategoryType_Bird,EPalOrganizationType_None,EPalWeaponType_None,0,120,100,105,105,100,100,"0,2","0,7",10,9840,Boss,NULL,100,200,850,1200,450,1,0,EPalBattleBGMType_FieldBoss,0,0,525,1,8,25,90,1,0,0,9,0,1,350,50,50,3,0,0,0,0,0,0,0,0,0,0,0,0,NULL,NULL,NULL,NULL
,,,,,,,,,9,Water,NULL,EPalGenusCategoryType_Bird,EPalOrganizationType_None,EPalWeaponType_None,0,125,100,105,105,100,100,"0,2","0,7",10,10110,Boss,NULL,100,200,850,1200,450,1,0,EPalBattleBGMType_FieldBoss,0,0,525,1,8,25,90,1,0,0,9,0,1,350,50,30,0,3,0,0,0,0,0,0,0,0,0,0,0,NULL,NULL,NULL,NULL
,,,,,,,,,3,Normal,NULL,EPalGenusCategoryType_FourLegged,EPalOrganizationType_None,EPalWeaponType_None,0,70,70,70,90,100,100,"0,2","0,7",10,1450,NotInterested,NULL,50,100,300,400,200,1,0,EPalBattleBGMType_FieldBoss,0,0,150,1,2,25,90,1,0,0,9,0,1,100,50,1190,0,0,0,0,0,0,0,0,0,0,0,0,1,NULL,NULL,NULL,NULL
,,,,,,,,,0,Water,NULL,EPalGenusCategoryType_Other,EPalOrganizationType_None,EPalWeaponType_None,0,100,100,100,100,100,100,"0,2","0,7",10,2300,Boss,NULL,-1,-1,-1,-1,-1,1,0,EPalBattleBGMType_FieldBoss,0,0,300,1,4,25,90,1,0,0,9,0,1,100,50,0,0,0,0,0,0,0,0,1,0,0,0,2,0,NULL,NULL,NULL,NULL
,,,,,,,,,6,Electricity,NULL,EPalGenusCategoryType_Bird,EPalOrganizationType_None,EPalWeaponType_None,0,105,100,115,80,100,100,"0,2","0,7",10,7490,Boss,NULL,100,200,750,1300,375,1,0,EPalBattleBGMType_FieldBoss,0,0,475,1,7,25,90,1,0,0,9,1,1,160,50,220,0,0,0,2,0,1,0,0,0,0,0,3,0,NULL,NULL,NULL,NULL
,,,,,,,,,5,Electricity,NULL,EPalGenusCategoryType_FourLegged,EPalOrganizationType_None,EPalWeaponType_None,0,90,100,100,80,100,100,"0,2","0,7",10,3880,Boss,NULL,110,210,700,1200,455,1,0,EPalBattleBGMType_FieldBoss,0,0,350,1,5,25,90,1,0,0,9,1,1,100,50,740,0,0,0,2,0,0,0,0,0,0,0,0,0,NULL,NULL,NULL,NULL
,,,,,,,,,9,Dragon,Electricity,EPalGenusCategoryType_Humanoid,EPalOrganizationType_None,EPalWeaponType_None,0,100,100,130,100,100,100,"0,2","0,7",10,8320,Boss,NULL,100,185,900,1200,250,1,0,EPalBattleBGMType_FieldBoss,0,0,475,1,7,25,90,1,0,0,9,1,1,100,50,140,0,0,0,4,2,0,0,0,0,0,0,3,0,ElementBoost_Thunder_2_PAL,NULL,NULL,NULL
,,,,,,,,,8,Dragon,Water,EPalGenusCategoryType_Fish,EPalOrganizationType_None,EPalWeaponType_None,0,130,150,120,100,100,100,"0,2","0,7",10,9320,Boss,NULL,100,175,525,800,350,1,0,EPalBattleBGMType_FieldBoss,0,0,475,1,7,25,90,1,0,0,9,1,1,100,50,310,0,4,0,0,0,0,0,0,0,0,0,0,0,ElementBoost_Aqua_2_PAL,NULL,NULL,NULL
,,,,,,,,,9,Dragon,Fire,EPalGenusCategoryType_Fish,EPalOrganizationType_None,EPalWeaponType_None,0,130,150,130,100,100,100,"0,2","0,7",10,9320,Boss,NULL,100,175,525,800,350,1,0,EPalBattleBGMType_FieldBoss,0,0,475,1,7,25,90,1,0,0,9,1,1,100,50,315,4,0,0,0,0,0,0,0,0,0,0,0,0,NULL,NULL,NULL,NULL
,,,,,,,,,8,Leaf,NULL,EPalGenusCategoryType_Humanoid,EPalOrganizationType_None,EPalWeaponType_None,0,100,100,100,120,100,100,"0,2","0,7",10,1960,NotInterested,NULL,100,150,400,550,275,1,0,EPalBattleBGMType_FieldBoss,0,0,225,1,3,25,90,1,0,0,9,0,1,100,50,1050,0,0,2,0,2,2,0,0,0,3,0,1,0,NULL,NULL,NULL,NULL
,,,,,,,,,0,Fire,Earth,EPalGenusCategoryType_FourLegged,EPalOrganizationType_None,EPalWeaponType_None,0,110,100,105,120,100,100,"0,2","0,7",10,6940,Boss,NULL,50,80,390,650,235,1,0,EPalBattleBGMType_FieldBoss,0,0,350,1,5,25,90,1,0,0,9,1,1,100,50,320,3,0,0,0,0,0,0,3,0,0,0,0,0,NULL,NULL,NULL,NULL
,,,,,,,,,7,Ice,Earth,EPalGenusCategoryType_FourLegged,EPalOrganizationType_None,EPalWeaponType_None,0,110,100,105,130,100,100,"0,2","0,7",10,7380,Boss,NULL,50,80,390,650,235,1,0,EPalBattleBGMType_FieldBoss,0,0,350,1,5,25,90,1,0,0,9,1,1,100,50,230,0,0,0,0,0,0,0,3,0,0,3,0,0,NULL,NULL,NULL,NULL
,,,,,,,,,0,Fire,NULL,EPalGenusCategoryType_Humanoid,EPalOrganizationType_None,EPalWeaponType_None,0,90,120,90,90,80,100,"0,2","0,7",10,4040,Boss,NULL,-1,-1,-1,-1,-1,1,0,EPalBattleBGMType_FieldBoss,0,0,350,1,5,25,90,1,0,0,9,0,1,100,50,0,0,0,0,0,0,0,0,0,0,0,0,0,0,NULL,NULL,NULL,NULL
,,,,,,,,,4,Ice,Dragon,EPalGenusCategoryType_FourLegged,EPalOrganizationType_None,EPalWeaponType_None,0,90,100,80,80,100,100,"0,4","0,7",10,3310,NotInterested,NULL,100,180,600,900,390,1,0,EPalBattleBGMType_FieldBoss,0,0,225,1,3,25,90,1,0,0,9,0,1,100,50,800,0,0,0,0,0,1,0,0,0,0,1,0,0,NULL,NULL,NULL,NULL
,,,,,,,,,3,Dark,NULL,EPalGenusCategoryType_Humanoid,EPalOrganizationType_None,EPalWeaponType_None,0,80,130,100,80,100,100,"0,2","0,7",10,2400,Boss,NULL,100,150,600,800,375,1,0,EPalBattleBGMType_FieldBoss,0,0,350,1,5,25,90,1,0,1,9,1,1,100,50,950,0,0,0,0,2,0,0,0,0,0,0,0,0,NULL,NULL,NULL,NULL
,,,,,,,,,7,Ice,NULL,EPalGenusCategoryType_Humanoid,EPalOrganizationType_None,EPalWeaponType_None,0,110,90,90,100,90,100,"0,2","0,7",10,5900,Boss,NULL,50,100,400,550,250,1,0,EPalBattleBGMType_FieldBoss,0,0,350,1,5,25,90,1,0,0,9,0,1,100,50,450,0,0,0,0,0,0,0,0,0,2,2,0,1,NULL,NULL,NULL,NULL
,,,,,,,,,7,Ice,NULL,EPalGenusCategoryType_Humanoid,EPalOrganizationType_None,EPalWeaponType_None,0,100,140,100,110,100,100,"0,2","0,7",10,8440,Boss,NULL,100,280,720,900,460,1,0,EPalBattleBGMType_FieldBoss,0,0,475,1,7,25,90,1,0,0,9,1,1,100,50,130,0,0,0,0,1,0,2,0,0,0,3,0,0,NULL,NULL,NULL,NULL
,,,,,,,,,1,Earth,NULL,EPalGenusCategoryType_Other,EPalOrganizationType_None,EPalWeaponType_None,0,80,70,70,70,100,100,"0,2","0,7",10,1020,NotInterested,NULL,50,100,400,550,250,1,0,EPalBattleBGMType_FieldBoss,0,0,150,1,2,25,90,1,0,0,9,0,1,100,50,1420,0,0,0,0,1,1,0,0,0,0,0,2,0,NULL,NULL,NULL,NULL
,,,,,,,,,2,Ice,NULL,EPalGenusCategoryType_Other,EPalOrganizationType_None,EPalWeaponType_None,0,80,70,80,70,100,100,"0,2","0,7",10,1020,NotInterested,NULL,50,100,400,550,250,1,0,EPalBattleBGMType_FieldBoss,0,0,150,1,2,25,90,1,0,0,9,0,1,100,50,1422,0,0,0,0,1,1,0,0,0,0,1,2,0,NULL,NULL,NULL,NULL
,,,,,,,,,0,Earth,NULL,EPalGenusCategoryType_Humanoid,EPalOrganizationType_None,EPalWeaponType_None,0,100,100,100,100,100,100,"0,2","0,7",10,10380,Boss,NULL,-1,-1,-1,-1,-1,1,0,EPalBattleBGMType_FieldBoss,0,0,475,1,7,25,90,1,0,0,9,0,1,100,50,0,0,0,0,0,1,1,0,3,0,0,0,4,0,NULL,NULL,NULL,NULL
,,,,,,,,,1,Dark,NULL,EPalGenusCategoryType_Bird,EPalOrganizationType_None,EPalWeaponType_None,0,70,70,70,80,100,100,"0,4","0,7",10,1050,NotInterested,NULL,26,70,380,550,225,1,0,EPalBattleBGMType_FieldBoss,0,0,225,1,3,25,90,1,0,1,9,0,1,100,50,1390,0,0,0,0,0,1,0,0,0,0,0,0,0,NULL,NULL,NULL,NULL
,,,,,,,,,1,Normal,NULL,EPalGenusCategoryType_FourLegged,EPalOrganizationType_None,EPalWeaponType_None,0,70,100,70,75,100,100,"0,4","0,91",10,1420,NotInterested,NULL,20,40,300,450,170,1,0,EPalBattleBGMType_FieldBoss,0,0,150,1,2,25,90,1,0,0,9,0,1,100,50,1455,0,0,0,0,0,1,0,0,0,0,0,0,1,NULL,NULL,NULL,NULL
,,,,,,,,,7,Ice,NULL,EPalGenusCategoryType_Humanoid,EPalOrganizationType_None,EPalWeaponType_None,0,140,100,80,100,100,100,"0,2","0,7",10,5900,Boss,NULL,70,100,365,650,150,1,0,EPalBattleBGMType_FieldBoss,0,0,525,1,8,25,90,1,0,0,9,1,1,100,50,460,0,0,0,0,2,0,3,0,0,0,2,4,0,NULL,NULL,NULL,NULL
,,,,,,,,,8,Leaf,NULL,EPalGenusCategoryType_Humanoid,EPalOrganizationType_None,EPalWeaponType_None,0,140,100,80,110,100,100,"0,2","0,7",10,5700,Boss,NULL,70,100,365,650,150,1,0,EPalBattleBGMType_FieldBoss,0,0,525,1,8,25,90,1,0,0,9,1,1,100,50,480,0,0,1,0,2,0,3,0,0,0,0,4,0,NULL,NULL,NULL,NULL
,,,,,,,,,0,Earth,NULL,EPalGenusCategoryType_Humanoid,EPalOrganizationType_None,EPalWeaponType_None,0,100,100,100,100,100,100,1,1,1,2350,Escape_to_Battle,NULL,-1,-1,-1,-1,-1,0,0,EPalBattleBGMType_Cute,0,0,225,1,3,25,90,1,0,0,0,0,1,100,50,0,0,0,0,0,2,2,0,1,1,0,0,1,0,NULL,NULL,NULL,NULL
,,,,,,,,,0,Electricity,NULL,EPalGenusCategoryType_FourLegged,EPalOrganizationType_None,EPalWeaponType_None,0,100,100,110,70,100,100,1,1,1,4200,Warlike,NULL,85,85,800,1000,442,0,0,EPalBattleBGMType_Cool,0,0,350,1,5,25,90,1,0,0,0,0,1,100,50,0,2,0,0,0,0,0,0,0,0,0,0,0,0,NULL,NULL,NULL,NULL
,,,,,,,,,0,Earth,NULL,EPalGenusCategoryType_Other,EPalOrganizationType_None,EPalWeaponType_None,0,100,100,100,100,100,100,1,1,1,4610,Warlike,NULL,-1,-1,-1,-1,-1,0,0,EPalBattleBGMType_Cool,0,0,300,1,4,25,90,1,0,0,0,0,1,100,50,0,0,0,0,0,0,2,0,0,0,0,0,0,0,NULL,NULL,NULL,NULL
,,,,,,,,,0,Earth,NULL,EPalGenusCategoryType_FourLegged,EPalOrganizationType_None,EPalWeaponType_None,0,100,100,100,100,100,100,1,1,1,7960,Warlike,NULL,-1,-1,-1,-1,-1,0,0,EPalBattleBGMType_Strong,0,0,475,1,7,25,90,1,0,0,0,0,1,100,50,0,0,0,0,0,0,2,0,0,3,0,0,0,0,NULL,NULL,NULL,NULL
,,,,,,,,,0,Normal,NULL,EPalGenusCategoryType_Humanoid,EPalOrganizationType_None,EPalWeaponType_None,0,100,100,100,100,100,100,1,1,1,3660,Escape_to_Battle,NULL,-1,-1,-1,-1,-1,0,0,EPalBattleBGMType_Cute,0,0,350,1,5,25,90,1,0,0,0,0,1,100,50,0,0,0,0,0,0,0,0,0,0,0,0,0,0,NULL,NULL,NULL,NULL
,,,,,,,,,0,Dark,NULL,EPalGenusCategoryType_Humanoid,EPalOrganizationType_None,EPalWeaponType_None,0,100,100,100,100,100,100,1,1,1,8080,Warlike,NULL,-1,-1,-1,-1,-1,0,0,EPalBattleBGMType_Cool,0,0,300,1,4,25,90,1,0,1,0,0,1,100,50,0,0,0,0,0,0,1,3,0,2,1,0,0,0,NULL,NULL,NULL,NULL
,,,,,,,,,0,Normal,NULL,EPalGenusCategoryType_Humanoid,EPalOrganizationType_None,EPalWeaponType_None,0,100,100,100,100,100,100,1,1,1,4440,NotInterested,NULL,-1,-1,-1,-1,-1,0,0,EPalBattleBGMType_Cute,0,0,300,1,4,25,90,1,0,0,0,0,1,100,50,0,0,0,0,0,3,2,2,0,0,1,0,2,0,NULL,NULL,NULL,NULL
,,,,,,,,,0,Water,NULL,EPalGenusCategoryType_Other,EPalOrganizationType_None,EPalWeaponType_None,0,100,100,100,100,100,100,1,1,1,2300,Warlike,NULL,-1,-1,-1,-1,-1,0,0,EPalBattleBGMType_Cool,0,0,300,1,4,25,90,1,0,0,0,0,1,100,50,0,0,0,0,0,0,0,0,1,0,0,0,2,0,NULL,NULL,NULL,NULL
,,,,,,,,,0,Earth,NULL,EPalGenusCategoryType_Humanoid,EPalOrganizationType_None,EPalWeaponType_None,0,100,100,100,100,100,100,1,1,1,10380,Warlike,NULL,-1,-1,-1,-1,-1,0,0,EPalBattleBGMType_Strong,0,0,475,1,7,25,90,1,0,0,0,0,1,100,50,0,0,0,0,0,1,1,0,3,0,0,0,4,0,NULL,NULL,NULL,NULL
,,,,,,,,,0,Dragon,NULL,EPalGenusCategoryType_Dragon,EPalOrganizationType_None,EPalWeaponType_None,0,100,100,100,100,100,100,1,1,1,9970,Escape,NULL,-1,-1,-1,-1,-1,0,0,EPalBattleBGMType_Strong,0,0,600,1,9,25,90,1,0,0,0,1,1,100,50,0,0,0,0,0,0,0,0,0,0,0,0,0,0,NULL,NULL,NULL,NULL
,,,,,,,,,0,Fire,NULL,EPalGenusCategoryType_Humanoid,EPalOrganizationType_None,EPalWeaponType_None,0,90,120,90,90,80,100,1,1,1,4040,Warlike,NULL,-1,-1,-1,-1,-1,0,0,EPalBattleBGMType_Cool,0,0,350,1,5,25,90,1,0,0,0,0,1,100,50,0,0,0,0,0,0,0,0,0,0,0,0,0,0,NULL,NULL,NULL,NULL
,,,,,,,,,0,Normal,NULL,EPalGenusCategoryType_FourLegged,EPalOrganizationType_None,EPalWeaponType_None,0,90,80,80,90,110,100,1,1,1,1510,Warlike,NULL,-1,-1,-1,-1,-1,0,0,EPalBattleBGMType_Cute,0,0,350,1,5,25,90,1,0,0,0,0,1,100,50,0,0,0,0,0,0,0,0,0,0,0,0,0,0,NULL,NULL,NULL,NULL
,,,,,,,,,0,Leaf,NULL,EPalGenusCategoryType_Humanoid,EPalOrganizationType_None,EPalWeaponType_None,0,130,80,120,90,80,100,1,1,1,6510,Warlike,NULL,-1,-1,-1,-1,-1,0,0,EPalBattleBGMType_Strong,0,0,475,1,7,25,90,1,0,0,0,0,1,100,50,0,0,0,0,0,0,0,0,0,0,1,0,0,0,NULL,NULL,NULL,NULL
,,,,,,,,,10,Dark,Dragon,EPalGenusCategoryType_Humanoid,EPalOrganizationType_None,EPalWeaponType_None,0,130,100,130,110,100,100,1,1,1,8440,Warlike,NULL,55,110,560,800,335,0,0,EPalBattleBGMType_Strong,0,0,525,1,8,25,90,1,0,1,99,1,1,100,50,0,0,0,0,0,0,0,0,0,0,0,0,3,0,NULL,NULL,NULL,NULL
,,,,,,,,,5,Dark,NULL,EPalGenusCategoryType_Humanoid,EPalOrganizationType_None,EPalWeaponType_None,0,100,100,100,100,100,100,1,1,1,3960,Warlike,NULL,100,150,550,700,350,0,0,EPalBattleBGMType_Strong,0,0,525,1,8,25,90,1,0,1,99,0,1,100,50,0,0,0,0,0,3,0,0,0,0,3,0,2,0,NULL,NULL,NULL,NULL