code name,OverrideNameTextID,NamePrefixID,OverridePartnerSkillTextID,IsPal,Tribe,BPClass,Pictorial ID,Size,rarity,Element 1,Element 2,GenusCategory,Organization,weapon,WeaponEquip,HP,melee attack,Remote attack,defense,support,CraftSpeed,damage multiplier,Capture probability,Experience multiplier,price,AIRResponse,AISightResponse,slow walking speed,walking speed,running speed,Riding sprint speed,Handling speed,IsBoss,IsTowerBoss,BattleBGM,IgnoreLeanBack,IgnoreBlowAway,MaxFullStomach,FullStomachDecreaseRate,FoodAmount,ViewingDistance,ViewingAngle,HearingRate,NooseTrap,Nocturnal,BiologicalGrade,Predator,Edible,endurance,Male probability,fecundity,Breathing fire,watering,planting,generate electricity,manual,collection,logging,Mining,OilExtraction,pharmaceutical,cool down,carry,pasture,Passive skill 1,Passive skill 2,Passive skill 3,Passive skill 4
GYM_BlackGriffon,PAL_NAME_SnowBoss,GYM_NAME_Snow,PARTNERSKILL_lackGriffon,1,EPalTribeID_BlackGriffon,GYM_BlackGriffon,-2,XL,10,Dark,NULL,EPalGenusCategoryType_FourLegged,EPalOrganizationType_None,EPalWeaponType_None,0,8000,130,200,220,90,100,1,1,30,9060,Warlike,NULL,80,80,850,1100,465,1,1,EPalBattleBGMType_TowerBoss,1,1,525,1,8,25,90,1,0,1,9,0,1,100,100,9999,0,0,0,0,0,1,0,0,0,0,0,0,0,NULL,NULL,NULL,NULL
GYM_ElecPanda,PAL_NAME_GrassBoss,GYM_NAME_Meadow,PARTNERSKILL_lecPanda,1,EPalTribeID_ElecPanda,GYM_ElecPanda,-2,XL,8,Electricity,NULL,EPalGenusCategoryType_Humanoid,EPalOrganizationType_None,EPalWeaponType_None,0,6000,100,100,100,100,100,1,1,30,6610,Warlike,NULL,80,140,470,650,287,1,1,EPalBattleBGMType_TowerBoss,1,1,475,1,6,25,90,1,0,0,9,1,1,100,0,9999,0,0,0,3,2,0,2,0,0,0,0,3,0,NULL,NULL,NULL,NULL
GYM_Horus,PAL_NAME_DessertBoss,GYM_NAME_Desert,PARTNERSKILL_orus,1,EPalTribeID_Horus,GYM_Horus,-2,XL,9,Fire,NULL,EPalGenusCategoryType_Bird,EPalOrganizationType_None,EPalWeaponType_None,0,6500,100,120,125,90,100,1,1,30,6720,Warlike,NULL,150,200,1000,1300,500,1,1,EPalBattleBGMType_TowerBoss,1,1,525,1,8,25,90,1,0,0,9,0,1,100,100,9999,3,0,0,0,0,0,0,0,0,0,0,3,0,NULL,NULL,NULL,NULL
GYM_LilyQueen,PAL_NAME_ForestBoss,GYM_NAME_Forest,PARTNERSKILL_ilyQueen,1,EPalTribeID_LilyQueen,GYM_LilyQueen,-2,XL,9,Leaf,NULL,EPalGenusCategoryType_Humanoid,EPalOrganizationType_None,EPalWeaponType_None,0,5500,100,110,105,100,100,1,1,30,6510,Warlike,NULL,60,100,450,650,275,1,1,EPalBattleBGMType_TowerBoss,1,1,475,1,6,25,90,1,0,0,9,0,1,100,0,9999,0,0,3,0,2,2,0,0,0,3,0,0,0,NULL,NULL,NULL,NULL
GYM_ThunderDragonMan,PAL_NAME_VolcanoBoss,GYM_NAME_Volcano,PARTNERSKILL_hunderDragonMan,1,EPalTribeID_ThunderDragonMan,GYM_ThunderDragonMan,-2,XL,9,Dragon,Electricity,EPalGenusCategoryType_Humanoid,EPalOrganizationType_None,EPalWeaponType_None,0,6500,100,140,110,100,100,1,1,30,8320,Warlike,NULL,100,185,900,1300,542,1,1,EPalBattleBGMType_TowerBoss,1,1,475,1,7,25,90,1,0,0,9,0,1,100,100,9999,0,0,0,3,2,0,0,0,0,0,0,3,0,NULL,NULL,NULL,NULL
BadCatgirl,NULL,NULL,NULL,1,EPalTribeID_BadCatgirl,BadCatgirl,-1,XL,0,Dark,NULL,EPalGenusCategoryType_Humanoid,EPalOrganizationType_None,EPalWeaponType_None,0,100,100,90,90,100,100,1,1,1,4690,Warlike,NULL,-1,-1,-1,-1,-1,0,0,EPalBattleBGMType_Cute,0,0,225,1,3,25,90,1,0,1,0,0,1,100,50,0,0,0,0,0,2,3,1,0,0,0,0,2,0,NULL,NULL,NULL,NULL
BlueberryFairy,NULL,NULL,NULL,1,EPalTribeID_BlueberryFairy,BlueberryFairy,-1,XL,0,Leaf,Dark,EPalGenusCategoryType_Humanoid,EPalOrganizationType_None,EPalWeaponType_None,0,100,100,100,100,100,100,1,1,1,8200,Escape_to_Battle,NULL,-1,-1,-1,-1,-1,0,0,EPalBattleBGMType_Cute,0,0,225,1,3,25,90,1,0,0,0,0,1,100,50,0,0,0,2,0,1,2,0,0,0,3,0,1,0,NULL,NULL,NULL,NULL
BOSS_Alpaca,PAL_NAME_Alpaca,BOSS_NAME_Alpaca,PARTNERSKILL_Alpaca,1,EPalTribeID_Alpaca,BOSS_Alpaca,-1,XL,3,Normal,NULL,EPalGenusCategoryType_FourLegged,EPalOrganizationType_None,EPalWeaponType_None,0,90,90,90,90,100,100,"0,4","0,7",10,3040,NotInterested,NULL,62,62,460,900,261,1,0,EPalBattleBGMType_FieldBoss,0,0,225,1,3,25,90,1,0,0,9,0,1,100,50,890,0,0,0,0,0,0,0,0,0,0,0,0,1,NULL,NULL,NULL,NULL
BOSS_AmaterasuWolf,PAL_NAME_AmaterasuWolf,BOSS_NAME_AmaterasuWolf,PARTNERSKILL_AmaterasuWolf,1,EPalTribeID_AmaterasuWolf,BOSS_AmaterasuWolf,-1,XL,6,Fire,NULL,EPalGenusCategoryType_FourLegged,EPalOrganizationType_None,EPalWeaponType_None,0,100,70,115,100,110,100,"0,2","0,7",10,3170,Boss,NULL,80,130,700,1000,415,1,0,EPalBattleBGMType_FieldBoss,0,0,300,1,4,25,90,1,0,0,9,1,1,100,50,830,2,0,0,0,0,0,0,0,0,0,0,0,0,NULL,NULL,NULL,NULL
Boss_Anubis,PAL_NAME_Anubis,BOSS_NAME_Anubis,PARTNERSKILL_Anubis,1,EPalTribeID_Anubis,Boss_Anubis,-1,XL,10,Earth,NULL,EPalGenusCategoryType_Humanoid,EPalOrganizationType_None,EPalWeaponType_None,0,120,130,130,100,100,100,"0,2","0,7",10,9190,Boss,NULL,80,160,800,1000,480,1,0,EPalBattleBGMType_FieldBoss,0,0,400,1,6,25,90,1,0,0,9,1,1,100,50,570,0,0,0,0,4,0,0,3,0,0,0,2,0,ElementBoost_Earth_2_PAL,NULL,NULL,NULL
BOSS_BadCatgirl,PAL_NAME_BadCatgirl,BOSS_NAME_BadCatgirl,PARTNERSKILL_BadCatgirl,1,EPalTribeID_BadCatgirl,BOSS_BadCatgirl,-1,XL,0,Dark,NULL,EPalGenusCategoryType_Humanoid,EPalOrganizationType_None,EPalWeaponType_None,0,100,100,100,100,100,100,"0,2","0,7",10,4690,Boss,NULL,-1,-1,-1,-1,-1,1,0,EPalBattleBGMType_FieldBoss,0,0,225,1,3,25,90,1,0,1,9,0,1,100,50,0,0,0,0,0,2,3,1,0,0,0,0,2,0,NULL,NULL,NULL,NULL
BOSS_Baphomet,PAL_NAME_Baphomet,BOSS_NAME_Baphomet,PARTNERSKILL_Baphomet,1,EPalTribeID_Baphomet,BOSS_Baphomet,-1,XL,4,Fire,Dark,EPalGenusCategoryType_Humanoid,EPalOrganizationType_None,EPalWeaponType_None,0,95,150,100,85,100,100,"0,2","0,7",10,4780,Boss,NULL,80,160,700,960,320,1,0,EPalBattleBGMType_FieldBoss,0,0,300,1,4,25,90,1,0,1,9,1,1,100,50,590,1,0,0,0,2,0,0,1,0,0,0,2,0,NULL,NULL,NULL,NULL
BOSS_Baphomet_Dark,PAL_NAME_Baphomet_Dark,BOSS_NAME_Baphomet_Dark,PARTNERSKILL_Baphomet_Dark,1,EPalTribeID_Baphomet_Dark,BOSS_Baphomet_Dark,-1,XL,5,Dark,NULL,EPalGenusCategoryType_Humanoid,EPalOrganizationType_None,EPalWeaponType_None,0,95,150,105,85,100,100,"0,2","0,7",10,4870,Boss,NULL,80,160,700,960,320,1,0,EPalBattleBGMType_FieldBoss,0,0,300,1,4,25,90,1,0,1,9,1,1,100,50,580,0,0,0,0,2,0,0,1,0,0,0,2,0,NULL,NULL,NULL,NULL
BOSS_Bastet,PAL_NAME_Bastet,BOSS_NAME_Bastet,PARTNERSKILL_Bastet,1,EPalTribeID_Bastet,BOSS_Bastet,-1,S,1,Dark,NULL,EPalGenusCategoryType_FourLegged,EPalOrganizationType_None,EPalWeaponType_None,0,70,70,60,70,100,100,"0,4","0,7",10,1000,NotInterested,NULL,52,105,475,550,317,1,0,EPalBattleBGMType_FieldBoss,0,0,100,1,1,25,90,1,0,1,9,0,1,100,50,1480,0,0,0,0,0,0,0,0,0,0,0,0,1,NULL,NULL,NULL,NULL
BOSS_Bastet_Ice,PAL_NAME_Bastet_Ice,BOSS_NAME_Bastet_Ice,PARTNERSKILL_Bastet_Ice,1,EPalTribeID_Bastet_Ice,BOSS_Bastet_Ice,-1,S,2,Ice,NULL,EPalGenusCategoryType_FourLegged,EPalOrganizationType_None,EPalWeaponType_None,0,70,70,65,70,100,100,"0,2","0,7",10,1010,NotInterested,NULL,52,105,475,550,317,1,0,EPalBattleBGMType_FieldBoss,0,0,100,1,1,25,90,1,0,0,9,0,1,100,50,1440,0,0,0,0,0,0,0,0,0,0,1,0,1,NULL,NULL,NULL,NULL
BOSS_BeardedDragon,PAL_NAME_BeardedDragon,BOSS_NAME_BeardedDragon,PARTNERSKILL_BeardedDragon,1,EPalTribeID_BeardedDragon,BeardedDragon,-1,XL,0,Dragon,NULL,EPalGenusCategoryType_Dragon,EPalOrganizationType_None,EPalWeaponType_None,0,100,100,100,100,100,100,"0,2","0,7",10,9970,Boss,NULL,-1,-1,-1,-1,-1,1,0,EPalBattleBGMType_FieldBoss,0,0,600,1,9,25,90,1,0,0,9,1,1,100,50,0,0,0,0,0,0,0,0,0,0,0,0,0,0,NULL,NULL,NULL,NULL
BOSS_BerryGoat,PAL_NAME_BerryGoat,BOSS_NAME_BerryGoat,PARTNERSKILL_BerryGoat,1,EPalTribeID_BerryGoat,BOSS_BerryGoat,-1,M,3,Leaf,NULL,EPalGenusCategoryType_FourLegged,EPalOrganizationType_None,EPalWeaponType_None,0,100,70,70,90,120,100,"0,4","0,7",10,2510,NotInterested,NULL,70,70,400,550,235,1,0,EPalBattleBGMType_FieldBoss,0,0,300,1,4,25,90,1,0,0,9,0,1,100,50,930,0,0,2,0,0,0,0,0,0,0,0,0,1,NULL,NULL,NULL,NULL
BOSS_BirdDragon,PAL_NAME_BirdDragon,BOSS_NAME_BirdDragon,PARTNERSKILL_BirdDragon,1,EPalTribeID_BirdDragon,BOSS_BirdDragon,-1,XL,4,Fire,Dark,EPalGenusCategoryType_Bird,EPalOrganizationType_None,EPalWeaponType_None,0,90,100,115,90,100,100,"0,2","0,7",10,4360,Boss,NULL,100,350,700,950,475,1,0,EPalBattleBGMType_FieldBoss,0,0,400,1,6,25,90,1,0,1,9,1,1,150,50,660,1,0,0,0,0,0,0,0,0,0,0,3,0,NULL,NULL,NULL,NULL
BOSS_BirdDragon_Ice,PAL_NAME_BirdDragon_Ice,BOSS_NAME_BirdDragon_Ice,PARTNERSKILL_BirdDragon_Ice,1,EPalTribeID_BirdDragon_Ice,BOSS_BirdDragon_Ice,-1,XL,5,Ice,Dark,EPalGenusCategoryType_Bird,EPalOrganizationType_None,EPalWeaponType_None,0,90,100,120,95,100,100,"0,2","0,7",10,4610,Boss,NULL,100,350,700,950,475,1,0,EPalBattleBGMType_FieldBoss,0,0,400,1,6,25,90,1,0,1,9,1,1,150,50,620,0,0,0,0,0,0,0,0,0,0,2,3,0,NULL,NULL,NULL,NULL
BOSS_BlackCentaur,PAL_NAME_BlackCentaur,BOSS_NAME_BlackCentaur,PARTNERSKILL_BlackCentaur,1,EPalTribeID_BlackCentaur,BOSS_BlackCentaur,-1,XL,20,Dark,NULL,EPalGenusCategoryType_FourLegged,EPalOrganizationType_None,EPalWeaponType_None,0,260,100,145,120,100,100,"0,1","0,7",10,8930,Boss,NULL,100,350,900,1600,625,1,0,EPalBattleBGMType_Legend,0,0,600,1,9,25,90,1,0,1,9,0,1,100,50,70,0,0,0,0,0,0,2,2,0,0,0,0,0,Legend,ElementBoost_Dark_2_PAL,NULL,NULL
BOSS_BlackFurDragon,PAL_NAME_BlackFurDragon,BOSS_NAME_BlackFurDragon,PARTNERSKILL_BlackFurDragon,1,EPalTribeID_BlackFurDragon,BOSS_BlackFurDragon,-1,XL,10,Dark,Dragon,EPalGenusCategoryType_Humanoid,EPalOrganizationType_None,EPalWeaponType_None,0,130,100,130,110,100,100,"0,2","0,7",10,8440,Boss,NULL,55,110,560,800,335,1,0,EPalBattleBGMType_FieldBoss,0,0,525,1,8,25,90,1,0,1,9,1,1,100,50,0,0,0,0,0,0,0,0,0,0,0,0,3,0,NULL,NULL,NULL,NULL
BOSS_BlackGriffon,PAL_NAME_BlackGriffon,BOSS_NAME_BlackGriffon,PARTNERSKILL_BlackGriffon,1,EPalTribeID_BlackGriffon,BOSS_BlackGriffon,-1,XL,10,Dark,NULL,EPalGenusCategoryType_FourLegged,EPalOrganizationType_None,EPalWeaponType_None,0,120,130,120,140,90,100,"0,2","0,7",10,9060,Boss,NULL,80,80,850,1300,465,1,0,EPalBattleBGMType_FieldBoss,0,0,525,1,8,25,90,1,0,1,9,0,1,250,50,60,0,0,0,0,0,1,0,0,0,0,0,0,0,NULL,NULL,NULL,NULL
BOSS_BlackMetalDragon,PAL_NAME_BlackMetalDragon,BOSS_NAME_BlackMetalDragon,PARTNERSKILL_BlackMetalDragon,1,EPalTribeID_BlackMetalDragon,BOSS_BlackMetalDragon,-1,XL,9,Dragon,Dark,EPalGenusCategoryType_Monster,EPalOrganizationType_None,EPalWeaponType_None,0,100,100,125,125,100,100,"0,2","0,7",10,8200,Boss,NULL,100,150,600,900,375,1,0,EPalBattleBGMType_FieldBoss,0,0,600,1,9,25,90,1,0,1,9,0,1,300,50,150,0,0,0,0,1,0,0,4,3,0,0,0,0,Deffence_up1,NULL,NULL,NULL
BOSS_BlueberryFairy,PAL_NAME_BlueberryFairy,BOSS_NAME_BlueberryFairy,PARTNERSKILL_BlueberryFairy,1,EPalTribeID_BlueberryFairy,BOSS_BlueberryFairy,-1,XL,0,Leaf,Dark,EPalGenusCategoryType_Humanoid,EPalOrganizationType_None,EPalWeaponType_None,0,100,100,100,100,100,100,"0,2","0,7",10,8200,Boss,NULL,-1,-1,-1,-1,-1,1,0,EPalBattleBGMType_FieldBoss,0,0,225,1,3,25,90,1,0,0,9,0,1,100,50,0,0,0,2,0,1,2,0,0,0,3,0,1,0,NULL,NULL,NULL,NULL
BOSS_BlueDragon,PAL_NAME_BlueDragon,BOSS_NAME_BlueDragon,PARTNERSKILL_BlueDragon,1,EPalTribeID_BlueDragon,BOSS_BlueDragon,-1,XL,7,Water,Dragon,EPalGenusCategoryType_Fish,EPalOrganizationType_None,EPalWeaponType_None,0,110,70,100,100,100,100,"0,2","0,7",10,5600,Boss,NULL,75,150,600,900,350,1,0,EPalBattleBGMType_FieldBoss,0,0,400,1,6,25,90,1,0,0,9,0,1,100,50,500,0,3,0,0,0,0,0,0,0,0,0,0,0,NULL,NULL,NULL,NULL
BOSS_BluePlatypus,PAL_NAME_BluePlatypus,BOSS_NAME_Blueplatypus,PARTNERSKILL_BluePlatypus,1,EPalTribeID_Blueplatypus,BOSS_Blueplatypus,-1,M,1,Water,NULL,EPalGenusCategoryType_Humanoid,EPalOrganizationType_None,EPalWeaponType_None,0,60,80,80,60,100,100,"0,4","0,77",10,1120,NotInterested,NULL,70,105,300,400,202,1,0,EPalBattleBGMType_FieldBoss,0,0,150,1,2,25,90,1,0,0,9,0,1,100,50,1330,0,1,0,0,1,0,0,0,0,0,0,1,0,NULL,NULL,NULL,NULL
BOSS_Boar,PAL_NAME_Boar,BOSS_NAME_Boar,PARTNERSKILL_Boar,1,EPalTribeID_Boar,BOSS_Boar,-1,XL,1,Earth,NULL,EPalGenusCategoryType_FourLegged,EPalOrganizationType_None,EPalWeaponType_None,0,80,100,70,70,100,100,"0,4","0,7",10,1610,Boss,NULL,70,150,450,800,300,1,0,EPalBattleBGMType_FieldBoss,0,0,225,1,3,25,90,1,0,0,9,1,1,100,50,1130,0,0,0,0,0,0,0,1,0,0,0,0,0,NULL,NULL,NULL,NULL
BOSS_BrownRabbit,PAL_NAME_BrownRabbit,BOSS_NAME_BrownRabbit,PARTNERSKILL_BrownRabbit,1,EPalTribeID_BrownRabbit,BOSS_BrownRabbit,-1,XL,0,Earth,NULL,EPalGenusCategoryType_Humanoid,EPalOrganizationType_None,EPalWeaponType_None,0,100,100,100,100,100,100,"0,2","0,7",10,2350,Boss,NULL,-1,-1,-1,-1,-1,1,0,EPalBattleBGMType_FieldBoss,0,0,225,1,3,25,90,1,0,0,9,0,1,100,50,0,0,0,0,0,2,2,0,1,1,0,0,1,0,NULL,NULL,NULL,NULL
BOSS_CaptainPenguin,PAL_NAME_CaptainPenguin,BOSS_NAME_CaptainPenguin,PARTNERSKILL_CaptainPenguin,1,EPalTribeID_CaptainPenguin,BOSS_CaptainPenguin,-1,XL,6,Water,Ice,EPalGenusCategoryType_Humanoid,EPalOrganizationType_None,EPalWeaponType_None,0,95,70,95,95,100,100,"0,4","0,7",10,5410,Boss,NULL,50,110,450,600,280,1,0,EPalBattleBGMType_FieldBoss,0,0,525,1,8,25,90,1,0,0,9,0,1,100,50,520,0,2,0,0,2,0,0,2,0,0,2,2,0,NULL,NULL,NULL,NULL
BOSS_Carbunclo,PAL_NAME_Carbunclo,BOSS_NAME_Carbunclo,PARTNERSKILL_Carbunclo,1,EPalTribeID_Carbunclo,BOSS_Carbunclo,-1,S,1,Leaf,NULL,EPalGenusCategoryType_Humanoid,EPalOrganizationType_None,EPalWeaponType_None,0,75,70,70,70,100,100,"0,4","0,63",10,1010,NotInterested,NULL,20,40,400,550,250,1,0,EPalBattleBGMType_FieldBoss,0,0,100,1,1,25,90,1,0,0,9,0,1,100,50,1430,0,0,1,0,1,1,1,0,0,1,0,0,0,NULL,NULL,NULL,NULL
BOSS_CatBat,PAL_NAME_CatBat,BOSS_NAME_CatBat,PARTNERSKILL_CatBat,1,EPalTribeID_CatBat,BOSS_CatBat,-1,XL,5,Dark,NULL,EPalGenusCategoryType_Humanoid,EPalOrganizationType_None,EPalWeaponType_None,0,95,100,95,80,100,100,"0,4","0,7",10,3810,Boss,NULL,80,140,400,550,270,1,0,EPalBattleBGMType_FieldBoss,0,0,350,1,5,25,90,1,0,1,9,0,1,100,50,750,0,0,0,0,0,2,0,2,0,0,0,2,0,NULL,NULL,NULL,NULL
BOSS_CatMage,PAL_NAME_CatMage,BOSS_NAME_CatMage,PARTNERSKILL_CatMage,1,EPalTribeID_CatMage,BOSS_CatMage,-1,XL,6,Dark,NULL,EPalGenusCategoryType_Humanoid,EPalOrganizationType_None,EPalWeaponType_None,0,90,100,105,90,100,100,"0,2","0,7",10,4120,Boss,NULL,70,145,440,620,292,1,0,EPalBattleBGMType_FieldBoss,0,0,350,1,5,25,90,1,0,1,9,0,1,100,50,700,0,0,0,0,2,0,0,0,0,2,0,2,0,NULL,NULL,NULL,NULL
BOSS_CatVampire,PAL_NAME_CatVampire,BOSS_NAME_CatVampire,PARTNERSKILL_CatVampire,1,EPalTribeID_CatVampire,BOSS_CatVampire,-1,XL,6,Dark,NULL,EPalGenusCategoryType_Humanoid,EPalOrganizationType_None,EPalWeaponType_None,0,100,100,105,110,110,100,"0,2","0,7",10,2100,Boss,NULL,60,100,550,700,325,1,0,EPalBattleBGMType_FieldBoss,0,0,350,1,5,25,90,1,0,1,9,0,1,100,50,1010,0,0,0,0,0,0,0,0,0,3,0,0,0,NULL,NULL,NULL,NULL
BOSS_ChickenPal,PAL_NAME_ChickenPal,BOSS_NAME_ChickenPal,PARTNERSKILL_ChickenPal,1,EPalTribeID_ChickenPal,BOSS_ChickenPal,-1,M,1,Normal,NULL,EPalGenusCategoryType_Bird,EPalOrganizationType_None,EPalWeaponType_None,0,60,70,60,60,100,100,"0,4","1,05",10,1000,NotInterested,NULL,50,50,375,550,212,1,0,EPalBattleBGMType_FieldBoss,0,0,100,1,1,25,90,1,0,0,9,0,1,100,50,1500,0,0,0,0,0,1,0,0,0,0,0,0,1,NULL,NULL,NULL,NULL
BOSS_ColorfulBird,PAL_NAME_ColorfulBird,BOSS_NAME_ColorfulBird,PARTNERSKILL_ColorfulBird,1,EPalTribeID_ColorfulBird,BOSS_ColorfulBird,-1,XL,1,Normal,NULL,EPalGenusCategoryType_Bird,EPalOrganizationType_None,EPalWeaponType_None,0,60,80,75,70,100,100,"0,4","0,7",10,1090,Boss,NULL,30,60,300,550,170,1,0,EPalBattleBGMType_FieldBoss,0,0,150,1,2,25,90,1,0,0,9,1,1,100,50,1340,0,0,0,0,0,1,0,0,0,0,0,0,0,NULL,NULL,NULL,NULL
BOSS_CowPal,PAL_NAME_CowPal,BOSS_NAME_CowPal,PARTNERSKILL_CowPal,1,EPalTribeID_CowPal,BOSS_CowPal,-1,M,2,Normal,NULL,EPalGenusCategoryType_FourLegged,EPalOrganizationType_None,EPalWeaponType_None,0,90,100,50,80,100,100,"0,2","0,7",10,2620,NotInterested,NULL,55,55,580,700,317,1,0,EPalBattleBGMType_FieldBoss,0,0,225,1,3,25,90,1,0,0,9,0,1,100,20,910,0,0,0,0,0,0,0,0,0,0,0,0,1,NULL,NULL,NULL,NULL
BOSS_CuteButterfly,PAL_NAME_CuteButterfly,BOSS_NAME_CuteButterfly,PARTNERSKILL_CuteButterfly,1,EPalTribeID_CuteButterfly,BOSS_CuteButterfly,-1,XL,4,Leaf,NULL,EPalGenusCategoryType_Bird,EPalOrganizationType_None,EPalWeaponType_None,0,70,100,80,80,100,100,"0,2","0,7",10,5700,NotInterested,NULL,30,150,550,700,350,1,0,EPalBattleBGMType_FieldBoss,0,0,225,1,3,25,90,1,0,0,9,0,1,100,50,490,0,0,2,0,0,0,0,0,0,1,0,0,0,NULL,NULL,NULL,NULL
BOSS_CuteFox,PAL_NAME_CuteFox,BOSS_NAME_CuteFox,PARTNERSKILL_CuteFox,1,EPalTribeID_CuteFox,BOSS_CuteFox,-1,M,2,Normal,NULL,EPalGenusCategoryType_FourLegged,EPalOrganizationType_None,EPalWeaponType_None,0,70,70,70,70,140,100,"0,4","0,91",10,1000,NotInterested,NULL,30,60,350,450,190,1,0,EPalBattleBGMType_FieldBoss,0,0,100,1,1,25,90,1,0,0,9,0,1,100,50,1450,0,0,0,0,0,1,0,0,0,0,0,0,1,NULL,NULL,NULL,NULL
BOSS_CuteMole,PAL_NAME_CuteMole,BOSS_NAME_CuteMole,PARTNERSKILL_CuteMole,1,EPalTribeID_CuteMole,BOSS_CuteMole,-1,M,1,Earth,NULL,EPalGenusCategoryType_Humanoid,EPalOrganizationType_None,EPalWeaponType_None,0,65,100,80,50,100,100,"0,4","0,7",10,1360,NotInterested,NULL,30,60,300,550,240,1,0,EPalBattleBGMType_FieldBoss,0,0,150,1,2,25,90,1,0,0,9,0,1,100,50,1220,0,0,0,0,1,0,0,1,0,0,0,1,0,NULL,NULL,NULL,NULL
BOSS_DarkCrow,PAL_NAME_DarkCrow,BOSS_NAME_DarkCrow,PARTNERSKILL_DarkCrow,1,EPalTribeID_DarkCrow,BOSS_DarkCrow,-1,XL,3,Dark,NULL,EPalGenusCategoryType_Bird,EPalOrganizationType_None,EPalWeaponType_None,0,75,80,95,80,100,100,"0,2","0,7",10,1840,Boss,NULL,85,170,920,1200,545,1,0,EPalBattleBGMType_FieldBoss,0,0,350,1,5,25,90,1,0,1,9,1,1,100,50,1080,0,0,0,0,0,0,1,0,0,0,0,0,0,NULL,NULL,NULL,NULL
BOSS_DarkMutant,PAL_NAME_DarkMutant,BOSS_NAME_DarkMutant,PARTNERSKILL_DarkMutant,1,EPalTribeID_DarkMutant,BOSS_DarkMutant,-1,XL,5,Dark,NULL,EPalGenusCategoryType_Humanoid,EPalOrganizationType_None,EPalWeaponType_None,0,100,100,100,100,100,100,"0,2","0,7",10,3960,Boss,NULL,100,150,550,700,350,1,0,EPalBattleBGMType_FieldBoss,0,0,525,1,8,25,90,1,0,1,9,0,1,100,50,0,0,0,0,0,3,0,0,0,0,3,0,2,0,NULL,NULL,NULL,NULL
BOSS_DarkScorpion,PAL_NAME_DarkScorpion,BOSS_NAME_DarkScorpion,PARTNERSKILL_DarkScorpion,1,EPalTribeID_DarkScorpion,BOSS_DarkScorpion,-1,XL,9,Dark,Earth,EPalGenusCategoryType_Other,EPalOrganizationType_None,EPalWeaponType_None,0,100,100,100,130,100,100,"0,2","0,7",10,7050,Boss,NULL,100,200,1000,1200,600,1,0,EPalBattleBGMType_FieldBoss,0,0,475,1,7,25,90,1,0,1,9,1,1,100,50,260,0,0,0,0,0,0,2,3,0,0,0,0,0,NULL,NULL,NULL,NULL
BOSS_Deer,PAL_NAME_Deer,BOSS_NAME_Deer,PARTNERSKILL_Deer,1,EPalTribeID_Deer,BOSS_Deer,-1,XL,4,Normal,NULL,EPalGenusCategoryType_FourLegged,EPalOrganizationType_None,EPalWeaponType_None,0,95,70,80,80,100,100,"0,4","0,7",10,2620,Boss,NULL,80,120,700,1000,390,1,0,EPalBattleBGMType_FieldBoss,0,0,350,1,5,25,90,1,0,0,9,0,1,100,50,920,0,0,0,0,0,0,2,0,0,0,0,0,0,NULL,NULL,NULL,NULL
BOSS_Deer_Ground,PAL_NAME_Deer_Ground,BOSS_NAME_Deer_Ground,PARTNERSKILL_Deer_Ground,1,EPalTribeID_Deer_Ground,BOSS_Deer_Ground,-1,XL,6,Earth,NULL,EPalGenusCategoryType_FourLegged,EPalOrganizationType_None,EPalWeaponType_None,0,95,70,80,80,100,100,"0,2","0,7",10,2680,Boss,NULL,80,120,700,1000,390,1,0,EPalBattleBGMType_FieldBoss,0,0,350,1,5,25,90,1,0,0,9,0,1,100,50,900,0,0,0,0,0,0,2,0,0,0,0,0,0,NULL,NULL,NULL,NULL
BOSS_DreamDemon,PAL_NAME_DreamDemon,BOSS_NAME_DreamDemon,PARTNERSKILL_DreamDemon,1,EPalTribeID_DreamDemon,BOSS_DreamDemon,-1,XL,1,Dark,NULL,EPalGenusCategoryType_Humanoid,EPalOrganizationType_None,EPalWeaponType_None,0,70,100,75,60,100,100,"0,4","0,7",10,1330,NotInterested,NULL,70,140,300,550,220,1,0,EPalBattleBGMType_FieldBoss,0,0,225,1,3,25,90,1,0,1,9,0,1,100,50,1230,0,0,0,0,1,1,0,0,0,0,0,1,0,NULL,NULL,NULL,NULL
BOSS_DrillGame,PAL_NAME_DrillGame,BOSS_NAME_DrillGame,PARTNERSKILL_DrillGame,1,EPalTribeID_DrillGame,BOSS_DrillGame,-1,XL,5,Earth,NULL,EPalGenusCategoryType_FourLegged,EPalOrganizationType_None,EPalWeaponType_None,0,80,80,95,120,100,100,"0,2","0,7",10,2980,Boss,NULL,75,120,300,420,190,1,0,EPalBattleBGMType_FieldBoss,0,0,350,1,5,25,90,1,0,0,9,1,1,100,50,850,0,0,0,0,0,0,0,3,0,0,0,0,0,Deffence_up1,NULL,NULL,NULL
BOSS_Eagle,PAL_NAME_Eagle,BOSS_NAME_Eagle,PARTNERSKILL_Eagle,1,EPalTribeID_Eagle,BOSS_Eagle,-1,XL,2,Normal,NULL,EPalGenusCategoryType_Bird,EPalOrganizationType_None,EPalWeaponType_None,0,75,120,85,60,100,100,"0,2","0,7",10,2010,Boss,NULL,100,200,600,700,400,1,0,EPalBattleBGMType_FieldBoss,0,0,300,1,4,25,90,1,0,0,9,1,1,100,50,1030,0,0,0,0,0,2,0,0,0,0,0,0,0,NULL,NULL,NULL,NULL
BOSS_ElecCat,PAL_NAME_ElecCat,BOSS_NAME_ElecCat,PARTNERSKILL_ElecCat,1,EPalTribeID_ElecCat,BOSS_ElecCat,-1,S,1,Electricity,NULL,EPalGenusCategoryType_Humanoid,EPalOrganizationType_None,EPalWeaponType_None,0,60,60,80,70,80,100,"0,4","0,77",10,1030,NotInterested,NULL,40,80,350,500,270,1,0,EPalBattleBGMType_FieldBoss,0,0,150,1,2,25,90,1,0,0,9,0,1,100,50,1410,0,0,0,1,1,0,0,0,0,0,0,1,0,NULL,NULL,NULL,NULL
BOSS_ElecLion,PAL_NAME_ElecLion,BOSS_NAME_ElecLion,PARTNERSKILL_ElecLion,1,EPalTribeID_ElecLion,BOSS_ElecLion,-1,XL,0,Electricity,NULL,EPalGenusCategoryType_FourLegged,EPalOrganizationType_None,EPalWeaponType_None,0,100,100,110,70,100,100,"0,2","0,7",10,4200,Boss,NULL,85,85,800,1000,442,1,0,EPalBattleBGMType_FieldBoss,0,0,350,1,5,25,90,1,0,0,9,0,1,100,50,0,2,0,0,0,0,0,0,0,0,0,0,0,0,NULL,NULL,NULL,NULL
BOSS_ElecPanda,PAL_NAME_ElecPanda,BOSS_NAME_ElecPanda,PARTNERSKILL_ElecPanda,1,EPalTribeID_ElecPanda,BOSS_ElecPanda,-1,XL,8,Electricity,NULL,EPalGenusCategoryType_Humanoid,EPalOrganizationType_None,EPalWeaponType_None,0,105,120,100,100,100,100,"0,2","0,7",10,7720,Boss,NULL,80,140,470,650,210,1,0,EPalBattleBGMType_FieldBoss,0,0,475,1,7,25,90,1,0,0,9,1,1,100,50,200,0,0,0,3,2,0,2,0,0,0,0,3,0,NULL,NULL,NULL,NULL
BOSS_FairyDragon,PAL_NAME_FairyDragon,BOSS_NAME_FairyDragon,PARTNERSKILL_FairyDragon,1,EPalTribeID_FairyDragon,BOSS_FairyDragon,-1,XL,7,Dragon,NULL,EPalGenusCategoryType_Humanoid,EPalOrganizationType_None,EPalWeaponType_None,0,110,80,80,90,100,100,"0,2","0,7",10,5230,Boss,NULL,83,83,630,900,456,1,0,EPalBattleBGMType_FieldBoss,0,0,400,1,6,25,90,1,0,0,9,0,1,130,50,540,0,0,0,0,0,0,2,0,0,0,0,0,0,NULL,NULL,NULL,NULL
BOSS_FairyDragon_Water,PAL_NAME_FairyDragon_Water,BOSS_NAME_FairyDragon_Water,PARTNERSKILL_FairyDragon_Water,1,EPalTribeID_FairyDragon_Water,BOSS_FairyDragon_Water,-1,XL,8,Dragon,Water,EPalGenusCategoryType_Humanoid,EPalOrganizationType_None,EPalWeaponType_None,0,115,80,80,95,100,100,"0,2","0,7",10,5320,Boss,NULL,83,83,630,900,456,1,0,EPalBattleBGMType_FieldBoss,0,0,400,1,6,25,90,1,0,0,9,0,1,130,50,530,0,3,0,0,0,0,2,0,0,0,0,0,0,NULL,NULL,NULL,NULL
BOSS_FeatherOstrich,PAL_NAME_FeatherOstrich,BOSS_NAME_FeatherOstrich,PARTNERSKILL_FeatherOstrich,1,EPalTribeID_FeatherOstrich,BOSS_FeatherOstrich,-1,XL,0,Earth,NULL,EPalGenusCategoryType_Other,EPalOrganizationType_None,EPalWeaponType_None,0,100,100,100,100,100,100,"0,2","0,7",10,4610,Boss,NULL,-1,-1,-1,-1,-1,1,0,EPalBattleBGMType_FieldBoss,0,0,300,1,4,25,90,1,0,0,9,0,1,100,50,0,0,0,0,0,0,2,0,0,0,0,0,0,0,NULL,NULL,NULL,NULL
BOSS_FengyunDeeper,PAL_NAME_FengyunDeeper,BOSS_NAME_FengyunDeeper,PARTNERSKILL_FengyunDeeper,1,EPalTribeID_FengyunDeeper,BOSS_FengyunDeeper,-1,XL,3,Normal,NULL,EPalGenusCategoryType_FourLegged,EPalOrganizationType_None,EPalWeaponType_None,0,110,110,110,90,100,100,"0,2","0,7",10,2250,Boss,NULL,85,100,750,1150,417,1,0,EPalBattleBGMType_FieldBoss,0,0,400,1,6,25,90,1,0,0,9,0,1,100,50,980,0,0,0,0,0,0,2,0,0,0,0,0,0,NULL,NULL,NULL,NULL
BOSS_FireKirin,PAL_NAME_FireKirin,BOSS_NAME_FireKirin,PARTNERSKILL_FireKirin,1,EPalTribeID_FireKirin,BOSS_FireKirin,-1,XL,6,Fire,NULL,EPalGenusCategoryType_FourLegged,EPalOrganizationType_None,EPalWeaponType_None,0,100,110,95,90,100,100,"0,2","0,7",10,6720,Boss,NULL,100,150,850,1400,500,1,0,EPalBattleBGMType_FieldBoss,0,0,350,1,5,25,90,1,0,0,9,0,1,100,50,360,2,0,0,0,0,0,1,0,0,0,0,0,0,NULL,NULL,NULL,NULL
BOSS_FireKirin_Dark,PAL_NAME_FireKirin_Dark,BOSS_NAME_FireKirin_Dark,PARTNERSKILL_FireKirin_Dark,1,EPalTribeID_FireKirin_Dark,BOSS_FireKirin_Dark,-1,XL,7,Fire,Dark,EPalGenusCategoryType_FourLegged,EPalOrganizationType_None,EPalWeaponType_None,0,100,110,95,90,100,100,"0,2","0,7",10,7270,Boss,NULL,100,150,850,1400,500,1,0,EPalBattleBGMType_FieldBoss,0,0,350,1,5,25,90,1,0,1,9,0,1,100,50,240,2,0,0,0,0,0,1,0,0,0,0,0,0,NULL,NULL,NULL,NULL
BOSS_FlameBambi,PAL_NAME_FlameBambi,BOSS_NAME_FlameBambi,PARTNERSKILL_FlameBambi,1,EPalTribeID_FlameBambi,BOSS_FlameBambi,-1,S,2,Fire,NULL,EPalGenusCategoryType_FourLegged,EPalOrganizationType_None,EPalWeaponType_None,0,75,100,70,75,100,100,"0,4","0,77",10,2950,NotInterested,NULL,70,100,400,550,-1,1,0,EPalBattleBGMType_FieldBoss,0,0,225,1,3,25,90,1,0,0,9,0,1,100,50,1155,1,0,0,0,0,0,0,0,0,0,0,0,0,NULL,NULL,NULL,NULL
BOSS_FlameBuffalo,PAL_NAME_FlameBuffalo,BOSS_NAME_FlameBuffalo,PARTNERSKILL_FlameBuffalo,1,EPalTribeID_FlameBuffalo,BOSS_FlameBuffalo,-1,XL,4,Fire,NULL,EPalGenusCategoryType_FourLegged,EPalOrganizationType_None,EPalWeaponType_None,0,85,100,95,95,100,100,"0,2","0,7",10,3520,Boss,NULL,87,87,600,900,343,1,0,EPalBattleBGMType_FieldBoss,0,0,350,1,5,25,90,1,0,0,9,0,1,100,50,790,2,0,0,0,0,0,1,0,0,0,0,0,0,NULL,NULL,NULL,NULL
BOSS_FlowerDinosaur,PAL_NAME_FlowerDinosaur,BOSS_NAME_FlowerDinosaur,PARTNERSKILL_FlowerDinosaur,1,EPalTribeID_FlowerDinosaur,BOSS_FlowerDinosaur,-1,XL,6,Leaf,Dragon,EPalGenusCategoryType_Humanoid,EPalOrganizationType_None,EPalWeaponType_None,0,110,90,85,90,150,100,"0,4","0,7",10,3240,NotInterested,NULL,70,120,550,800,335,1,0,EPalBattleBGMType_FieldBoss,0,0,400,1,6,25,90,1,0,0,9,0,1,100,50,820,0,0,2,0,0,0,2,0,0,0,0,0,0,NULL,NULL,NULL,NULL
BOSS_FlowerDinosaur_Electric,PAL_NAME_FlowerDinosaur_Electric,BOSS_NAME_FlowerDinosaur_Electric,PARTNERSKILL_FlowerDinosaur_Electric,1,EPalTribeID_FlowerDinosaur_Electric,BOSS_FlowerDinosaur_Electric,-1,XL,7,Electricity,Dragon,EPalGenusCategoryType_Humanoid,EPalOrganizationType_None,EPalWeaponType_None,0,110,90,90,90,150,100,"0,2","0,7",10,3380,NotInterested,NULL,70,120,550,800,335,1,0,EPalBattleBGMType_FieldBoss,0,0,400,1,6,25,90,1,0,0,9,0,1,100,50,810,0,0,0,2,0,0,2,0,0,0,0,0,0,NULL,NULL,NULL,NULL
BOSS_FlowerDoll,PAL_NAME_FlowerDoll,BOSS_NAME_FlowerDoll,PARTNERSKILL_FlowerDoll,1,EPalTribeID_FlowerDoll,BOSS_FlowerDoll,-1,XL,8,Leaf,NULL,EPalGenusCategoryType_Humanoid,EPalOrganizationType_None,EPalWeaponType_None,0,100,100,95,100,100,100,"0,2","0,7",10,3590,NotInterested,NULL,100,150,550,700,350,1,0,EPalBattleBGMType_FieldBoss,0,0,225,1,3,25,90,1,0,0,9,0,1,100,50,780,0,0,3,0,2,2,0,0,0,2,0,1,0,NULL,NULL,NULL,NULL
BOSS_FlowerRabbit,PAL_NAME_FlowerRabbit,BOSS_NAME_FlowerRabbit,PARTNERSKILL_FlowerRabbit,1,EPalTribeID_FlowerRabbit,BOSS_FlowerRabbit,-1,M,1,Leaf,NULL,EPalGenusCategoryType_Humanoid,EPalOrganizationType_None,EPalWeaponType_None,0,75,100,65,70,100,100,"0,2","0,7",10,1220,NotInterested,NULL,100,100,400,550,250,1,0,EPalBattleBGMType_FieldBoss,0,0,225,1,3,25,90,1,0,0,9,0,1,100,50,1280,0,0,1,0,1,1,0,0,0,1,0,1,0,NULL,NULL,NULL,NULL
BOSS_FlyingManta,PAL_NAME_FlyingManta,BOSS_NAME_FlyingManta,PARTNERSKILL_FlyingManta,1,EPalTribeID_FlyingManta,BOSS_FlyingManta,-1,XL,3,Water,NULL,EPalGenusCategoryType_Other,EPalOrganizationType_None,EPalWeaponType_None,0,80,100,70,80,100,100,"0,4","0,77",10,2860,NotInterested,NULL,30,150,550,700,350,1,0,EPalBattleBGMType_FieldBoss,0,0,225,1,3,25,90,1,0,0,9,0,1,100,50,870,0,1,0,0,0,0,0,0,0,0,0,1,0,NULL,NULL,NULL,NULL
BOSS_FoxMage,PAL_NAME_FoxMage,BOSS_NAME_FoxMage,PARTNERSKILL_FoxMage,1,EPalTribeID_FoxMage,BOSS_FoxMage,-1,XL,6,Fire,NULL,EPalGenusCategoryType_Humanoid,EPalOrganizationType_None,EPalWeaponType_None,0,90,50,110,80,120,100,"0,2","0,7",10,1540,Boss,NULL,70,145,440,620,292,1,0,EPalBattleBGMType_FieldBoss,0,0,350,1,5,25,90,1,0,0,9,0,1,100,50,1160,2,0,0,0,3,0,0,0,0,0,0,2,0,NULL,NULL,NULL,NULL
BOSS_Ganesha,PAL_NAME_Ganesha,BOSS_NAME_Ganesha,PARTNERSKILL_Ganesha,1,EPalTribeID_Ganesha,BOSS_Ganesha,-1,XL,1,Water,NULL,EPalGenusCategoryType_FourLegged,EPalOrganizationType_None,EPalWeaponType_None,0,70,70,60,70,100,100,"0,4","0,91",10,1000,NotInterested,NULL,30,60,300,400,180,1,0,EPalBattleBGMType_FieldBoss,0,0,150,1,2,25,90,1,0,0,9,0,1,100,50,1490,0,1,0,0,0,0,0,0,0,0,0,0,0,NULL,NULL,NULL,NULL
BOSS_Garm,PAL_NAME_Garm,BOSS_NAME_Garm,PARTNERSKILL_Garm,1,EPalTribeID_Garm,BOSS_Garm,-1,M,2,Normal,NULL,EPalGenusCategoryType_FourLegged,EPalOrganizationType_None,EPalWeaponType_None,0,80,110,90,75,100,100,"0,4","0,7",10,1920,Boss,NULL,90,180,800,1050,460,1,0,EPalBattleBGMType_FieldBoss,0,0,225,1,3,25,90,1,0,0,9,1,1,70,50,1060,0,0,0,0,0,1,0,0,0,0,0,0,0,NULL,NULL,NULL,NULL
BOSS_GhostBeast,PAL_NAME_GhostBeast,BOSS_NAME_GhostBeast,PARTNERSKILL_GhostBeast,1,EPalTribeID_GhostBeast,BOSS_GhostBeast,-1,XL,6,Dark,NULL,EPalGenusCategoryType_FourLegged,EPalOrganizationType_None,EPalWeaponType_None,0,75,50,105,80,100,100,"0,2","0,7",10,1570,Boss,NULL,100,160,600,900,365,1,0,EPalBattleBGMType_FieldBoss,0,0,225,1,3,25,90,1,0,1,9,1,1,100,50,1150,0,0,0,0,0,2,0,1,0,0,0,0,0,NULL,NULL,NULL,NULL
BOSS_GoldenHorse,PAL_NAME_GoldenHorse,BOSS_NAME_GoldenHorse,PARTNERSKILL_GoldenHorse,1,EPalTribeID_GoldenHorse,BOSS_GoldenHorse,-1,XL,0,Earth,NULL,EPalGenusCategoryType_FourLegged,EPalOrganizationType_None,EPalWeaponType_None,0,100,100,100,100,100,100,"0,2","0,7",10,7960,Boss,NULL,-1,-1,-1,-1,-1,1,0,EPalBattleBGMType_FieldBoss,0,0,475,1,7,25,90,1,0,0,0,0,1,100,50,0,0,0,0,0,0,2,0,0,3,0,0,0,0,NULL,NULL,NULL,NULL
BOSS_Gorilla,PAL_NAME_Gorilla,BOSS_NAME_Gorilla,PARTNERSKILL_Gorilla,1,EPalTribeID_Gorilla,BOSS_Gorilla,-1,XL,5,Normal,NULL,EPalGenusCategoryType_Humanoid,EPalOrganizationType_None,EPalWeaponType_None,0,90,110,95,90,100,100,"0,2","0,7",10,2010,Boss,NULL,66,100,550,720,250,1,0,EPalBattleBGMType_FieldBoss,0,0,225,1,3,25,90,1,0,0,9,1,1,100,50,1040,0,0,0,0,1,0,2,0,0,0,0,3,0,PAL_rude,NULL,NULL,NULL
BOSS_GrassDragon,PAL_NAME_GrassDragon,BOSS_NAME_GrassDragon,PARTNERSKILL_GrassDragon,1,EPalTribeID_GrassDragon,GrassDragon,-1,XL,0,Leaf,NULL,EPalGenusCategoryType_Humanoid,EPalOrganizationType_None,EPalWeaponType_None,0,130,80,120,90,80,100,"0,2","0,7",10,6510,Boss,NULL,-1,-1,-1,-1,-1,1,0,EPalBattleBGMType_FieldBoss,0,0,475,1,7,25,90,1,0,0,9,0,1,100,50,0,0,0,0,0,0,0,0,0,0,1,0,0,0,NULL,NULL,NULL,NULL
BOSS_GrassMammoth,PAL_NAME_GrassMammoth,BOSS_NAME_GrassMammoth,PARTNERSKILL_GrassMammoth,1,EPalTribeID_GrassMammoth,BOSS_GrassMammoth,-1,XL,8,Leaf,NULL,EPalGenusCategoryType_FourLegged,EPalOrganizationType_None,EPalWeaponType_None,0,150,100,85,90,30,100,"0,2","0,7",10,9450,NotInterested,NULL,100,135,430,700,282,1,0,EPalBattleBGMType_FieldBoss,0,0,525,1,8,25,90,1,0,0,9,0,1,100,50,300,0,0,2,0,0,0,2,2,0,0,0,0,0,NULL,NULL,NULL,NULL
BOSS_GrassMammoth_Ice,PAL_NAME_GrassMammoth_Ice,BOSS_NAME_GrassMammoth_Ice,PARTNERSKILL_GrassMammoth_Ice,1,EPalTribeID_GrassMammoth_Ice,BOSS_GrassMammoth_Ice,-1,XL,9,Ice,NULL,EPalGenusCategoryType_FourLegged,EPalOrganizationType_None,EPalWeaponType_None,0,150,100,90,90,30,100,"0,2","0,7",10,9710,NotInterested,NULL,100,135,430,700,282,1,0,EPalBattleBGMType_FieldBoss,0,0,525,1,8,25,90,1,0,0,9,0,1,100,50,290,0,0,0,0,0,0,2,2,0,0,2,0,0,NULL,NULL,NULL,NULL
BOSS_GrassPanda,PAL_NAME_GrassPanda,BOSS_NAME_GrassPanda,PARTNERSKILL_GrassPanda,1,EPalTribeID_GrassPanda,BOSS_GrassPanda,-1,XL,6,Leaf,NULL,EPalGenusCategoryType_Humanoid,EPalOrganizationType_None,EPalWeaponType_None,0,100,100,90,90,100,100,"0,2","0,7",10,6200,Boss,NULL,50,100,500,800,275,1,0,EPalBattleBGMType_FieldBoss,0,0,350,1,5,25,90,1,0,0,9,0,1,100,50,430,0,0,2,0,2,0,2,0,0,0,0,3,0,NULL,NULL,NULL,NULL
BOSS_GrassPanda_Electric,PAL_NAME_GrassPanda_Electric,BOSS_NAME_GrassPanda_Electric,PARTNERSKILL_GrassPanda_Electric,1,EPalTribeID_GrassPanda_Electric,BOSS_GrassPanda_Electric,-1,XL,7,Electricity,NULL,EPalGenusCategoryType_Humanoid,EPalOrganizationType_None,EPalWeaponType_None,0,100,100,100,100,100,100,"0,2","0,7",10,6610,Boss,NULL,50,100,500,800,275,1,0,EPalBattleBGMType_FieldBoss,0,0,350,1,5,25,90,1,0,0,9,0,1,100,50,390,0,0,0,2,2,0,2,0,0,0,0,3,0,NULL,NULL,NULL,NULL
BOSS_GrassRabbitMan,PAL_NAME_GrassRabbitMan,BOSS_NAME_GrassRabbitMan,PARTNERSKILL_GrassRabbitMan,1,EPalTribeID_GrassRabbitMan,BOSS_GrassRabbitMan,-1,XL,8,Leaf,NULL,EPalGenusCategoryType_Humanoid,EPalOrganizationType_None,EPalWeaponType_None,0,90,100,115,90,100,100,"0,2","0,7",10,2200,Boss,NULL,50,195,500,700,275,1,0,EPalBattleBGMType_FieldBoss,0,0,225,1,3,25,90,1,0,0,9,0,1,100,50,990,0,0,2,0,3,3,2,0,0,0,0,2,0,NULL,NULL,NULL,NULL
BOSS_GuardianDog,PAL_NAME_GuardianDog,BOSS_NAME_GuardianDog,PARTNERSKILL_GuardianDog,1,EPalTribeID_GuardianDog,GuardianDog,-1,XL,0,Normal,NULL,EPalGenusCategoryType_FourLegged,EPalOrganizationType_None,EPalWeaponType_None,0,90,80,80,90,110,100,"0,2","0,7",10,1510,Boss,NULL,-1,-1,-1,-1,-1,1,0,EPalBattleBGMType_FieldBoss,0,0,350,1,5,25,90,1,0,0,9,0,1,100,50,0,0,0,0,0,0,0,0,0,0,0,0,0,0,NULL,NULL,NULL,NULL
BOSS_HadesBird,PAL_NAME_HadesBird,BOSS_NAME_HadesBird,PARTNERSKILL_HadesBird,1,EPalTribeID_HadesBird,BOSS_HadesBird,-1,XL,7,Dark,NULL,EPalGenusCategoryType_Bird,EPalOrganizationType_None,EPalWeaponType_None,0,100,100,125,100,100,100,"0,2","0,7",10,7840,Boss,NULL,100,100,700,1200,450,1,0,EPalBattleBGMType_FieldBoss,0,0,525,1,8,25,90,1,0,1,9,1,1,170,50,190,0,0,0,0,0,0,0,0,0,0,0,3,0,NULL,NULL,NULL,NULL
BOSS_HawkBird,PAL_NAME_HawkBird,BOSS_NAME_HawkBird,PARTNERSKILL_HawkBird,1,EPalTribeID_HawkBird,BOSS_HawkBird,-1,S,3,Normal,NULL,EPalGenusCategoryType_Bird,EPalOrganizationType_None,EPalWeaponType_None,0,100,100,95,80,100,100,"0,4","0,7",10,6300,Boss,NULL,150,150,600,850,450,1,0,EPalBattleBGMType_FieldBoss,0,0,475,1,7,25,90,1,0,0,9,1,1,100,50,420,0,0,0,0,0,2,0,0,0,0,0,0,0,NULL,NULL,NULL,NULL
BOSS_Hedgehog,PAL_NAME_Hedgehog,BOSS_NAME_Hedgehog,PARTNERSKILL_Hedgehog,1,EPalTribeID_Hedgehog,BOSS_Hedgehog,-1,S,1,Electricity,NULL,EPalGenusCategoryType_FourLegged,EPalOrganizationType_None,EPalWeaponType_None,0,70,70,75,70,100,100,"0,4","0,84",10,1060,NotInterested,NULL,30,60,400,550,215,1,0,EPalBattleBGMType_FieldBoss,0,0,150,1,2,25,90,1,0,0,9,0,1,100,50,1370,0,0,0,1,0,0,0,0,0,0,0,0,0,NULL,NULL,NULL,NULL
BOSS_Hedgehog_Ice,PAL_NAME_Hedgehog_Ice,BOSS_NAME_Hedgehog_Ice,PARTNERSKILL_Hedgehog_Ice,1,EPalTribeID_Hedgehog_Ice,BOSS_Hedgehog_Ice,-1,XL,2,Ice,NULL,EPalGenusCategoryType_FourLegged,EPalOrganizationType_None,EPalWeaponType_None,0,70,70,75,80,100,100,"0,2","0,7",10,1070,NotInterested,NULL,30,60,400,550,215,1,0,EPalBattleBGMType_FieldBoss,0,0,150,1,2,25,90,1,0,0,9,0,1,100,50,1360,0,0,0,0,0,0,0,0,0,0,1,0,0,NULL,NULL,NULL,NULL
BOSS_HerculesBeetle,PAL_NAME_HerculesBeetle,BOSS_NAME_HerculesBeetle,PARTNERSKILL_HerculesBeetle,1,EPalTribeID_HerculesBeetle,BOSS_HerculesBeetle,-1,XL,8,Earth,Leaf,EPalGenusCategoryType_Humanoid,EPalOrganizationType_None,EPalWeaponType_None,0,120,100,100,120,100,100,"0,2","0,7",10,6830,Boss,NULL,55,110,500,600,110,1,0,EPalBattleBGMType_FieldBoss,0,0,400,1,6,25,90,1,0,0,9,0,1,100,85,340,0,0,1,0,1,0,3,0,0,0,0,3,0,Deffence_up1,NULL,NULL,NULL
BOSS_Horus,PAL_NAME_Horus,BOSS_NAME_Horus,PARTNERSKILL_Horus,1,EPalTribeID_Horus,BOSS_Horus,-1,XL,9,Fire,NULL,EPalGenusCategoryType_Bird,EPalOrganizationType_None,EPalWeaponType_None,0,100,100,105,110,90,100,"0,2","0,7",10,6720,Boss,NULL,150,200,1000,1500,500,1,0,EPalBattleBGMType_FieldBoss,0,0,525,1,8,25,90,1,0,0,9,0,1,230,50,370,3,0,0,0,0,0,0,0,0,0,0,3,0,NULL,NULL,NULL,NULL
BOSS_IceDeer,PAL_NAME_IceDeer,BOSS_NAME_IceDeer,PARTNERSKILL_IceDeer,1,EPalTribeID_IceDeer,BOSS_IceDeer,-1,XL,4,Ice,NULL,EPalGenusCategoryType_FourLegged,EPalOrganizationType_None,EPalWeaponType_None,0,100,80,85,110,100,100,"0,2","0,7",10,2800,Boss,NULL,35,70,550,800,310,1,0,EPalBattleBGMType_FieldBoss,0,0,475,1,7,25,90,1,0,0,9,0,1,100,50,880,0,0,0,0,0,0,2,0,0,0,2,0,0,NULL,NULL,NULL,NULL
BOSS_IceFox,PAL_NAME_IceFox,BOSS_NAME_IceFox,PARTNERSKILL_IceFox,1,EPalTribeID_IceFox,BOSS_IceFox,-1,XL,5,Ice,NULL,EPalGenusCategoryType_FourLegged,EPalOrganizationType_None,EPalWeaponType_None,0,90,100,95,105,100,100,"0,2","0,7",10,3730,NotInterested,NULL,65,130,600,750,315,1,0,EPalBattleBGMType_FieldBoss,0,0,225,1,3,25,90,1,0,0,9,0,1,100,50,760,0,0,0,0,0,0,0,0,0,0,2,0,0,NULL,NULL,NULL,NULL
BOSS_IceHorse,PAL_NAME_IceHorse,BOSS_NAME_IceHorse,PARTNERSKILL_IceHorse,1,EPalTribeID_IceHorse,BOSS_IceHorse,-1,XL,20,Ice,NULL,EPalGenusCategoryType_FourLegged,EPalOrganizationType_None,EPalWeaponType_None,0,420,100,140,120,70,100,"0,1","0,7",10,8440,Boss,NULL,120,120,1000,1600,440,1,0,EPalBattleBGMType_Legend,0,0,475,1,7,25,90,1,0,0,9,0,1,300,50,120,0,0,0,0,0,0,0,0,0,0,4,0,0,Legend,ElementBoost_Ice_2_PAL,NULL,NULL
BOSS_IceHorse_Dark,PAL_NAME_IceHorse_Dark,BOSS_NAME_IceHorse_Dark,PARTNERSKILL_IceHorse_Dark,1,EPalTribeID_IceHorse_Dark,BOSS_IceHorse_Dark,-1,XL,20,Dark,NULL,EPalGenusCategoryType_FourLegged,EPalOrganizationType_None,EPalWeaponType_None,0,420,100,140,135,70,100,"0,1","0,7",10,8560,Boss,NULL,120,120,1000,1600,440,1,0,EPalBattleBGMType_Legend,0,0,475,1,7,25,90,1,0,1,9,0,1,300,50,100,0,0,0,0,0,4,0,0,0,0,0,0,0,Legend,NULL,NULL,NULL
BOSS_JetDragon,PAL_NAME_JetDragon,BOSS_NAME_JetDragon,PARTNERSKILL_JetDragon,1,EPalTribeID_JetDragon,BOSS_JetDragon,-1,XL,20,Dragon,NULL,EPalGenusCategoryType_Dragon,EPalOrganizationType_None,EPalWeaponType_None,0,330,100,140,110,100,100,"0,1","0,7",10,8680,Boss,NULL,600,800,1700,3300,1250,1,0,EPalBattleBGMType_Legend,0,0,600,1,9,25,90,1,0,0,9,0,1,100,50,90,0,0,0,0,0,3,0,0,3,0,0,0,0,Legend,ElementBoost_Dragon_2_PAL,NULL,NULL
BOSS_Kelpie,PAL_NAME_Kelpie,BOSS_NAME_Kelpie,PARTNERSKILL_Kelpie,1,EPalTribeID_Kelpie,BOSS_Kelpie,-1,L,1,Water,NULL,EPalGenusCategoryType_Dragon,EPalOrganizationType_None,EPalWeaponType_None,0,70,100,70,70,100,100,"0,2","0,7",10,1260,NotInterested,NULL,50,100,700,900,400,1,0,EPalBattleBGMType_FieldBoss,0,0,100,1,1,25,90,1,0,0,9,0,1,100,50,1260,0,1,0,0,0,0,0,0,0,0,0,0,0,NULL,NULL,NULL,NULL
BOSS_Kelpie_Fire,PAL_NAME_Kelpie_Fire,BOSS_NAME_Kelpie_Fire,PARTNERSKILL_Kelpie_Fire,1,EPalTribeID_Kelpie_Fire,BOSS_Kelpie_Fire,-1,L,2,Fire,NULL,EPalGenusCategoryType_Dragon,EPalOrganizationType_None,EPalWeaponType_None,0,70,100,70,70,100,100,"0,2","0,7",10,1240,NotInterested,NULL,50,100,700,900,400,1,0,EPalBattleBGMType_FieldBoss,0,0,100,1,1,25,90,1,0,0,9,0,1,100,50,1270,1,0,0,0,0,0,0,0,0,0,0,0,0,NULL,NULL,NULL,NULL
BOSS_KingAlpaca,PAL_NAME_KingAlpaca,BOSS_NAME_KingAlpaca,PARTNERSKILL_KingAlpaca,1,EPalTribeID_KingAlpaca,BOSS_KingAlpaca,-1,XL,8,Normal,NULL,EPalGenusCategoryType_FourLegged,EPalOrganizationType_None,EPalWeaponType_None,0,120,100,85,90,100,100,"0,2","0,7",10,5800,NotInterested,NULL,80,80,500,800,290,1,0,EPalBattleBGMType_FieldBoss,0,0,475,1,7,25,90,1,0,0,9,0,1,100,90,470,0,0,0,0,0,1,0,0,0,0,0,0,0,NULL,NULL,NULL,NULL
BOSS_KingAlpaca_Ice,PAL_NAME_KingAlpaca_Ice,BOSS_NAME_KingAlpaca_Ice,PARTNERSKILL_KingAlpaca_Ice,1,EPalTribeID_KingAlpaca_Ice,BOSS_KingAlpaca_Ice,-1,XL,9,Ice,NULL,EPalGenusCategoryType_FourLegged,EPalOrganizationType_None,EPalWeaponType_None,0,120,100,85,90,100,100,"0,2","0,7",10,6100,NotInterested,NULL,80,80,500,800,290,1,0,EPalBattleBGMType_FieldBoss,0,0,475,1,7,25,90,1,0,0,9,0,1,100,90,440,0,0,0,0,0,1,0,0,0,0,3,0,0,NULL,NULL,NULL,NULL
BOSS_KingBahamut,PAL_NAME_KingBahamut,BOSS_NAME_KingBahamut,PARTNERSKILL_KingBahamut,1,EPalTribeID_KingBahamut,BOSS_KingBahamut,-1,XL,9,Fire,NULL,EPalGenusCategoryType_FourLegged,EPalOrganizationType_None,EPalWeaponType_None,0,100,150,125,120,50,100,"0,2","0,7",10,10520,Boss,NULL,150,400,700,1000,500,1,0,EPalBattleBGMType_FieldBoss,0,0,600,1,9,25,90,1,0,0,9,0,1,100,50,10,3,0,0,0,0,0,0,4,0,0,0,0,0,ElementBoost_Fire_2_PAL,NULL,NULL,NULL
BOSS_Kirin,PAL_NAME_Kirin,BOSS_NAME_Kirin,PARTNERSKILL_Kirin,1,EPalTribeID_Kirin,BOSS_Kirin,-1,XL,5,Electricity,NULL,EPalGenusCategoryType_FourLegged,EPalOrganizationType_None,EPalWeaponType_None,0,80,110,105,105,100,100,"0,2","0,63",10,4280,Boss,NULL,80,130,720,1200,425,1,0,EPalBattleBGMType_FieldBoss,0,0,350,1,5,25,90,1,0,0,9,0,1,100,50,680,0,0,0,2,0,0,1,0,0,0,0,0,0,NULL,NULL,NULL,NULL
BOSS_Kitsunebi,PAL_NAME_Kitsunebi,BOSS_NAME_Kitsunebi,PARTNERSKILL_Kitsunebi,1,EPalTribeID_Kitsunebi,BOSS_Kitsunebi,-1,S,1,Fire,NULL,EPalGenusCategoryType_FourLegged,EPalOrganizationType_None,EPalWeaponType_None,0,65,70,75,70,100,100,"0,4","0,77",10,2560,NotInterested,NULL,40,80,400,550,240,1,0,EPalBattleBGMType_FieldBoss,0,0,150,1,2,25,90,1,0,0,9,0,1,100,50,1400,1,0,0,0,0,0,0,0,0,0,0,0,0,NULL,NULL,NULL,NULL
BOSS_LavaGirl,PAL_NAME_LavaGirl,BOSS_NAME_LavaGirl,PARTNERSKILL_LavaGirl,1,EPalTribeID_LavaGirl,BOSS_LavaGirl,-1,S,1,Fire,NULL,EPalGenusCategoryType_Humanoid,EPalOrganizationType_None,EPalWeaponType_None,0,60,100,70,80,100,100,"0,2","0,77",10,2500,NotInterested,NULL,65,98,250,375,140,1,0,EPalBattleBGMType_FieldBoss,0,0,150,1,2,25,90,1,0,0,9,0,1,100,50,1405,1,0,0,0,1,0,0,0,0,0,0,1,1,NULL,NULL,NULL,NULL
BOSS_LazyCatfish,PAL_NAME_LazyCatfish,BOSS_NAME_LazyCatfish,PARTNERSKILL_LazyCatfish,1,EPalTribeID_LazyCatfish,BOSS_LazyCatfish,-1,XL,4,Earth,NULL,EPalGenusCategoryType_Fish,EPalOrganizationType_None,EPalWeaponType_None,0,100,100,70,95,100,100,"0,4","0,7",10,4690,NotInterested,NULL,100,150,450,600,300,1,0,EPalBattleBGMType_FieldBoss,0,0,300,1,4,25,90,1,0,0,9,0,1,100,50,895,0,1,0,0,0,0,0,2,1,0,0,1,0,NULL,NULL,NULL,NULL
BOSS_LazyDragon,PAL_NAME_LazyDragon,BOSS_NAME_LazyDragon,PARTNERSKILL_LazyDragon,1,EPalTribeID_LazyDragon,BOSS_LazyDragon,-1,XL,8,Dragon,Water,EPalGenusCategoryType_Monster,EPalOrganizationType_None,EPalWeaponType_None,0,110,110,100,70,100,100,"0,2","0,7",10,10240,Boss,NULL,40,60,650,900,150,1,0,EPalBattleBGMType_FieldBoss,0,0,475,1,7,25,90,1,0,0,9,1,1,100,50,280,0,2,0,0,0,0,0,0,0,0,0,1,0,PAL_FullStomach_Up_1,NULL,NULL,NULL
BOSS_LazyDragon_Electric,PAL_NAME_LazyDragon_Electric,BOSS_NAME_LazyDragon_Electric,PARTNERSKILL_LazyDragon_Electric,1,EPalTribeID_LazyDragon_Electric,BOSS_LazyDragon_Electric,-1,XL,9,Dragon,Electricity,EPalGenusCategoryType_Monster,EPalOrganizationType_None,EPalWeaponType_None,0,110,110,110,75,100,100,"0,2","0,7",10,10380,Boss,NULL,40,60,650,900,150,1,0,EPalBattleBGMType_FieldBoss,0,0,475,1,7,25,90,1,0,0,9,1,1,100,50,270,0,0,0,3,0,0,0,0,0,0,0,1,0,NULL,NULL,NULL,NULL
BOSS_LilyQueen,PAL_NAME_LilyQueen,BOSS_NAME_LilyQueen,PARTNERSKILL_LilyQueen,1,EPalTribeID_LilyQueen,BOSS_LilyQueen,-1,XL,9,Leaf,NULL,EPalGenusCategoryType_Humanoid,EPalOrganizationType_None,EPalWeaponType_None,0,110,100,110,105,100,100,"0,2","0,7",10,7160,Boss,NULL,60,100,450,550,275,1,0,EPalBattleBGMType_FieldBoss,0,0,400,1,6,25,90,1,0,0,9,0,1,100,30,250,0,0,4,0,3,2,0,0,0,3,0,0,0,ElementBoost_Leaf_2_PAL,NULL,NULL,NULL
BOSS_LilyQueen_Dark,PAL_NAME_LilyQueen_Dark,BOSS_NAME_LilyQueen_Dark,PARTNERSKILL_LilyQueen_Dark,1,EPalTribeID_LilyQueen_Dark,BOSS_LilyQueen_Dark,-1,XL,10,Dark,NULL,EPalGenusCategoryType_Humanoid,EPalOrganizationType_None,EPalWeaponType_None,0,110,100,110,115,100,100,"0,2","0,7",10,7610,Boss,NULL,60,100,450,550,275,1,0,EPalBattleBGMType_FieldBoss,0,0,400,1,6,25,90,1,0,0,9,0,1,100,30,210,0,0,0,0,3,2,0,0,0,3,0,0,0,NULL,NULL,NULL,NULL
BOSS_LittleBriarRose,PAL_NAME_LittleBriarRose,BOSS_NAME_LittleBriarRose,PARTNERSKILL_LittleBriarRose,1,EPalTribeID_LittleBriarRose,BOSS_LittleBriarRose,-1,XL,1,Leaf,NULL,EPalGenusCategoryType_Humanoid,EPalOrganizationType_None,EPalWeaponType_None,0,80,80,80,80,100,100,"0,2","0,7",10,1140,NotInterested,NULL,50,100,400,550,250,1,0,EPalBattleBGMType_FieldBoss,0,0,350,1,5,25,90,1,0,0,9,0,1,100,50,1320,0,0,1,0,1,1,0,0,0,2,0,1,0,NULL,NULL,NULL,NULL
BOSS_LizardMan,PAL_NAME_LizardMan,BOSS_NAME_LizardMan,PARTNERSKILL_LizardMan,1,EPalTribeID_LizardMan,BOSS_LizardMan,-1,XL,2,Dark,NULL,EPalGenusCategoryType_Humanoid,EPalOrganizationType_None,EPalWeaponType_None,0,80,90,80,50,100,100,"0,4","0,7",10,1720,Boss,NULL,100,140,600,800,270,1,0,EPalBattleBGMType_FieldBoss,0,0,225,1,3,25,90,1,0,1,9,1,1,100,50,1120,0,0,0,0,1,1,0,0,0,0,0,1,0,NULL,NULL,NULL,NULL
BOSS_LizardMan_Fire,PAL_NAME_LizardMan_Fire,BOSS_NAME_LizardMan_Fire,PARTNERSKILL_LizardMan_Fire,1,EPalTribeID_LizardMan_Fire,BOSS_LizardMan_Fire,-1,XL,3,Fire,NULL,EPalGenusCategoryType_Humanoid,EPalOrganizationType_None,EPalWeaponType_None,0,80,90,80,50,100,100,"0,2","0,7",10,1640,Boss,NULL,100,140,400,550,270,1,0,EPalBattleBGMType_FieldBoss,0,0,225,1,3,25,90,1,0,0,9,1,1,100,50,1140,1,0,0,0,1,1,0,0,0,0,0,1,0,NULL,NULL,NULL,NULL
BOSS_Manticore,PAL_NAME_Manticore,BOSS_NAME_Manticore,PARTNERSKILL_Manticore,1,EPalTribeID_Manticore,BOSS_Manticore,-1,XL,7,Fire,NULL,EPalGenusCategoryType_FourLegged,EPalOrganizationType_None,EPalWeaponType_None,0,105,100,110,80,100,100,"0,2","0,7",10,4040,Boss,NULL,90,180,750,1000,465,1,0,EPalBattleBGMType_FieldBoss,0,0,475,1,7,25,90,1,0,0,9,1,1,100,50,710,3,0,0,0,0,0,2,0,0,0,0,0,0,NULL,NULL,NULL,NULL
BOSS_Manticore_Dark,PAL_NAME_Manticore_Dark,BOSS_NAME_Manticore_Dark,PARTNERSKILL_Manticore_Dark,1,EPalTribeID_Manticore_Dark,BOSS_Manticore_Dark,-1,XL,8,Fire,Dark,EPalGenusCategoryType_FourLegged,EPalOrganizationType_None,EPalWeaponType_None,0,105,100,115,80,100,100,"0,2","0,7",10,4360,Boss,NULL,60,90,750,1000,420,1,0,EPalBattleBGMType_FieldBoss,0,0,475,1,7,25,90,1,0,1,9,1,1,100,50,670,3,0,0,0,0,0,2,0,0,0,0,0,0,NULL,NULL,NULL,NULL
BOSS_Monkey,PAL_NAME_Monkey,BOSS_NAME_Monkey,PARTNERSKILL_Monkey,1,EPalTribeID_Monkey,BOSS_Monkey,-1,S,1,Leaf,NULL,EPalGenusCategoryType_Humanoid,EPalOrganizationType_None,EPalWeaponType_None,0,80,100,70,70,100,100,"0,4","0,77",10,1280,NotInterested,NULL,48,48,300,400,174,1,0,EPalBattleBGMType_FieldBoss,0,0,150,1,2,25,90,1,0,0,9,0,1,100,50,1250,0,0,1,0,1,1,1,0,0,0,0,1,0,NULL,NULL,NULL,NULL
BOSS_MopBaby,PAL_NAME_MopBaby,BOSS_NAME_MopBaby,PARTNERSKILL_MopBaby,1,EPalTribeID_MopBaby,BOSS_MopBaby,-1,S,1,Ice,NULL,EPalGenusCategoryType_Other,EPalOrganizationType_None,EPalWeaponType_None,0,60,100,60,60,100,100,"0,4","0,77",10,1110,NotInterested,NULL,55,100,250,400,175,1,0,EPalBattleBGMType_FieldBoss,0,0,150,1,2,25,90,1,0,0,9,0,1,100,50,1300,0,0,0,0,0,1,0,0,0,0,1,0,0,NULL,NULL,NULL,NULL
BOSS_MopKing,PAL_NAME_MopKing,BOSS_NAME_MopKing,PARTNERSKILL_MopKing,1,EPalTribeID_MopKing,BOSS_MopKing,-1,XL,6,Ice,NULL,EPalGenusCategoryType_Other,EPalOrganizationType_None,EPalWeaponType_None,0,100,100,90,90,100,100,"0,4","0,7",10,6000,NotInterested,NULL,60,120,300,600,210,1,0,EPalBattleBGMType_FieldBoss,0,0,225,1,3,25,90,1,0,0,9,0,1,100,50,410,0,0,0,0,0,2,0,0,0,0,2,0,0,NULL,NULL,NULL,NULL
BOSS_Mutant,PAL_NAME_Mutant,BOSS_NAME_Mutant,PARTNERSKILL_Mutant,1,EPalTribeID_Mutant,BOSS_Mutant,-1,XL,6,Normal,NULL,EPalGenusCategoryType_Humanoid,EPalOrganizationType_None,EPalWeaponType_None,0,90,80,100,90,100,100,"0,2","0,7",10,1760,Boss,NULL,80,130,500,650,315,1,0,EPalBattleBGMType_FieldBoss,0,0,150,1,2,25,90,1,0,0,9,0,1,100,50,1110,0,0,0,0,3,1,0,0,0,0,0,1,0,NULL,NULL,NULL,NULL
BOSS_NaughtyCat,PAL_NAME_NaughtyCat,BOSS_NAME_NaughtyCat,PARTNERSKILL_NaughtyCat,1,EPalTribeID_NaughtyCat,BOSS_NaughtyCat,-1,XL,6,Normal,NULL,EPalGenusCategoryType_FourLegged,EPalOrganizationType_None,EPalWeaponType_None,0,110,100,80,80,100,100,"0,2","0,7",10,5510,NotInterested,NULL,32,64,600,900,332,1,0,EPalBattleBGMType_FieldBoss,0,0,300,1,4,25,90,1,0,0,9,0,1,100,50,510,0,0,0,0,0,2,0,0,0,0,0,0,0,NULL,NULL,NULL,NULL
BOSS_NegativeKoala,PAL_NAME_NegativeKoala,BOSS_NAME_NegativeKoala,PARTNERSKILL_NegativeKoala,1,EPalTribeID_NegativeKoala,BOSS_NegativeKoala,-1,M,1,Dark,NULL,EPalGenusCategoryType_Humanoid,EPalOrganizationType_None,EPalWeaponType_None,0,70,70,70,70,100,100,"0,4","0,7",10,1050,Boss,NULL,10,10,300,400,100,1,0,EPalBattleBGMType_FieldBoss,0,0,150,1,2,25,90,1,0,1,9,0,1,100,50,1380,0,0,0,0,1,0,0,1,0,0,0,1,0,NULL,NULL,NULL,NULL
BOSS_NegativeOctopus,PAL_NAME_NegativeOctopus,BOSS_NAME_NegativeOctopus,PARTNERSKILL_NegativeOctopus,1,EPalTribeID_NegativeOctopus,BOSS_NegativeOctopus,-1,XL,1,Dark,NULL,EPalGenusCategoryType_Other,EPalOrganizationType_None,EPalWeaponType_None,0,60,100,60,70,100,100,"0,4","0,7",10,1200,NotInterested,NULL,60,120,400,550,260,1,0,EPalBattleBGMType_FieldBoss,0,0,225,1,3,25,90,1,0,1,9,0,1,100,50,1290,0,0,0,0,0,1,0,0,0,0,0,2,0,NULL,NULL,NULL,NULL
BOSS_NightFox,PAL_NAME_NightFox,BOSS_NAME_NightFox,PARTNERSKILL_NightFox,1,EPalTribeID_NightFox,BOSS_NightFox,-1,M,6,Dark,NULL,EPalGenusCategoryType_FourLegged,EPalOrganizationType_None,EPalWeaponType_None,0,75,70,85,70,140,100,"0,4","0,7",10,1480,NotInterested,NULL,30,60,300,500,164,1,0,EPalBattleBGMType_FieldBoss,0,0,150,1,2,25,90,1,0,0,9,0,1,100,50,1180,0,0,0,0,0,1,0,0,0,0,0,0,0,NULL,NULL,NULL,NULL
BOSS_Penguin,PAL_NAME_Penguin,BOSS_NAME_Penguin,PARTNERSKILL_Penguin,1,EPalTribeID_Penguin,BOSS_Penguin,-1,M,1,Ice,Water,EPalGenusCategoryType_Humanoid,EPalOrganizationType_None,EPalWeaponType_None,0,70,70,75,70,100,100,"0,4","0,63",10,1080,NotInterested,NULL,30,60,500,650,265,1,0,EPalBattleBGMType_FieldBoss,0,0,150,1,2,25,90,1,0,0,9,0,1,100,50,1350,0,1,0,0,1,0,0,0,0,0,1,1,0,NULL,NULL,NULL,NULL
BOSS_PinkCat,PAL_NAME_PInkCat,BOSS_NAME_PinkCat,PARTNERSKILL_PinkCat,1,EPalTribeID_PinkCat,BOSS_PinkCat,-1,M,1,Normal,NULL,EPalGenusCategoryType_Humanoid,EPalOrganizationType_None,EPalWeaponType_None,0,70,70,70,70,100,100,"0,4","1,05",10,1000,NotInterested,NULL,30,60,400,550,160,1,0,EPalBattleBGMType_FieldBoss,0,0,150,1,2,25,90,1,0,0,9,0,1,100,50,1460,0,0,0,0,1,1,0,1,0,0,0,1,0,PAL_ALLAttack_down1,NULL,NULL,NULL
BOSS_PinkKangaroo,PAL_NAME_PinkKangaroo,BOSS_NAME_PinkKangaroo,PARTNERSKILL_PinkKangaroo,1,EPalTribeID_PinkKangaroo,BOSS_PinkKangaroo,-1,XL,0,Normal,NULL,EPalGenusCategoryType_Humanoid,EPalOrganizationType_None,EPalWeaponType_None,0,100,100,100,100,100,100,"0,2","0,7",10,3660,Boss,NULL,-1,-1,-1,-1,-1,1,0,EPalBattleBGMType_FieldBoss,0,0,350,1,5,25,90,1,0,0,9,0,1,100,50,0,0,0,0,0,0,0,0,0,0,0,0,0,0,NULL,NULL,NULL,NULL
BOSS_PinkLizard,PAL_NAME_PinkLizard,BOSS_NAME_PinkLizard,PARTNERSKILL_PinkLizard,1,EPalTribeID_PinkLizard,BOSS_PinkLizard,-1,XL,5,Normal,NULL,EPalGenusCategoryType_Humanoid,EPalOrganizationType_None,EPalWeaponType_None,0,120,70,70,70,140,100,"0,2","0,7",10,2450,Boss,NULL,90,170,750,850,460,1,0,EPalBattleBGMType_FieldBoss,0,0,350,1,5,25,90,1,0,1,9,0,1,100,30,940,0,0,0,0,2,0,0,1,0,2,0,2,0,ElementResist_Normal_1_PAL,NULL,NULL,NULL
BOSS_PinkRabbit,PAL_NAME_PinkRabbit,BOSS_NAME_PinkRabbit,PARTNERSKILL_PinkRabbit,1,EPalTribeID_PinkRabbit,BOSS_PinkRabbit,-1,S,1,Normal,NULL,EPalGenusCategoryType_Humanoid,EPalOrganizationType_None,EPalWeaponType_None,0,75,100,65,70,100,100,"0,2","0,7",10,1160,NotInterested,NULL,50,100,245,350,172,1,0,EPalBattleBGMType_FieldBoss,0,0,150,1,2,25,90,1,0,0,9,0,1,100,50,1310,0,0,0,0,1,1,0,0,0,0,0,1,0,NULL,NULL,NULL,NULL
BOSS_PlantSlime,PAL_NAME_PlantSlime,BOSS_NAME_PlantSlime,PARTNERSKILL_PlantSlime,1,EPalTribeID_PlantSlime,BOSS_PlantSlime,-1,XL,1,Earth,Leaf,EPalGenusCategoryType_Other,EPalOrganizationType_None,EPalWeaponType_None,0,70,100,70,70,100,100,"0,4","0,91",10,1310,NotInterested,NULL,50,50,300,400,175,1,0,EPalBattleBGMType_FieldBoss,0,0,100,1,1,25,90,1,0,0,9,0,1,100,50,1240,0,0,1,0,0,0,0,0,0,0,0,0,0,NULL,NULL,NULL,NULL
BOSS_PlantSlime_Flower,PAL_NAME_PlantSlime,BOSS_NAME_PlantSlime,PARTNERSKILL_PlantSlime,1,EPalTribeID_PlantSlime,BOSS_PlantSlime_Flower,-1,XL,1,Earth,Leaf,EPalGenusCategoryType_Other,EPalOrganizationType_None,EPalWeaponType_None,0,70,100,70,70,100,100,"0,4","0,91",10,1310,NotInterested,NULL,50,50,300,400,175,1,0,EPalBattleBGMType_FieldBoss,0,0,100,1,1,25,90,1,0,0,9,0,1,100,50,1240,0,0,1,0,0,0,0,0,0,0,0,0,0,NULL,NULL,NULL,NULL
BOSS_QueenBee,PAL_NAME_QueenBee,BOSS_NAME_QueenBee,PARTNERSKILL_QueenBee,1,EPalTribeID_QueenBee,BOSS_QueenBee,-1,XL,8,Leaf,NULL,EPalGenusCategoryType_Humanoid,EPalOrganizationType_None,EPalWeaponType_None,0,90,100,105,100,100,100,"0,2","0,7",10,6830,Boss,NULL,150,250,450,550,350,1,0,EPalBattleBGMType_FieldBoss,0,0,475,1,7,25,90,1,0,0,9,0,1,100,10,330,0,0,2,0,2,2,1,0,0,2,0,0,0,NULL,NULL,NULL,NULL
BOSS_RaijinDaughter,PAL_NAME_RaijinDaughter,BOSS_NAME_RaijinDaughter,PARTNERSKILL_RaijinDaughter,1,EPalTribeID_RaijinDaughter,BOSS_RaijinDaughter,-1,XL,2,Electricity,NULL,EPalGenusCategoryType_Humanoid,EPalOrganizationType_None,EPalWeaponType_None,0,70,110,80,70,100,100,"0,2","0,7",10,1390,NotInterested,NULL,120,200,400,550,300,1,0,EPalBattleBGMType_FieldBoss,0,0,150,1,2,25,90,1,0,0,9,0,1,100,20,1210,0,0,0,1,1,0,0,0,0,0,0,1,0,NULL,NULL,NULL,NULL
BOSS_RedArmorBird,PAL_NAME_RedArmorBird,BOSS_NAME_RedArmorBird,PARTNERSKILL_RedArmorBird,1,EPalTribeID_RedArmorBird,BOSS_RedArmorBird,-1,XL,7,Fire,NULL,EPalGenusCategoryType_Bird,EPalOrganizationType_None,EPalWeaponType_None,0,95,100,105,120,100,100,"0,2","0,7",10,6720,Boss,NULL,100,200,800,1400,375,1,0,EPalBattleBGMType_FieldBoss,0,0,475,1,7,25,90,1,0,0,0,1,1,150,50,380,3,0,0,0,0,0,0,0,0,0,0,3,0,NULL,NULL,NULL,NULL
BOSS_RobinHood,PAL_NAME_RobinHood,BOSS_NAME_RobinHood,PARTNERSKILL_RobinHood,1,EPalTribeID_RobinHood,BOSS_RobinHood,-1,XL,0,Leaf,NULL,EPalGenusCategoryType_Humanoid,EPalOrganizationType_None,EPalWeaponType_None,0,90,100,105,80,100,100,"0,2","0,7",10,2050,Boss,NULL,100,100,600,750,400,1,0,EPalBattleBGMType_FieldBoss,0,0,225,1,3,25,90,1,0,0,9,0,1,100,50,1020,0,0,1,0,2,2,1,0,0,1,0,2,0,NULL,NULL,NULL,NULL
BOSS_RobinHood_Ground,PAL_NAME_RobinHood_Ground,BOSS_NAME_RobinHood_Ground,PARTNERSKILL_RobinHood_Ground,1,EPalTribeID_RobinHood_Ground,BOSS_RobinHood_Ground,-1,XL,6,Leaf,Earth,EPalGenusCategoryType_Humanoid,EPalOrganizationType_None,EPalWeaponType_None,0,90,100,105,80,100,100,"0,2","0,7",10,2150,Boss,NULL,100,100,600,750,400,1,0,EPalBattleBGMType_FieldBoss,0,0,225,1,3,25,90,1,0,0,9,0,1,100,50,1000,0,0,0,0,2,2,1,0,0,1,0,2,0,NULL,NULL,NULL,NULL
BOSS_Ronin,PAL_NAME_Ronin,BOSS_NAME_Ronin,PARTNERSKILL_Ronin,1,EPalTribeID_Ronin,BOSS_Ronin,-1,XL,7,Fire,NULL,EPalGenusCategoryType_Humanoid,EPalOrganizationType_None,EPalWeaponType_None,0,80,100,125,80,100,100,"0,2","0,7",10,4520,Boss,NULL,80,160,600,900,320,1,0,EPalBattleBGMType_FieldBoss,0,0,300,1,4,25,90,1,0,0,9,0,1,100,50,640,2,0,0,0,1,1,3,0,0,0,0,2,0,NULL,NULL,NULL,NULL
BOSS_SaintCentaur,PAL_NAME_SaintCentaur,BOSS_NAME_SaintCentaur,PARTNERSKILL_SaintCentaur,1,EPalTribeID_SaintCentaur,BOSS_SaintCentaur,-1,XL,20,Normal,NULL,EPalGenusCategoryType_FourLegged,EPalOrganizationType_None,EPalWeaponType_None,0,260,110,120,145,100,100,"0,1","0,7",10,8810,Boss,NULL,50,100,800,1400,450,1,0,EPalBattleBGMType_Legend,0,0,600,1,9,25,90,1,0,0,9,0,1,100,50,80,0,0,0,0,0,0,2,2,0,0,0,0,0,Legend,ElementBoost_Normal_2_PAL,NULL,NULL
BOSS_SakuraSaurus,PAL_NAME_SakuraSaurus,BOSS_NAME_SakuraSaurus,PARTNERSKILL_SakuraSaurus,1,EPalTribeID_SakuraSaurus,BOSS_SakuraSaurus,-1,XL,7,Leaf,NULL,EPalGenusCategoryType_FourLegged,EPalOrganizationType_None,EPalWeaponType_None,0,120,80,90,100,120,100,"0,2","0,7",10,2920,NotInterested,NULL,50,75,350,600,200,1,0,EPalBattleBGMType_FieldBoss,0,0,475,1,7,25,90,1,0,0,9,0,1,100,50,860,0,0,3,0,0,0,0,0,0,0,0,0,0,NULL,NULL,NULL,NULL
BOSS_SakuraSaurus_Water,PAL_NAME_SakuraSaurus_Water,BOSS_NAME_SakuraSaurus_Water,PARTNERSKILL_SakuraSaurus_Water,1,EPalTribeID_SakuraSaurus_Water,BOSS_SakuraSaurus_Water,-1,XL,8,Leaf,Water,EPalGenusCategoryType_FourLegged,EPalOrganizationType_None,EPalWeaponType_None,0,120,80,95,100,120,100,"0,2","0,7",10,3110,NotInterested,NULL,50,75,350,600,200,1,0,EPalBattleBGMType_FieldBoss,0,0,475,1,7,25,90,1,0,0,9,0,1,100,50,840,0,3,0,0,0,0,0,0,0,0,0,0,0,NULL,NULL,NULL,NULL
BOSS_ScorpionMan,PAL_NAME_ScorpionMan,BOSS_NAME_ScorpionMan,PARTNERSKILL_ScorpionMan,1,EPalTribeID_ScorpionMan,BOSS_ScorpionMan,-1,XL,0,Dark,NULL,EPalGenusCategoryType_Humanoid,EPalOrganizationType_None,EPalWeaponType_None,0,100,100,100,100,100,100,"0,2","0,7",10,8080,Boss,NULL,-1,-1,-1,-1,-1,1,0,EPalBattleBGMType_FieldBoss,0,0,300,1,4,25,90,1,0,1,9,0,1,100,50,0,0,0,0,0,0,1,3,0,2,1,0,0,0,NULL,NULL,NULL,NULL
BOSS_Serpent,PAL_NAME_Serpent,BOSS_NAME_Serpent,PARTNERSKILL_Serpent,1,EPalTribeID_Serpent,BOSS_Serpent,-1,XL,4,Water,NULL,EPalGenusCategoryType_Fish,EPalOrganizationType_None,EPalWeaponType_None,0,90,70,90,80,100,100,"0,2","0,7",10,5050,NotInterested,NULL,100,200,500,750,350,1,0,EPalBattleBGMType_FieldBoss,0,0,350,1,5,25,90,1,0,0,9,1,1,100,50,560,0,2,0,0,0,0,0,0,0,0,0,0,0,NULL,NULL,NULL,NULL
BOSS_Serpent_Ground,PAL_NAME_Serpent_Ground,BOSS_NAME_Serpent_Ground,PARTNERSKILL_Serpent_Ground,1,EPalTribeID_Serpent_Ground,BOSS_Serpent_Ground,-1,XL,5,Earth,NULL,EPalGenusCategoryType_Fish,EPalOrganizationType_None,EPalWeaponType_None,0,90,70,90,100,100,100,"0,2","0,7",10,5140,NotInterested,NULL,100,200,500,750,350,1,0,EPalBattleBGMType_FieldBoss,0,0,350,1,5,25,90,1,0,0,9,1,1,100,50,550,0,0,0,0,0,1,0,0,0,0,0,0,0,NULL,NULL,NULL,NULL
BOSS_SharkKid,PAL_NAME_SharkKid,BOSS_NAME_SharkKid,PARTNERSKILL_SharkKid,1,EPalTribeID_SharkKid,BOSS_SharkKid,-1,M,2,Water,NULL,EPalGenusCategoryType_Humanoid,EPalOrganizationType_None,EPalWeaponType_None,0,90,90,90,75,100,100,"0,2","0,7",10,1840,Boss,NULL,50,80,400,500,120,1,0,EPalBattleBGMType_FieldBoss,0,0,225,1,3,25,90,1,0,0,9,1,1,100,50,1090,0,2,0,0,1,0,0,0,0,0,0,1,0,NULL,NULL,NULL,NULL
BOSS_SharkKid_Fire,PAL_NAME_SharkKid_Fire,BOSS_NAME_SharkKid_Fire,PARTNERSKILL_SharkKid_Fire,1,EPalTribeID_SharkKid_Fire,BOSS_SharkKid_Fire,-1,M,3,Fire,NULL,EPalGenusCategoryType_Humanoid,EPalOrganizationType_None,EPalWeaponType_None,0,90,90,90,75,100,100,"0,2","0,7",10,1800,Boss,NULL,50,80,400,500,120,1,0,EPalBattleBGMType_FieldBoss,0,0,225,1,3,25,90,1,0,0,9,1,1,100,50,1100,2,0,0,0,1,0,0,0,0,0,0,1,0,NULL,NULL,NULL,NULL
BOSS_SheepBall,PAL_NAME_SheepBall,BOSS_NAME_SheepBall,PARTNERSKILL_SheepBall,1,EPalTribeID_SheepBall,BOSS_SheepBall,-1,M,1,Normal,NULL,EPalGenusCategoryType_Humanoid,EPalOrganizationType_None,EPalWeaponType_None,0,70,70,70,70,100,100,"0,4","1,05",10,1000,NotInterested,NULL,23,40,400,550,160,1,0,EPalBattleBGMType_FieldBoss,0,0,150,1,2,25,90,1,0,0,9,0,1,100,50,1470,0,0,0,0,1,0,0,0,0,0,0,1,1,NULL,NULL,NULL,NULL
BOSS_SifuDog,PAL_NAME_SifuDog,BOSS_NAME_SifuDog,PARTNERSKILL_SifuDog,1,EPalTribeID_SifuDog,BOSS_SifuDog,-1,XL,0,Normal,NULL,EPalGenusCategoryType_Humanoid,EPalOrganizationType_None,EPalWeaponType_None,0,100,100,100,100,100,100,"0,2","0,7",10,4440,Boss,NULL,-1,-1,-1,-1,-1,1,0,EPalBattleBGMType_FieldBoss,0,0,300,1,4,25,90,1,0,0,9,0,1,100,50,0,0,0,0,0,3,2,2,0,0,1,0,2,0,NULL,NULL,NULL,NULL
BOSS_SkyDragon,PAL_NAME_SkyDragon,BOSS_NAME_SkyDragon,PARTNERSKILL_SkyDragon,1,EPalTribeID_SkyDragon,BOSS_SkyDragon,-1,XL,7,Dragon,NULL,EPalGenusCategoryType_Dragon,EPalOrganizationType_None,EPalWeaponType_None,0,105,100,100,100,100,100,"0,2","0,7",10,6830,Boss,NULL,120,240,800,1050,470,1,0,EPalBattleBGMType_FieldBoss,0,0,300,1,4,25,90,1,0,0,9,0,1,220,50,350,0,0,0,0,1,2,0,2,0,0,0,3,0,NULL,NULL,NULL,NULL
BOSS_SoldierBee,PAL_NAME_SoldierBee,BOSS_NAME_SoldierBee,PARTNERSKILL_SoldierBee,1,EPalTribeID_SoldierBee,BOSS_SoldierBee,-1,XL,4,Leaf,NULL,EPalGenusCategoryType_Humanoid,EPalOrganizationType_None,EPalWeaponType_None,0,80,100,90,90,100,100,"0,2","0,7",10,1880,Boss,NULL,125,250,450,550,350,1,0,EPalBattleBGMType_FieldBoss,0,0,225,1,3,25,90,1,0,0,9,0,1,100,10,1070,0,0,1,0,1,1,1,0,0,1,0,2,1,NULL,NULL,NULL,NULL
BOSS_Suzaku,PAL_NAME_Suzaku,BOSS_NAME_Suzaku,PARTNERSKILL_Suzaku,1,EPalTribeID_Suzaku,BOSS_Suzaku,-1,XL,8,Fire,NULL,EPalGenusCategoryType_Bird,EPalOrganizationType_None,EPalWeaponType_None,0,120,100,105,105,100,100,"0,2","0,7",10,9840,Boss,NULL,100,200,850,1200,450,1,0,EPalBattleBGMType_FieldBoss,0,0,525,1,8,25,90,1,0,0,9,0,1,350,50,50,3,0,0,0,0,0,0,0,0,0,0,0,0,NULL,NULL,NULL,NULL
BOSS_Suzaku_Water,PAL_NAME_Suzaku_Water,BOSS_NAME_Suzaku_Water,PARTNERSKILL_Suzaku_Water,1,EPalTribeID_Suzaku_Water,BOSS_Suzaku_Water,-1,XL,9,Water,NULL,EPalGenusCategoryType_Bird,EPalOrganizationType_None,EPalWeaponType_None,0,125,100,105,105,100,100,"0,2","0,7",10,10110,Boss,NULL,100,200,850,1200,450,1,0,EPalBattleBGMType_FieldBoss,0,0,525,1,8,25,90,1,0,0,9,0,1,350,50,30,0,3,0,0,0,0,0,0,0,0,0,0,0,NULL,NULL,NULL,NULL
BOSS_SweetsSheep,PAL_NAME_SweetsSheep,BOSS_NAME_SweetsSheep,PARTNERSKILL_SweetsSheep,1,EPalTribeID_SweetsSheep,BOSS_SweetsSheep,-1,XL,3,Normal,NULL,EPalGenusCategoryType_FourLegged,EPalOrganizationType_None,EPalWeaponType_None,0,70,70,70,90,100,100,"0,2","0,7",10,1450,NotInterested,NULL,50,100,300,400,200,1,0,EPalBattleBGMType_FieldBoss,0,0,150,1,2,25,90,1,0,0,9,0,1,100,50,1190,0,0,0,0,0,0,0,0,0,0,0,0,1,NULL,NULL,NULL,NULL
BOSS_TentacleTurtle,PAL_NAME_TentacleTurtle,BOSS_NAME_TentacleTurtle,PARTNERSKILL_TentacleTurtle,1,EPalTribeID_TentacleTurtle,BOSS_TentacleTurtle,-1,XL,0,Water,NULL,EPalGenusCategoryType_Other,EPalOrganizationType_None,EPalWeaponType_None,0,100,100,100,100,100,100,"0,2","0,7",10,2300,Boss,NULL,-1,-1,-1,-1,-1,1,0,EPalBattleBGMType_FieldBoss,0,0,300,1,4,25,90,1,0,0,9,0,1,100,50,0,0,0,0,0,0,0,0,1,0,0,0,2,0,NULL,NULL,NULL,NULL
BOSS_ThunderBird,PAL_NAME_ThunderBird,BOSS_NAME_ThunderBird,PARTNERSKILL_ThunderBird,1,EPalTribeID_ThunderBird,BOSS_ThunderBird,-1,XL,6,Electricity,NULL,EPalGenusCategoryType_Bird,EPalOrganizationType_None,EPalWeaponType_None,0,105,100,115,80,100,100,"0,2","0,7",10,7490,Boss,NULL,100,200,750,1300,375,1,0,EPalBattleBGMType_FieldBoss,0,0,475,1,7,25,90,1,0,0,9,1,1,160,50,220,0,0,0,2,0,1,0,0,0,0,0,3,0,NULL,NULL,NULL,NULL
BOSS_ThunderDog,PAL_NAME_ThunderDog,BOSS_NAME_ThunderDog,PARTNERSKILL_ThunderDog,1,EPalTribeID_ThunderDog,BOSS_ThunderDog,-1,XL,5,Electricity,NULL,EPalGenusCategoryType_FourLegged,EPalOrganizationType_None,EPalWeaponType_None,0,90,100,100,80,100,100,"0,2","0,7",10,3880,Boss,NULL,110,210,700,1200,455,1,0,EPalBattleBGMType_FieldBoss,0,0,350,1,5,25,90,1,0,0,9,1,1,100,50,740,0,0,0,2,0,0,0,0,0,0,0,0,0,NULL,NULL,NULL,NULL
BOSS_ThunderDragonMan,PAL_NAME_ThunderDragonMan,BOSS_NAME_ThunderDragonMan,PARTNERSKILL_ThunderDragonMan,1,EPalTribeID_ThunderDragonMan,BOSS_ThunderDragonMan,-1,XL,9,Dragon,Electricity,EPalGenusCategoryType_Humanoid,EPalOrganizationType_None,EPalWeaponType_None,0,100,100,130,100,100,100,"0,2","0,7",10,8320,Boss,NULL,100,185,900,1200,250,1,0,EPalBattleBGMType_FieldBoss,0,0,475,1,7,25,90,1,0,0,9,1,1,100,50,140,0,0,0,4,2,0,0,0,0,0,0,3,0,ElementBoost_Thunder_2_PAL,NULL,NULL,NULL
BOSS_Umihebi,PAL_NAME_Umihebi,BOSS_NAME_Umihebi,PARTNERSKILL_Umihebi,1,EPalTribeID_Umihebi,BOSS_Umihebi,-1,XL,8,Dragon,Water,EPalGenusCategoryType_Fish,EPalOrganizationType_None,EPalWeaponType_None,0,130,150,120,100,100,100,"0,2","0,7",10,9320,Boss,NULL,100,175,525,800,350,1,0,EPalBattleBGMType_FieldBoss,0,0,475,1,7,25,90,1,0,0,9,1,1,100,50,310,0,4,0,0,0,0,0,0,0,0,0,0,0,ElementBoost_Aqua_2_PAL,NULL,NULL,NULL
BOSS_Umihebi_Fire,PAL_NAME_Umihebi_Fire,BOSS_NAME_Umihebi_Fire,PARTNERSKILL_Umihebi_Fire,1,EPalTribeID_Umihebi_Fire,BOSS_Umihebi_Fire,-1,XL,9,Dragon,Fire,EPalGenusCategoryType_Fish,EPalOrganizationType_None,EPalWeaponType_None,0,130,150,130,100,100,100,"0,2","0,7",10,9320,Boss,NULL,100,175,525,800,350,1,0,EPalBattleBGMType_FieldBoss,0,0,475,1,7,25,90,1,0,0,9,1,1,100,50,315,4,0,0,0,0,0,0,0,0,0,0,0,0,NULL,NULL,NULL,NULL
BOSS_VioletFairy,PAL_NAME_VioletFairy,BOSS_NAME_VioletFairy,PARTNERSKILL_VioletFairy,1,EPalTribeID_VioletFairy,BOSS_VioletFairy,-1,XL,8,Leaf,NULL,EPalGenusCategoryType_Humanoid,EPalOrganizationType_None,EPalWeaponType_None,0,100,100,100,120,100,100,"0,2","0,7",10,1960,NotInterested,NULL,100,150,400,550,275,1,0,EPalBattleBGMType_FieldBoss,0,0,225,1,3,25,90,1,0,0,9,0,1,100,50,1050,0,0,2,0,2,2,0,0,0,3,0,1,0,NULL,NULL,NULL,NULL
BOSS_VolcanicMonster,PAL_NAME_VolcanicMonster,BOSS_NAME_VolcanicMonster,PARTNERSKILL_VolcanicMonster,1,EPalTribeID_VolcanicMonster,BOSS_VolcanicMonster,-1,XL,0,Fire,Earth,EPalGenusCategoryType_FourLegged,EPalOrganizationType_None,EPalWeaponType_None,0,110,100,105,120,100,100,"0,2","0,7",10,6940,Boss,NULL,50,80,390,650,235,1,0,EPalBattleBGMType_FieldBoss,0,0,350,1,5,25,90,1,0,0,9,1,1,100,50,320,3,0,0,0,0,0,0,3,0,0,0,0,0,NULL,NULL,NULL,NULL
BOSS_VolcanicMonster_Ice,PAL_NAME_VolcanicMonster_Ice,BOSS_NAME_VolcanicMonster_Ice,PARTNERSKILL_VolcanicMonster_Ice,1,EPalTribeID_VolcanicMonster_Ice,BOSS_VolcanicMonster_Ice,-1,XL,7,Ice,Earth,EPalGenusCategoryType_FourLegged,EPalOrganizationType_None,EPalWeaponType_None,0,110,100,105,130,100,100,"0,2","0,7",10,7380,Boss,NULL,50,80,390,650,235,1,0,EPalBattleBGMType_FieldBoss,0,0,350,1,5,25,90,1,0,0,9,1,1,100,50,230,0,0,0,0,0,0,0,3,0,0,3,0,0,NULL,NULL,NULL,NULL
BOSS_WaterLizard,PAL_NAME_WaterLizard,BOSS_NAME_WaterLizard,PARTNERSKILL_WaterLizard,1,EPalTribeID_WaterLizard,BOSS_WaterLizard,-1,XL,0,Fire,NULL,EPalGenusCategoryType_Humanoid,EPalOrganizationType_None,EPalWeaponType_None,0,90,120,90,90,80,100,"0,2","0,7",10,4040,Boss,NULL,-1,-1,-1,-1,-1,1,0,EPalBattleBGMType_FieldBoss,0,0,350,1,5,25,90,1,0,0,9,0,1,100,50,0,0,0,0,0,0,0,0,0,0,0,0,0,0,NULL,NULL,NULL,NULL
BOSS_WeaselDragon,PAL_NAME_WeaselDragon,BOSS_NAME_WeaselDragon,PARTNERSKILL_WeaselDragon,1,EPalTribeID_WeaselDragon,BOSS_WeaselDragon,-1,XL,4,Ice,Dragon,EPalGenusCategoryType_FourLegged,EPalOrganizationType_None,EPalWeaponType_None,0,90,100,80,80,100,100,"0,4","0,7",10,3310,NotInterested,NULL,100,180,600,900,390,1,0,EPalBattleBGMType_FieldBoss,0,0,225,1,3,25,90,1,0,0,9,0,1,100,50,800,0,0,0,0,0,1,0,0,0,0,1,0,0,NULL,NULL,NULL,NULL
BOSS_Werewolf,PAL_NAME_Werewolf,BOSS_NAME_Werewolf,PARTNERSKILL_Werewolf,1,EPalTribeID_Werewolf,BOSS_Werewolf,-1,XL,3,Dark,NULL,EPalGenusCategoryType_Humanoid,EPalOrganizationType_None,EPalWeaponType_None,0,80,130,100,80,100,100,"0,2","0,7",10,2400,Boss,NULL,100,150,600,800,375,1,0,EPalBattleBGMType_FieldBoss,0,0,350,1,5,25,90,1,0,1,9,1,1,100,50,950,0,0,0,0,2,0,0,0,0,0,0,0,0,NULL,NULL,NULL,NULL
BOSS_WhiteMoth,PAL_NAME_WhiteMoth,BOSS_NAME_WhiteMoth,PARTNERSKILL_WhiteMoth,1,EPalTribeID_WhiteMoth,BOSS_WhiteMoth,-1,XL,7,Ice,NULL,EPalGenusCategoryType_Humanoid,EPalOrganizationType_None,EPalWeaponType_None,0,110,90,90,100,90,100,"0,2","0,7",10,5900,Boss,NULL,50,100,400,550,250,1,0,EPalBattleBGMType_FieldBoss,0,0,350,1,5,25,90,1,0,0,9,0,1,100,50,450,0,0,0,0,0,0,0,0,0,2,2,0,1,NULL,NULL,NULL,NULL
BOSS_WhiteTiger,PAL_NAME_WhiteTiger,BOSS_NAME_WhiteTiger,PARTNERSKILL_WhiteTiger,1,EPalTribeID_WhiteTiger,BOSS_WhiteTiger,-1,XL,7,Ice,NULL,EPalGenusCategoryType_Humanoid,EPalOrganizationType_None,EPalWeaponType_None,0,100,140,100,110,100,100,"0,2","0,7",10,8440,Boss,NULL,100,280,720,900,460,1,0,EPalBattleBGMType_FieldBoss,0,0,475,1,7,25,90,1,0,0,9,1,1,100,50,130,0,0,0,0,1,0,2,0,0,0,3,0,0,NULL,NULL,NULL,NULL
BOSS_WindChimes,PAL_NAME_WindChimes,BOSS_NAME_WindChimes,PARTNERSKILL_WindChimes,1,EPalTribeID_WindChimes,BOSS_WindChimes,-1,XL,1,Earth,NULL,EPalGenusCategoryType_Other,EPalOrganizationType_None,EPalWeaponType_None,0,80,70,70,70,100,100,"0,2","0,7",10,1020,NotInterested,NULL,50,100,400,550,250,1,0,EPalBattleBGMType_FieldBoss,0,0,150,1,2,25,90,1,0,0,9,0,1,100,50,1420,0,0,0,0,1,1,0,0,0,0,0,2,0,NULL,NULL,NULL,NULL
BOSS_WindChimes_Ice,PAL_NAME_WindChimes_Ice,BOSS_NAME_WindChimes_Ice,PARTNERSKILL_WindChimes_Ice,1,EPalTribeID_WindChimes_Ice,BOSS_WindChimes_Ice,-1,XL,2,Ice,NULL,EPalGenusCategoryType_Other,EPalOrganizationType_None,EPalWeaponType_None,0,80,70,80,70,100,100,"0,2","0,7",10,1020,NotInterested,NULL,50,100,400,550,250,1,0,EPalBattleBGMType_FieldBoss,0,0,150,1,2,25,90,1,0,0,9,0,1,100,50,1422,0,0,0,0,1,1,0,0,0,0,1,2,0,NULL,NULL,NULL,NULL
BOSS_WingGolem,PAL_NAME_WingGolem,BOSS_NAME_WingGolem,PARTNERSKILL_WingGolem,1,EPalTribeID_WingGolem,BOSS_WingGolem,-1,XL,0,Earth,NULL,EPalGenusCategoryType_Humanoid,EPalOrganizationType_None,EPalWeaponType_None,0,100,100,100,100,100,100,"0,2","0,7",10,10380,Boss,NULL,-1,-1,-1,-1,-1,1,0,EPalBattleBGMType_FieldBoss,0,0,475,1,7,25,90,1,0,0,9,0,1,100,50,0,0,0,0,0,1,1,0,3,0,0,0,4,0,NULL,NULL,NULL,NULL
BOSS_WizardOwl,PAL_NAME_WizardOwl,BOSS_NAME_WizardOwl,PARTNERSKILL_WizardOwl,1,EPalTribeID_WizardOwl,BOSS_WizardOwl,-1,M,1,Dark,NULL,EPalGenusCategoryType_Bird,EPalOrganizationType_None,EPalWeaponType_None,0,70,70,70,80,100,100,"0,4","0,7",10,1050,NotInterested,NULL,26,70,380,550,225,1,0,EPalBattleBGMType_FieldBoss,0,0,225,1,3,25,90,1,0,1,9,0,1,100,50,1390,0,0,0,0,0,1,0,0,0,0,0,0,0,NULL,NULL,NULL,NULL
BOSS_WoolFox,PAL_NAME_WoolFox,BOSS_NAME_WoolFox,PARTNERSKILL_WoolFox,1,EPalTribeID_WoolFox,BOSS_WoolFox,-1,M,1,Normal,NULL,EPalGenusCategoryType_FourLegged,EPalOrganizationType_None,EPalWeaponType_None,0,70,100,70,75,100,100,"0,4","0,91",10,1420,NotInterested,NULL,20,40,300,450,170,1,0,EPalBattleBGMType_FieldBoss,0,0,150,1,2,25,90,1,0,0,9,0,1,100,50,1455,0,0,0,0,0,1,0,0,0,0,0,0,1,NULL,NULL,NULL,NULL
BOSS_Yeti,PAL_NAME_Yeti,BOSS_NAME_Yeti,PARTNERSKILL_Yeti,1,EPalTribeID_Yeti,BOSS_Yeti,-1,XL,7,Ice,NULL,EPalGenusCategoryType_Humanoid,EPalOrganizationType_None,EPalWeaponType_None,0,140,100,80,100,100,100,"0,2","0,7",10,5900,Boss,NULL,70,100,365,650,150,1,0,EPalBattleBGMType_FieldBoss,0,0,525,1,8,25,90,1,0,0,9,1,1,100,50,460,0,0,0,0,2,0,3,0,0,0,2,4,0,NULL,NULL,NULL,NULL
BOSS_Yeti_Grass,PAL_NAME_Yeti_Grass,BOSS_NAME_Yeti_Grass,PARTNERSKILL_Yeti_Grass,1,EPalTribeID_Yeti_Grass,BOSS_Yeti_Grass,-1,XL,8,Leaf,NULL,EPalGenusCategoryType_Humanoid,EPalOrganizationType_None,EPalWeaponType_None,0,140,100,80,110,100,100,"0,2","0,7",10,5700,Boss,NULL,70,100,365,650,150,1,0,EPalBattleBGMType_FieldBoss,0,0,525,1,8,25,90,1,0,0,9,1,1,100,50,480,0,0,1,0,2,0,3,0,0,0,0,4,0,NULL,NULL,NULL,NULL
BrownRabbit,NULL,NULL,NULL,1,EPalTribeID_BrownRabbit,BrownRabbit,-1,S,0,Earth,NULL,EPalGenusCategoryType_Humanoid,EPalOrganizationType_None,EPalWeaponType_None,0,100,100,100,100,100,100,1,1,1,2350,Escape_to_Battle,NULL,-1,-1,-1,-1,-1,0,0,EPalBattleBGMType_Cute,0,0,225,1,3,25,90,1,0,0,0,0,1,100,50,0,0,0,0,0,2,2,0,1,1,0,0,1,0,NULL,NULL,NULL,NULL
ElecLion,NULL,NULL,NULL,1,EPalTribeID_ElecLion,ElecLion,-1,M,0,Electricity,NULL,EPalGenusCategoryType_FourLegged,EPalOrganizationType_None,EPalWeaponType_None,0,100,100,110,70,100,100,1,1,1,4200,Warlike,NULL,85,85,800,1000,442,0,0,EPalBattleBGMType_Cool,0,0,350,1,5,25,90,1,0,0,0,0,1,100,50,0,2,0,0,0,0,0,0,0,0,0,0,0,0,NULL,NULL,NULL,NULL
FeatherOstrich,NULL,NULL,NULL,1,EPalTribeID_FeatherOstrich,FeatherOstrich,-1,M,0,Earth,NULL,EPalGenusCategoryType_Other,EPalOrganizationType_None,EPalWeaponType_None,0,100,100,100,100,100,100,1,1,1,4610,Warlike,NULL,-1,-1,-1,-1,-1,0,0,EPalBattleBGMType_Cool,0,0,300,1,4,25,90,1,0,0,0,0,1,100,50,0,0,0,0,0,0,2,0,0,0,0,0,0,0,NULL,NULL,NULL,NULL
GoldenHorse,NULL,NULL,NULL,1,EPalTribeID_GoldenHorse,GoldenHorse,-1,L,0,Earth,NULL,EPalGenusCategoryType_FourLegged,EPalOrganizationType_None,EPalWeaponType_None,0,100,100,100,100,100,100,1,1,1,7960,Warlike,NULL,-1,-1,-1,-1,-1,0,0,EPalBattleBGMType_Strong,0,0,475,1,7,25,90,1,0,0,0,0,1,100,50,0,0,0,0,0,0,2,0,0,3,0,0,0,0,NULL,NULL,NULL,NULL
PinkKangaroo,NULL,NULL,NULL,1,EPalTribeID_PinkKangaroo,PinkKangaroo,-1,M,0,Normal,NULL,EPalGenusCategoryType_Humanoid,EPalOrganizationType_None,EPalWeaponType_None,0,100,100,100,100,100,100,1,1,1,3660,Escape_to_Battle,NULL,-1,-1,-1,-1,-1,0,0,EPalBattleBGMType_Cute,0,0,350,1,5,25,90,1,0,0,0,0,1,100,50,0,0,0,0,0,0,0,0,0,0,0,0,0,0,NULL,NULL,NULL,NULL
ScorpionMan,NULL,NULL,NULL,1,EPalTribeID_ScorpionMan,ScorpionMan,-1,L,0,Dark,NULL,EPalGenusCategoryType_Humanoid,EPalOrganizationType_None,EPalWeaponType_None,0,100,100,100,100,100,100,1,1,1,8080,Warlike,NULL,-1,-1,-1,-1,-1,0,0,EPalBattleBGMType_Cool,0,0,300,1,4,25,90,1,0,1,0,0,1,100,50,0,0,0,0,0,0,1,3,0,2,1,0,0,0,NULL,NULL,NULL,NULL
SifuDog,NULL,NULL,NULL,1,EPalTribeID_SifuDog,SifuDog,-1,M,0,Normal,NULL,EPalGenusCategoryType_Humanoid,EPalOrganizationType_None,EPalWeaponType_None,0,100,100,100,100,100,100,1,1,1,4440,NotInterested,NULL,-1,-1,-1,-1,-1,0,0,EPalBattleBGMType_Cute,0,0,300,1,4,25,90,1,0,0,0,0,1,100,50,0,0,0,0,0,3,2,2,0,0,1,0,2,0,NULL,NULL,NULL,NULL
TentacleTurtle,NULL,NULL,NULL,1,EPalTribeID_TentacleTurtle,TentacleTurtle,-1,S,0,Water,NULL,EPalGenusCategoryType_Other,EPalOrganizationType_None,EPalWeaponType_None,0,100,100,100,100,100,100,1,1,1,2300,Warlike,NULL,-1,-1,-1,-1,-1,0,0,EPalBattleBGMType_Cool,0,0,300,1,4,25,90,1,0,0,0,0,1,100,50,0,0,0,0,0,0,0,0,1,0,0,0,2,0,NULL,NULL,NULL,NULL
WingGolem,NULL,NULL,NULL,1,EPalTribeID_WingGolem,WingGolem,-1,XL,0,Earth,NULL,EPalGenusCategoryType_Humanoid,EPalOrganizationType_None,EPalWeaponType_None,0,100,100,100,100,100,100,1,1,1,10380,Warlike,NULL,-1,-1,-1,-1,-1,0,0,EPalBattleBGMType_Strong,0,0,475,1,7,25,90,1,0,0,0,0,1,100,50,0,0,0,0,0,1,1,0,3,0,0,0,4,0,NULL,NULL,NULL,NULL
BeardedDragon,NULL,NULL,NULL,1,EPalTribeID_BeardedDragon,BeardedDragon,-1,XL,0,Dragon,NULL,EPalGenusCategoryType_Dragon,EPalOrganizationType_None,EPalWeaponType_None,0,100,100,100,100,100,100,1,1,1,9970,Escape,NULL,-1,-1,-1,-1,-1,0,0,EPalBattleBGMType_Strong,0,0,600,1,9,25,90,1,0,0,0,1,1,100,50,0,0,0,0,0,0,0,0,0,0,0,0,0,0,NULL,NULL,NULL,NULL
WaterLizard,NULL,NULL,NULL,1,EPalTribeID_WaterLizard,WaterLizard,-1,M,0,Fire,NULL,EPalGenusCategoryType_Humanoid,EPalOrganizationType_None,EPalWeaponType_None,0,90,120,90,90,80,100,1,1,1,4040,Warlike,NULL,-1,-1,-1,-1,-1,0,0,EPalBattleBGMType_Cool,0,0,350,1,5,25,90,1,0,0,0,0,1,100,50,0,0,0,0,0,0,0,0,0,0,0,0,0,0,NULL,NULL,NULL,NULL
GuardianDog,NULL,NULL,NULL,1,EPalTribeID_GuardianDog,GuardianDog,-1,S,0,Normal,NULL,EPalGenusCategoryType_FourLegged,EPalOrganizationType_None,EPalWeaponType_None,0,90,80,80,90,110,100,1,1,1,1510,Warlike,NULL,-1,-1,-1,-1,-1,0,0,EPalBattleBGMType_Cute,0,0,350,1,5,25,90,1,0,0,0,0,1,100,50,0,0,0,0,0,0,0,0,0,0,0,0,0,0,NULL,NULL,NULL,NULL
GrassDragon,NULL,NULL,NULL,1,EPalTribeID_GrassDragon,GrassDragon,-1,L,0,Leaf,NULL,EPalGenusCategoryType_Humanoid,EPalOrganizationType_None,EPalWeaponType_None,0,130,80,120,90,80,100,1,1,1,6510,Warlike,NULL,-1,-1,-1,-1,-1,0,0,EPalBattleBGMType_Strong,0,0,475,1,7,25,90,1,0,0,0,0,1,100,50,0,0,0,0,0,0,0,0,0,0,1,0,0,0,NULL,NULL,NULL,NULL
BlackFurDragon,NULL,NULL,NULL,1,EPalTribeID_BlackFurDragon,BlackFurDragon,-1,L,10,Dark,Dragon,EPalGenusCategoryType_Humanoid,EPalOrganizationType_None,EPalWeaponType_None,0,130,100,130,110,100,100,1,1,1,8440,Warlike,NULL,55,110,560,800,335,0,0,EPalBattleBGMType_Strong,0,0,525,1,8,25,90,1,0,1,99,1,1,100,50,0,0,0,0,0,0,0,0,0,0,0,0,3,0,NULL,NULL,NULL,NULL
DarkMutant,NULL,NULL,NULL,1,EPalTribeID_DarkMutant,DarkMutant,-1,M,5,Dark,NULL,EPalGenusCategoryType_Humanoid,EPalOrganizationType_None,EPalWeaponType_None,0,100,100,100,100,100,100,1,1,1,3960,Warlike,NULL,100,150,550,700,350,0,0,EPalBattleBGMType_Strong,0,0,525,1,8,25,90,1,0,1,99,0,1,100,50,0,0,0,0,0,3,0,0,0,0,3,0,2,0,NULL,NULL,NULL,NULL