name,minimum level,maximum level,minimum level_3,fecundity,Pallu refresh type,Night only,refresh area,maximum level_7,Pallu refresh type_8,Night only_9,refresh area_10,GenusCategory,Organization,weapon,WeaponEquip,HP,melee attack,Remote attack,defense,support,CraftSpeed,damage multiplier,Capture probability,Experience multiplier,price,AIRResponse,AISightResponse,slow walking speed,walking speed,running speed,Riding sprint speed,Handling speed,IsBoss,IsTowerBoss,BattleBGM,IgnoreLeanBack,IgnoreBlowAway,MaxFullStomach,FullStomachDecreaseRate,FoodAmount,ViewingDistance,ViewingAngle,HearingRate,NooseTrap,Nocturnal,BiologicalGrade,Predator,Edible,endurance,Male probability,fecundity,Breathing fire,watering,planting,generate electricity,manual,collection,logging,Mining,OilExtraction,pharmaceutical,cool down,carry,pasture,Passive skill 1,Passive skill 2,Passive skill 3,Passive skill 4
Mian Youyou,1,14,1,1470,Creeps,NULL,grassland,14,Creeps,NULL,grassland,EPalGenusCategoryType_FourLegged,EPalOrganizationType_None,EPalWeaponType_None,0,8000,130,200,220,90,100,1,1,30,9060,Warlike,NULL,80,80,850,1100,465,1,1,EPalBattleBGMType_TowerBoss,1,1,525,1,8,25,90,1,0,1,9,0,1,100,100,9999,0,0,0,0,0,1,0,0,0,0,0,0,0,NULL,NULL,NULL,NULL
Naughty cat,1,13,1,1460,Creeps,NULL,grassland,13,Random dungeon boss,NULL,dungeon,EPalGenusCategoryType_Humanoid,EPalOrganizationType_None,EPalWeaponType_None,0,6000,100,100,100,100,100,1,1,30,6610,Warlike,NULL,80,140,470,650,287,1,1,EPalBattleBGMType_TowerBoss,1,1,475,1,6,25,90,1,0,0,9,1,1,100,0,9999,0,0,0,3,2,0,2,0,0,0,0,3,0,NULL,NULL,NULL,NULL
Pipi Chicken,1,13,1,1500,Creeps,NULL,grassland,13,Random dungeon boss,NULL,dungeon,EPalGenusCategoryType_Bird,EPalOrganizationType_None,EPalWeaponType_None,0,6500,100,120,125,90,100,1,1,30,6720,Warlike,NULL,150,200,1000,1300,500,1,1,EPalBattleBGMType_TowerBoss,1,1,525,1,8,25,90,1,0,0,9,0,1,100,100,9999,3,0,0,0,0,0,0,0,0,0,0,3,0,NULL,NULL,NULL,NULL
green leaf rat,2,13,2,1430,Creeps,NULL,islands,13,Random dungeon boss,NULL,dungeon,EPalGenusCategoryType_Humanoid,EPalOrganizationType_None,EPalWeaponType_None,0,5500,100,110,105,100,100,1,1,30,6510,Warlike,NULL,60,100,450,650,275,1,1,EPalBattleBGMType_TowerBoss,1,1,475,1,6,25,90,1,0,0,9,0,1,100,0,9999,0,0,3,0,2,2,0,0,0,3,0,0,0,NULL,NULL,NULL,NULL
tinder fox,2,18,2,1400,Creeps,NULL,islands,18,Wild BOSS,NULL,grassland,EPalGenusCategoryType_Humanoid,EPalOrganizationType_None,EPalWeaponType_None,0,6500,100,140,110,100,100,1,1,30,8320,Warlike,NULL,100,185,900,1300,542,1,1,EPalBattleBGMType_TowerBoss,1,1,475,1,7,25,90,1,0,0,9,0,1,100,100,9999,0,0,0,3,2,0,0,0,0,0,0,3,0,NULL,NULL,NULL,NULL
surf duck,2,13,2,1330,Creeps,NULL,islands,13,Random dungeon boss,NULL,dungeon,EPalGenusCategoryType_Humanoid,EPalOrganizationType_None,EPalWeaponType_None,0,100,100,90,90,100,100,1,1,1,4690,Warlike,NULL,-1,-1,-1,-1,-1,0,0,EPalBattleBGMType_Cute,0,0,225,1,3,25,90,1,0,1,0,0,1,100,50,0,0,0,0,0,2,3,1,0,0,0,0,2,0,NULL,NULL,NULL,NULL
Volt Meow,3,17,3,1410,Creeps,NULL,grassland,13,Creeps,NULL,grassland,EPalGenusCategoryType_Humanoid,EPalOrganizationType_None,EPalWeaponType_None,0,100,100,100,100,100,100,1,1,1,8200,Escape_to_Battle,NULL,-1,-1,-1,-1,-1,0,0,EPalBattleBGMType_Cute,0,0,225,1,3,25,90,1,0,0,0,0,1,100,50,0,0,0,2,0,1,2,0,0,0,3,0,1,0,NULL,NULL,NULL,NULL
Neolepithecus,2,13,2,1250,Creeps,NULL,islands,17,Creeps,NULL,grassland,EPalGenusCategoryType_FourLegged,EPalOrganizationType_None,EPalWeaponType_None,0,90,90,90,90,100,100,"0,4","0,7",10,3040,NotInterested,NULL,62,62,460,900,261,1,0,EPalBattleBGMType_FieldBoss,0,0,225,1,3,25,90,1,0,0,9,0,1,100,50,890,0,0,0,0,0,0,0,0,0,0,0,0,1,NULL,NULL,NULL,NULL
Fire Deer,2,13,2,1155,Creeps,NULL,islands,13,Random dungeon boss,NULL,dungeon,EPalGenusCategoryType_FourLegged,EPalOrganizationType_None,EPalWeaponType_None,0,100,70,115,100,110,100,"0,2","0,7",10,3170,Boss,NULL,80,130,700,1000,415,1,0,EPalBattleBGMType_FieldBoss,0,0,300,1,4,25,90,1,0,0,9,1,1,100,50,830,2,0,0,0,0,0,0,0,0,0,0,0,0,NULL,NULL,NULL,NULL
Keimaru,2,45,2,1350,Creeps,NULL,grassland,13,Random dungeon boss,NULL,dungeon,EPalGenusCategoryType_Humanoid,EPalOrganizationType_None,EPalWeaponType_None,0,120,130,130,100,100,100,"0,2","0,7",10,9190,Boss,NULL,80,160,800,1000,480,1,0,EPalBattleBGMType_FieldBoss,0,0,400,1,6,25,90,1,0,0,9,1,1,100,50,570,0,0,0,0,4,0,0,3,0,0,0,2,0,ElementBoost_Earth_2_PAL,NULL,NULL,NULL
King Keimaru,15,22,15,520,Secret Domain BOSS,NULL,grassland,45,Random dungeon boss,NULL,dungeon,EPalGenusCategoryType_Humanoid,EPalOrganizationType_None,EPalWeaponType_None,0,100,100,100,100,100,100,"0,2","0,7",10,4690,Boss,NULL,-1,-1,-1,-1,-1,1,0,EPalBattleBGMType_FieldBoss,0,0,225,1,3,25,90,1,0,1,9,0,1,100,50,0,0,0,0,0,2,3,1,0,0,0,0,2,0,NULL,NULL,NULL,NULL
electric rat,3,13,10,1360,event,NULL,Random events,22,Creeps,NULL,game reserve,EPalGenusCategoryType_Humanoid,EPalOrganizationType_None,EPalWeaponType_None,0,95,150,100,85,100,100,"0,2","0,7",10,4780,Boss,NULL,80,160,700,960,320,1,0,EPalBattleBGMType_FieldBoss,0,0,300,1,4,25,90,1,0,1,9,1,1,100,50,590,1,0,0,0,2,0,0,1,0,0,0,2,0,NULL,NULL,NULL,NULL
ice agouti,10,10,3,1370,Creeps,NULL,grassland,10,event,NULL,Random events,EPalGenusCategoryType_Humanoid,EPalOrganizationType_None,EPalWeaponType_None,0,95,150,105,85,100,100,"0,2","0,7",10,4870,Boss,NULL,80,160,700,960,320,1,0,EPalBattleBGMType_FieldBoss,0,0,300,1,4,25,90,1,0,1,9,1,1,100,50,580,0,0,0,0,2,0,0,1,0,0,0,2,0,NULL,NULL,NULL,NULL
Ye Ni Ni (Special),2,14,2,1240,Creeps,NULL,islands,13,Random dungeon boss,NULL,dungeon,EPalGenusCategoryType_FourLegged,EPalOrganizationType_None,EPalWeaponType_None,0,70,70,60,70,100,100,"0,4","0,7",10,1000,NotInterested,NULL,52,105,475,550,317,1,0,EPalBattleBGMType_FieldBoss,0,0,100,1,1,25,90,1,0,1,9,0,1,100,50,1480,0,0,0,0,0,0,0,0,0,0,0,0,1,NULL,NULL,NULL,NULL
Ye NiNi,2,14,2,1240,Creeps,NULL,islands,14,Creeps,NULL,grassland,EPalGenusCategoryType_FourLegged,EPalOrganizationType_None,EPalWeaponType_None,0,70,70,65,70,100,100,"0,2","0,7",10,1010,NotInterested,NULL,52,105,475,550,317,1,0,EPalBattleBGMType_FieldBoss,0,0,100,1,1,25,90,1,0,0,9,0,1,100,50,1440,0,0,0,0,0,0,0,0,0,0,1,0,1,NULL,NULL,NULL,NULL
Tamamo fox,3,13,3,1450,Creeps,NULL,grassland,14,Creeps,NULL,grassland,EPalGenusCategoryType_Dragon,EPalOrganizationType_None,EPalWeaponType_None,0,100,100,100,100,100,100,"0,2","0,7",10,9970,Boss,NULL,-1,-1,-1,-1,-1,1,0,EPalBattleBGMType_FieldBoss,0,0,600,1,9,25,90,1,0,0,9,1,1,100,50,0,0,0,0,0,0,0,0,0,0,0,0,0,0,NULL,NULL,NULL,NULL
Tikar,3,14,3,1390,Creeps,1,grassland,13,Random dungeon boss,NULL,dungeon,EPalGenusCategoryType_FourLegged,EPalOrganizationType_None,EPalWeaponType_None,0,100,70,70,90,120,100,"0,4","0,7",10,2510,NotInterested,NULL,70,70,400,550,235,1,0,EPalBattleBGMType_FieldBoss,0,0,300,1,4,25,90,1,0,0,9,0,1,100,50,930,0,0,2,0,0,0,0,0,0,0,0,0,1,NULL,NULL,NULL,NULL
pot elephant,1,13,3,1390,Creeps,1,islands,14,Creeps,1,grassland,EPalGenusCategoryType_Bird,EPalOrganizationType_None,EPalWeaponType_None,0,90,100,115,90,100,100,"0,2","0,7",10,4360,Boss,NULL,100,350,700,950,475,1,0,EPalBattleBGMType_FieldBoss,0,0,400,1,6,25,90,1,0,1,9,1,1,150,50,660,1,0,0,0,0,0,0,0,0,0,0,3,0,NULL,NULL,NULL,NULL
Look at the devil,3,14,1,1490,Creeps,NULL,grassland,13,Random dungeon boss,NULL,dungeon,EPalGenusCategoryType_Bird,EPalOrganizationType_None,EPalWeaponType_None,0,90,100,120,95,100,100,"0,2","0,7",10,4610,Boss,NULL,100,350,700,950,475,1,0,EPalBattleBGMType_FieldBoss,0,0,400,1,6,25,90,1,0,1,9,1,1,150,50,620,0,0,0,0,0,0,0,0,0,0,2,3,0,NULL,NULL,NULL,NULL
Miruffy,2,14,3,1380,Creeps,1,grassland,14,Creeps,1,grassland,EPalGenusCategoryType_FourLegged,EPalOrganizationType_None,EPalWeaponType_None,0,260,100,145,120,100,100,"0,1","0,7",10,8930,Boss,NULL,100,350,900,1600,625,1,0,EPalBattleBGMType_Legend,0,0,600,1,9,25,90,1,0,1,9,0,1,100,50,70,0,0,0,0,0,0,2,2,0,0,0,0,0,Legend,ElementBoost_Dark_2_PAL,NULL,NULL
sleep demon,3,15,3,1380,Creeps,1,islands,14,Creeps,NULL,grassland,EPalGenusCategoryType_Humanoid,EPalOrganizationType_None,EPalWeaponType_None,0,130,100,130,110,100,100,"0,2","0,7",10,8440,Boss,NULL,55,110,560,800,335,1,0,EPalBattleBGMType_FieldBoss,0,0,525,1,8,25,90,1,0,1,9,1,1,100,50,0,0,0,0,0,0,0,0,0,0,0,0,3,0,NULL,NULL,NULL,NULL
sage pig,2,13,2,1455,Creeps,NULL,grassland,15,Creeps,NULL,dungeon,EPalGenusCategoryType_FourLegged,EPalOrganizationType_None,EPalWeaponType_None,0,120,130,120,140,90,100,"0,2","0,7",10,9060,Boss,NULL,80,80,850,1300,465,1,0,EPalBattleBGMType_FieldBoss,0,0,525,1,8,25,90,1,0,1,9,0,1,250,50,60,0,0,0,0,0,1,0,0,0,0,0,0,0,NULL,NULL,NULL,NULL
Lunati,3,19,2,1455,Creeps,NULL,islands,13,Random dungeon boss,NULL,dungeon,EPalGenusCategoryType_Monster,EPalOrganizationType_None,EPalWeaponType_None,0,100,100,125,125,100,100,"0,2","0,7",10,8200,Boss,NULL,100,150,600,900,375,1,0,EPalBattleBGMType_FieldBoss,0,0,600,1,9,25,90,1,0,1,9,0,1,300,50,150,0,0,0,0,1,0,0,4,3,0,0,0,0,Deffence_up1,NULL,NULL,NULL
Escape Rat,5,40,3,1230,Creeps,1,grassland,19,Random dungeon boss,NULL,dungeon,EPalGenusCategoryType_Humanoid,EPalOrganizationType_None,EPalWeaponType_None,0,100,100,100,100,100,100,"0,2","0,7",10,8200,Boss,NULL,-1,-1,-1,-1,-1,1,0,EPalBattleBGMType_FieldBoss,0,0,225,1,3,25,90,1,0,0,9,0,1,100,50,0,0,0,2,0,1,2,0,0,0,3,0,1,0,NULL,NULL,NULL,NULL
squid,5,13,2,1130,Creeps,NULL,islands,40,Random dungeon boss,NULL,dungeon,EPalGenusCategoryType_Fish,EPalOrganizationType_None,EPalWeaponType_None,0,110,70,100,100,100,100,"0,2","0,7",10,5600,Boss,NULL,75,150,600,900,350,1,0,EPalBattleBGMType_FieldBoss,0,0,400,1,6,25,90,1,0,0,9,0,1,100,50,500,0,3,0,0,0,0,0,0,0,0,0,0,0,NULL,NULL,NULL,NULL
ice cream,30,45,3,1180,Creeps,1,islands,13,Random dungeon boss,NULL,dungeon,EPalGenusCategoryType_Humanoid,EPalOrganizationType_None,EPalWeaponType_None,0,60,80,80,60,100,100,"0,4","0,77",10,1120,NotInterested,NULL,70,105,300,400,202,1,0,EPalBattleBGMType_FieldBoss,0,0,150,1,2,25,90,1,0,0,9,0,1,100,50,1330,0,1,0,0,1,0,0,0,0,0,0,1,0,NULL,NULL,NULL,NULL
Meowster,5,15,5,1220,Creeps,NULL,dungeon,45,Random dungeon boss,NULL,dungeon,EPalGenusCategoryType_FourLegged,EPalOrganizationType_None,EPalWeaponType_None,0,80,100,70,70,100,100,"0,4","0,7",10,1610,Boss,NULL,70,150,450,800,300,1,0,EPalBattleBGMType_FieldBoss,0,0,225,1,3,25,90,1,0,0,9,1,1,100,50,1130,0,0,0,0,0,0,0,1,0,0,0,0,0,NULL,NULL,NULL,NULL
Rumiel,2,13,5,1290,Creeps,NULL,dungeon,15,Creeps,NULL,dungeon,EPalGenusCategoryType_Humanoid,EPalOrganizationType_None,EPalWeaponType_None,0,100,100,100,100,100,100,"0,2","0,7",10,2350,Boss,NULL,-1,-1,-1,-1,-1,1,0,EPalBattleBGMType_FieldBoss,0,0,225,1,3,25,90,1,0,0,9,0,1,100,50,0,0,0,0,0,2,2,0,1,1,0,0,1,0,NULL,NULL,NULL,NULL
hunting wolves,4,15,30,1440,Creeps,NULL,Snow,13,Random dungeon boss,NULL,dungeon,EPalGenusCategoryType_Humanoid,EPalOrganizationType_None,EPalWeaponType_None,0,95,70,95,95,100,100,"0,4","0,7",10,5410,Boss,NULL,50,110,450,600,280,1,0,EPalBattleBGMType_FieldBoss,0,0,525,1,8,25,90,1,0,0,9,0,1,100,50,520,0,2,0,0,2,0,0,2,0,0,2,2,0,NULL,NULL,NULL,NULL
Fried egg bird,11,40,5,1480,Creeps,NULL,dungeon,15,Creeps,NULL,grassland,EPalGenusCategoryType_Humanoid,EPalOrganizationType_None,EPalWeaponType_None,0,75,70,70,70,100,100,"0,4","0,63",10,1010,NotInterested,NULL,20,40,400,550,250,1,0,EPalBattleBGMType_FieldBoss,0,0,100,1,1,25,90,1,0,0,9,0,1,100,50,1430,0,0,1,0,1,1,1,0,0,1,0,0,0,NULL,NULL,NULL,NULL
Bona Rabbit,10,29,2,870,Creeps,NULL,grassland,40,Random dungeon boss,NULL,dungeon,EPalGenusCategoryType_Humanoid,EPalOrganizationType_None,EPalWeaponType_None,0,95,100,95,80,100,100,"0,4","0,7",10,3810,Boss,NULL,80,140,400,550,270,1,0,EPalBattleBGMType_FieldBoss,0,0,350,1,5,25,90,1,0,1,9,0,1,100,50,750,0,0,0,0,0,2,0,2,0,0,0,2,0,NULL,NULL,NULL,NULL
Boba Cow,10,19,4,1060,Creeps,NULL,islands,29,Random dungeon boss,NULL,dungeon,EPalGenusCategoryType_Humanoid,EPalOrganizationType_None,EPalWeaponType_None,0,90,100,105,90,100,100,"0,2","0,7",10,4120,Boss,NULL,70,145,440,620,292,1,0,EPalBattleBGMType_FieldBoss,0,0,350,1,5,25,90,1,0,1,9,0,1,100,50,700,0,0,0,0,2,0,0,0,0,2,0,2,0,NULL,NULL,NULL,NULL
Thorn Fairy,16,29,11,1340,Creeps,NULL,grassland,19,Random dungeon boss,NULL,dungeon,EPalGenusCategoryType_Humanoid,EPalOrganizationType_None,EPalWeaponType_None,0,100,100,105,110,110,100,"0,2","0,7",10,2100,Boss,NULL,60,100,550,700,325,1,0,EPalBattleBGMType_FieldBoss,0,0,350,1,5,25,90,1,0,1,9,0,1,100,50,1010,0,0,0,0,0,0,0,0,0,3,0,0,0,NULL,NULL,NULL,NULL
Sharkboy,20,29,10,1280,event,NULL,Random events,29,Random dungeon boss,NULL,dungeon,EPalGenusCategoryType_Bird,EPalOrganizationType_None,EPalWeaponType_None,0,60,70,60,60,100,100,"0,4","1,05",10,1000,NotInterested,NULL,50,50,375,550,212,1,0,EPalBattleBGMType_FieldBoss,0,0,100,1,1,25,90,1,0,0,9,0,1,100,50,1500,0,0,0,0,0,1,0,0,0,0,0,0,1,NULL,NULL,NULL,NULL
red shark,25,38,10,910,Creeps,NULL,grassland,38,Random dungeon boss,NULL,dungeon,EPalGenusCategoryType_Bird,EPalOrganizationType_None,EPalWeaponType_None,0,60,80,75,70,100,100,"0,4","0,7",10,1090,Boss,NULL,30,60,300,550,170,1,0,EPalBattleBGMType_FieldBoss,0,0,150,1,2,25,90,1,0,0,9,1,1,100,50,1340,0,0,0,0,0,1,0,0,0,0,0,0,0,NULL,NULL,NULL,NULL
Hanging spirit,14,40,16,1320,Creeps,NULL,forest,29,Random dungeon boss,NULL,dungeon,EPalGenusCategoryType_FourLegged,EPalOrganizationType_None,EPalWeaponType_None,0,90,100,50,80,100,100,"0,2","0,7",10,2620,NotInterested,NULL,55,55,580,700,317,1,0,EPalBattleBGMType_FieldBoss,0,0,225,1,3,25,90,1,0,0,9,0,1,100,20,910,0,0,0,0,0,0,0,0,0,0,0,0,1,NULL,NULL,NULL,NULL
Icebound Spirit,33,35,25,1100,Creeps,NULL,volcano,35,Creeps,1,Snow,EPalGenusCategoryType_Bird,EPalOrganizationType_None,EPalWeaponType_None,0,70,100,80,80,100,100,"0,2","0,7",10,5700,NotInterested,NULL,30,150,550,700,350,1,0,EPalBattleBGMType_FieldBoss,0,0,225,1,3,25,90,1,0,0,9,0,1,100,50,490,0,0,2,0,0,0,0,0,0,1,0,0,0,NULL,NULL,NULL,NULL
Ye Panda,25,29,20,1090,Creeps,NULL,forest,40,Random dungeon boss,NULL,dungeon,EPalGenusCategoryType_FourLegged,EPalOrganizationType_None,EPalWeaponType_None,0,70,70,70,70,140,100,"0,4","0,91",10,1000,NotInterested,NULL,30,60,350,450,190,1,0,EPalBattleBGMType_FieldBoss,0,0,100,1,1,25,90,1,0,0,9,0,1,100,50,1450,0,0,0,0,0,1,0,0,0,0,0,0,1,NULL,NULL,NULL,NULL
Lei Panda,31,37,33,1422,Creeps,1,Snow,29,Random dungeon boss,NULL,dungeon,EPalGenusCategoryType_Humanoid,EPalOrganizationType_None,EPalWeaponType_None,0,65,100,80,50,100,100,"0,4","0,7",10,1360,NotInterested,NULL,30,60,300,550,240,1,0,EPalBattleBGMType_FieldBoss,0,0,150,1,2,25,90,1,0,0,9,0,1,100,50,1220,0,0,0,0,1,0,0,1,0,0,0,1,0,NULL,NULL,NULL,NULL
Marshmallow,14,19,14,1420,Random dungeon boss,NULL,dungeon,37,Creeps,NULL,dungeon,EPalGenusCategoryType_Bird,EPalOrganizationType_None,EPalWeaponType_None,0,75,80,95,80,100,100,"0,2","0,7",10,1840,Boss,NULL,85,170,920,1200,545,1,0,EPalBattleBGMType_FieldBoss,0,0,350,1,5,25,90,1,0,1,9,1,1,100,50,1080,0,0,0,0,0,0,1,0,0,0,0,0,0,NULL,NULL,NULL,NULL
bush sheep,6,41,14,1420,Creeps,NULL,grassland,19,Random dungeon boss,NULL,dungeon,EPalGenusCategoryType_Humanoid,EPalOrganizationType_None,EPalWeaponType_None,0,100,100,100,100,100,100,"0,2","0,7",10,3960,Boss,NULL,100,150,550,700,350,1,0,EPalBattleBGMType_FieldBoss,0,0,525,1,8,25,90,1,0,1,9,0,1,100,50,0,0,0,0,0,3,0,0,0,0,3,0,2,0,NULL,NULL,NULL,NULL
Melupa,5,17,25,430,Creeps,NULL,forest,41,Creeps,NULL,Snow,EPalGenusCategoryType_Other,EPalOrganizationType_None,EPalWeaponType_None,0,100,100,100,130,100,100,"0,2","0,7",10,7050,Boss,NULL,100,200,1000,1200,600,1,0,EPalBattleBGMType_FieldBoss,0,0,475,1,7,25,90,1,0,1,9,1,1,100,50,260,0,0,0,0,0,0,2,3,0,0,0,0,0,NULL,NULL,NULL,NULL
Only a deer,18,22,31,390,Wild BOSS,NULL,grassland,17,Creeps,NULL,grassland,EPalGenusCategoryType_FourLegged,EPalOrganizationType_None,EPalWeaponType_None,0,95,70,80,80,100,100,"0,4","0,7",10,2620,Boss,NULL,80,120,700,1000,390,1,0,EPalBattleBGMType_FieldBoss,0,0,350,1,5,25,90,1,0,0,9,0,1,100,50,920,0,0,0,0,0,0,2,0,0,0,0,0,0,NULL,NULL,NULL,NULL
Zixia Deer,6,13,14,1190,Creeps,NULL,grassland,22,Creeps,NULL,game reserve,EPalGenusCategoryType_FourLegged,EPalOrganizationType_None,EPalWeaponType_None,0,95,70,80,80,100,100,"0,2","0,7",10,2680,Boss,NULL,80,120,700,1000,390,1,0,EPalBattleBGMType_FieldBoss,0,0,350,1,5,25,90,1,0,0,9,0,1,100,50,900,0,0,0,0,0,0,2,0,0,0,0,0,0,NULL,NULL,NULL,NULL
Swift Falcon,9,40,14,1190,Random dungeon boss,NULL,dungeon,13,Random dungeon boss,NULL,dungeon,EPalGenusCategoryType_Humanoid,EPalOrganizationType_None,EPalWeaponType_None,0,70,100,75,60,100,100,"0,4","0,7",10,1330,NotInterested,NULL,70,140,300,550,220,1,0,EPalBattleBGMType_FieldBoss,0,0,225,1,3,25,90,1,0,1,9,0,1,100,50,1230,0,0,0,0,1,1,0,0,0,0,0,1,0,NULL,NULL,NULL,NULL
Ji Xiaotu,2,19,6,930,Random dungeon boss,NULL,dungeon,40,Random dungeon boss,NULL,dungeon,EPalGenusCategoryType_FourLegged,EPalOrganizationType_None,EPalWeaponType_None,0,80,80,95,120,100,100,"0,2","0,7",10,2980,Boss,NULL,75,120,300,420,190,1,0,EPalBattleBGMType_FieldBoss,0,0,350,1,5,25,90,1,0,0,9,1,1,100,50,850,0,0,0,0,0,0,0,3,0,0,0,0,0,Deffence_up1,NULL,NULL,NULL
Dark Demon Sheep,40,45,5,890,Wild BOSS,NULL,grassland,19,Random dungeon boss,NULL,dungeon,EPalGenusCategoryType_Bird,EPalOrganizationType_None,EPalWeaponType_None,0,75,120,85,60,100,100,"0,2","0,7",10,2010,Boss,NULL,100,200,600,700,400,1,0,EPalBattleBGMType_FieldBoss,0,0,300,1,4,25,90,1,0,0,9,1,1,100,50,1030,0,0,0,0,0,2,0,0,0,0,0,0,0,NULL,NULL,NULL,NULL
Balrog Sheep,29,38,18,900,Creeps,NULL,game reserve,45,Creeps,NULL,game reserve,EPalGenusCategoryType_Humanoid,EPalOrganizationType_None,EPalWeaponType_None,0,60,60,80,70,80,100,"0,4","0,77",10,1030,NotInterested,NULL,40,80,350,500,270,1,0,EPalBattleBGMType_FieldBoss,0,0,150,1,2,25,90,1,0,0,9,0,1,100,50,1410,0,0,0,1,1,0,0,0,0,0,0,1,0,NULL,NULL,NULL,NULL
Huan Yue Butterfly,18,29,6,920,Random dungeon boss,NULL,dungeon,38,Random dungeon boss,NULL,dungeon,EPalGenusCategoryType_FourLegged,EPalOrganizationType_None,EPalWeaponType_None,0,100,100,110,70,100,100,"0,2","0,7",10,4200,Boss,NULL,85,85,800,1000,442,1,0,EPalBattleBGMType_FieldBoss,0,0,350,1,5,25,90,1,0,0,9,0,1,100,50,0,2,0,0,0,0,0,0,0,0,0,0,0,0,NULL,NULL,NULL,NULL
Blazing Ox,9,39,9,420,Creeps,NULL,grassland,29,Random dungeon boss,NULL,dungeon,EPalGenusCategoryType_Humanoid,EPalOrganizationType_None,EPalWeaponType_None,0,105,120,100,100,100,100,"0,2","0,7",10,7720,Boss,NULL,80,140,470,650,210,1,0,EPalBattleBGMType_FieldBoss,0,0,475,1,7,25,90,1,0,0,9,1,1,100,50,200,0,0,0,3,2,0,2,0,0,0,0,3,0,NULL,NULL,NULL,NULL
Pa Pa Pa Catfish,14,38,2,1310,Creeps,NULL,islands,39,Creeps,NULL,Snow,EPalGenusCategoryType_Humanoid,EPalOrganizationType_None,EPalWeaponType_None,0,110,80,80,90,100,100,"0,2","0,7",10,5230,Boss,NULL,83,83,630,900,456,1,0,EPalBattleBGMType_FieldBoss,0,0,400,1,6,25,90,1,0,0,9,0,1,130,50,540,0,0,0,0,0,0,2,0,0,0,0,0,0,NULL,NULL,NULL,NULL
Black Crow Hermit,12,40,40,580,Creeps,NULL,game reserve,38,Random dungeon boss,NULL,dungeon,EPalGenusCategoryType_Humanoid,EPalOrganizationType_None,EPalWeaponType_None,0,115,80,80,95,100,100,"0,2","0,7",10,5320,Boss,NULL,83,83,630,900,456,1,0,EPalBattleBGMType_FieldBoss,0,0,400,1,6,25,90,1,0,0,9,0,1,130,50,530,0,3,0,0,0,0,2,0,0,0,0,0,0,NULL,NULL,NULL,NULL
Hot-blooded lizard,15,38,29,590,Creeps,NULL,volcano,40,Random dungeon boss,NULL,dungeon,EPalGenusCategoryType_Other,EPalOrganizationType_None,EPalWeaponType_None,0,100,100,100,100,100,100,"0,2","0,7",10,4610,Boss,NULL,-1,-1,-1,-1,-1,1,0,EPalBattleBGMType_FieldBoss,0,0,300,1,4,25,90,1,0,0,9,0,1,100,50,0,0,0,0,0,0,2,0,0,0,0,0,0,0,NULL,NULL,NULL,NULL
punk lizard,29,40,18,490,Creeps,NULL,forest,40,Random dungeon boss,NULL,dungeon,EPalGenusCategoryType_FourLegged,EPalOrganizationType_None,EPalWeaponType_None,0,110,110,110,90,100,100,"0,2","0,7",10,2250,Boss,NULL,85,100,750,1150,417,1,0,EPalBattleBGMType_FieldBoss,0,0,400,1,6,25,90,1,0,0,9,0,1,100,50,980,0,0,0,0,0,0,2,0,0,0,0,0,0,NULL,NULL,NULL,NULL
Moonscythe Demon,12,29,9,790,Creeps,NULL,grassland,38,Random dungeon boss,NULL,dungeon,EPalGenusCategoryType_FourLegged,EPalOrganizationType_None,EPalWeaponType_None,0,100,110,95,90,100,100,"0,2","0,7",10,6720,Boss,NULL,100,150,850,1400,500,1,0,EPalBattleBGMType_FieldBoss,0,0,350,1,5,25,90,1,0,0,9,0,1,100,50,360,2,0,0,0,0,0,1,0,0,0,0,0,0,NULL,NULL,NULL,NULL
Tianqinniao,9,29,14,895,Random dungeon boss,NULL,dungeon,29,Random dungeon boss,NULL,dungeon,EPalGenusCategoryType_FourLegged,EPalOrganizationType_None,EPalWeaponType_None,0,100,110,95,90,100,100,"0,2","0,7",10,7270,Boss,NULL,100,150,850,1400,500,1,0,EPalBattleBGMType_FieldBoss,0,0,350,1,5,25,90,1,0,1,9,0,1,100,50,240,2,0,0,0,0,0,1,0,0,0,0,0,0,NULL,NULL,NULL,NULL
Feather Archer,21,29,14,895,Wild BOSS,NULL,grassland,29,Random dungeon boss,NULL,dungeon,EPalGenusCategoryType_FourLegged,EPalOrganizationType_None,EPalWeaponType_None,0,75,100,70,75,100,100,"0,4","0,77",10,2950,NotInterested,NULL,70,100,400,550,-1,1,0,EPalBattleBGMType_FieldBoss,0,0,225,1,3,25,90,1,0,0,9,0,1,100,50,1155,1,0,0,0,0,0,0,0,0,0,0,0,0,NULL,NULL,NULL,NULL
mountain shooter,30,40,12,1080,Creeps,1,grassland,40,Random dungeon boss,NULL,dungeon,EPalGenusCategoryType_FourLegged,EPalOrganizationType_None,EPalWeaponType_None,0,85,100,95,95,100,100,"0,2","0,7",10,3520,Boss,NULL,87,87,600,900,343,1,0,EPalBattleBGMType_FieldBoss,0,0,350,1,5,25,90,1,0,0,9,0,1,100,50,790,2,0,0,0,0,0,1,0,0,0,0,0,0,NULL,NULL,NULL,NULL
Iron Fist Ape,18,29,29,1120,Creeps,NULL,volcano,29,Random dungeon boss,NULL,dungeon,EPalGenusCategoryType_Humanoid,EPalOrganizationType_None,EPalWeaponType_None,0,110,90,85,90,150,100,"0,4","0,7",10,3240,NotInterested,NULL,70,120,550,800,335,1,0,EPalBattleBGMType_FieldBoss,0,0,400,1,6,25,90,1,0,0,9,0,1,100,50,820,0,0,2,0,0,0,2,0,0,0,0,0,0,NULL,NULL,NULL,NULL
knight bee,20,25,15,1140,Creeps,1,volcano,29,Random dungeon boss,NULL,dungeon,EPalGenusCategoryType_Humanoid,EPalOrganizationType_None,EPalWeaponType_None,0,110,90,90,90,150,100,"0,2","0,7",10,3380,NotInterested,NULL,70,120,550,800,335,1,0,EPalBattleBGMType_FieldBoss,0,0,400,1,6,25,90,1,0,0,9,0,1,100,50,810,0,0,0,2,0,0,2,0,0,0,0,0,0,NULL,NULL,NULL,NULL
queen bee,28,31,12,950,Creeps,1,grassland,25,Wild BOSS,NULL,forest,EPalGenusCategoryType_Humanoid,EPalOrganizationType_None,EPalWeaponType_None,0,100,100,95,100,100,100,"0,2","0,7",10,3590,NotInterested,NULL,100,150,550,700,350,1,0,EPalBattleBGMType_FieldBoss,0,0,225,1,3,25,90,1,0,0,9,0,1,100,50,780,0,0,3,0,2,2,0,0,0,2,0,1,0,NULL,NULL,NULL,NULL
Laughing Nightmare Cat,17,29,9,1030,Creeps,NULL,grassland,31,Wild BOSS,NULL,forest,EPalGenusCategoryType_Humanoid,EPalOrganizationType_None,EPalWeaponType_None,0,75,100,65,70,100,100,"0,2","0,7",10,1220,NotInterested,NULL,100,100,400,550,250,1,0,EPalBattleBGMType_FieldBoss,0,0,225,1,3,25,90,1,0,0,9,0,1,100,50,1280,0,0,1,0,1,1,0,0,0,1,0,1,0,NULL,NULL,NULL,NULL
Mao duster,7,27,30,1000,Creeps,NULL,desert,29,Random dungeon boss,NULL,dungeon,EPalGenusCategoryType_Other,EPalOrganizationType_None,EPalWeaponType_None,0,80,100,70,80,100,100,"0,4","0,77",10,2860,NotInterested,NULL,30,150,550,700,350,1,0,EPalBattleBGMType_FieldBoss,0,0,225,1,3,25,90,1,0,0,9,0,1,100,50,870,0,1,0,0,0,0,0,0,0,0,0,1,0,NULL,NULL,NULL,NULL
Dad Mao,11,32,21,1020,event,NULL,Random events,27,Creeps,NULL,forest snow,EPalGenusCategoryType_Humanoid,EPalOrganizationType_None,EPalWeaponType_None,0,90,50,110,80,120,100,"0,2","0,7",10,1540,Boss,NULL,70,145,440,620,292,1,0,EPalBattleBGMType_FieldBoss,0,0,350,1,5,25,90,1,0,0,9,0,1,100,50,1160,2,0,0,0,3,0,0,0,0,0,0,2,0,NULL,NULL,NULL,NULL
Whirling Weasel,11,45,18,1040,event,NULL,Random events,32,Creeps,NULL,forest snow,EPalGenusCategoryType_FourLegged,EPalOrganizationType_None,EPalWeaponType_None,0,70,70,60,70,100,100,"0,4","0,91",10,1000,NotInterested,NULL,30,60,300,400,180,1,0,EPalBattleBGMType_FieldBoss,0,0,150,1,2,25,90,1,0,0,9,0,1,100,50,1490,0,1,0,0,0,0,0,0,0,0,0,0,0,NULL,NULL,NULL,NULL
thunder wildebeest,7,31,20,1070,Creeps,NULL,dungeon,45,Random dungeon boss,NULL,dungeon,EPalGenusCategoryType_FourLegged,EPalOrganizationType_None,EPalWeaponType_None,0,80,110,90,75,100,100,"0,4","0,7",10,1920,Boss,NULL,90,180,800,1050,460,1,0,EPalBattleBGMType_FieldBoss,0,0,225,1,3,25,90,1,0,0,9,1,1,70,50,1060,0,0,0,0,0,1,0,0,0,0,0,0,0,NULL,NULL,NULL,NULL
blowing snow fox,28,32,20,1070,Creeps,NULL,forest,31,Wild BOSS,NULL,grassland,EPalGenusCategoryType_FourLegged,EPalOrganizationType_None,EPalWeaponType_None,0,75,50,105,80,100,100,"0,2","0,7",10,1570,Boss,NULL,100,160,600,900,365,1,0,EPalBattleBGMType_FieldBoss,0,0,225,1,3,25,90,1,0,1,9,1,1,100,50,1150,0,0,0,0,0,2,0,1,0,0,0,0,0,NULL,NULL,NULL,NULL
fire unicorn,29,38,28,330,Creeps,NULL,forest,32,Creeps,NULL,forest snow,EPalGenusCategoryType_FourLegged,EPalOrganizationType_None,EPalWeaponType_None,0,100,100,100,100,100,100,"0,2","0,7",10,7960,Boss,NULL,-1,-1,-1,-1,-1,1,0,EPalBattleBGMType_FieldBoss,0,0,475,1,7,25,90,1,0,0,0,0,1,100,50,0,0,0,0,0,0,2,0,0,3,0,0,0,0,NULL,NULL,NULL,NULL
evil unicorn,32,38,17,510,Wild BOSS,NULL,grassland,38,Random dungeon boss,NULL,dungeon,EPalGenusCategoryType_Humanoid,EPalOrganizationType_None,EPalWeaponType_None,0,90,110,95,90,100,100,"0,2","0,7",10,2010,Boss,NULL,66,100,550,720,250,1,0,EPalBattleBGMType_FieldBoss,0,0,225,1,3,25,90,1,0,0,9,1,1,100,50,1040,0,0,0,0,1,0,2,0,0,0,0,3,0,PAL_rude,NULL,NULL,NULL
Deer in severe winter,25,45,7,1300,Wild BOSS,NULL,grassland,38,Random dungeon boss,NULL,dungeon,EPalGenusCategoryType_Humanoid,EPalOrganizationType_None,EPalWeaponType_None,0,130,80,120,90,80,100,"0,2","0,7",10,6510,Boss,NULL,-1,-1,-1,-1,-1,1,0,EPalBattleBGMType_FieldBoss,0,0,475,1,7,25,90,1,0,0,9,0,1,100,50,0,0,0,0,0,0,0,0,0,0,1,0,0,0,NULL,NULL,NULL,NULL
thunder dog,30,40,11,410,Wild BOSS,NULL,grassland,45,Random dungeon boss,NULL,dungeon,EPalGenusCategoryType_FourLegged,EPalOrganizationType_None,EPalWeaponType_None,0,150,100,85,90,30,100,"0,2","0,7",10,9450,NotInterested,NULL,100,135,430,700,282,1,0,EPalBattleBGMType_FieldBoss,0,0,525,1,8,25,90,1,0,0,9,0,1,100,50,300,0,0,2,0,0,0,2,2,0,0,0,0,0,NULL,NULL,NULL,NULL
Blue Flame Wolf,28,32,11,800,Wild BOSS,NULL,grassland,40,Random dungeon boss,NULL,dungeon,EPalGenusCategoryType_FourLegged,EPalOrganizationType_None,EPalWeaponType_None,0,150,100,90,90,30,100,"0,2","0,7",10,9710,NotInterested,NULL,100,135,430,700,282,1,0,EPalBattleBGMType_FieldBoss,0,0,525,1,8,25,90,1,0,0,9,0,1,100,50,290,0,0,0,0,0,0,2,2,0,0,2,0,0,NULL,NULL,NULL,NULL
Thunder Boy,29,40,7,680,Creeps,NULL,grassland,32,Creeps,1,forest snow,EPalGenusCategoryType_Humanoid,EPalOrganizationType_None,EPalWeaponType_None,0,100,100,90,90,100,100,"0,2","0,7",10,6200,Boss,NULL,50,100,500,800,275,1,0,EPalBattleBGMType_FieldBoss,0,0,350,1,5,25,90,1,0,0,9,0,1,100,50,430,0,0,2,0,2,0,2,0,0,0,0,3,0,NULL,NULL,NULL,NULL
Mystia,32,45,28,760,Creeps,NULL,forest snow,40,Random dungeon boss,NULL,dungeon,EPalGenusCategoryType_Humanoid,EPalOrganizationType_None,EPalWeaponType_None,0,100,100,100,100,100,100,"0,2","0,7",10,6610,Boss,NULL,50,100,500,800,275,1,0,EPalBattleBGMType_FieldBoss,0,0,350,1,5,25,90,1,0,0,9,0,1,100,50,390,0,0,0,2,2,0,2,0,0,0,0,3,0,NULL,NULL,NULL,NULL
Thunder Guanlong,35,47,29,360,Creeps,NULL,volcano,45,Random dungeon boss,NULL,dungeon,EPalGenusCategoryType_Humanoid,EPalOrganizationType_None,EPalWeaponType_None,0,90,100,115,90,100,100,"0,2","0,7",10,2200,Boss,NULL,50,195,500,700,275,1,0,EPalBattleBGMType_FieldBoss,0,0,225,1,3,25,90,1,0,0,9,0,1,100,50,990,0,0,2,0,3,3,2,0,0,0,0,2,0,NULL,NULL,NULL,NULL
Corolla dragon,10,39,29,360,Wild BOSS,NULL,grassland,39,event,NULL,Random events,EPalGenusCategoryType_FourLegged,EPalOrganizationType_None,EPalWeaponType_None,0,90,80,80,90,110,100,"0,2","0,7",10,1510,Boss,NULL,-1,-1,-1,-1,-1,1,0,EPalBattleBGMType_FieldBoss,0,0,350,1,5,25,90,1,0,0,9,0,1,100,50,0,0,0,0,0,0,0,0,0,0,0,0,0,0,NULL,NULL,NULL,NULL
water-sliding snake,14,26,32,240,Creeps,NULL,dungeon,47,Wild BOSS,NULL,desert,EPalGenusCategoryType_Bird,EPalOrganizationType_None,EPalWeaponType_None,0,100,100,125,100,100,100,"0,2","0,7",10,7840,Boss,NULL,100,100,700,1200,450,1,0,EPalBattleBGMType_FieldBoss,0,0,525,1,8,25,90,1,0,1,9,1,1,170,50,190,0,0,0,0,0,0,0,0,0,0,0,3,0,NULL,NULL,NULL,NULL
quicksand snake,30,40,25,880,Creeps,NULL,forest snow,40,Random dungeon boss,NULL,dungeon,EPalGenusCategoryType_Bird,EPalOrganizationType_None,EPalWeaponType_None,0,100,100,95,80,100,100,"0,4","0,7",10,6300,Boss,NULL,150,150,600,850,450,1,0,EPalBattleBGMType_FieldBoss,0,0,475,1,7,25,90,1,0,0,9,1,1,100,50,420,0,0,0,0,0,2,0,0,0,0,0,0,0,NULL,NULL,NULL,NULL
Soul Eater,36,45,30,740,Creeps,NULL,desert,26,Creeps,1,forest,EPalGenusCategoryType_FourLegged,EPalOrganizationType_None,EPalWeaponType_None,0,70,70,75,70,100,100,"0,4","0,84",10,1060,NotInterested,NULL,30,60,400,550,215,1,0,EPalBattleBGMType_FieldBoss,0,0,150,1,2,25,90,1,0,0,9,0,1,100,50,1370,0,0,0,1,0,0,0,0,0,0,0,0,0,NULL,NULL,NULL,NULL
Rock Crusher Turtle,17,40,28,830,Creeps,1,forest snow,45,Random dungeon boss,NULL,dungeon,EPalGenusCategoryType_FourLegged,EPalOrganizationType_None,EPalWeaponType_None,0,70,70,75,80,100,100,"0,2","0,7",10,1070,NotInterested,NULL,30,60,400,550,215,1,0,EPalBattleBGMType_FieldBoss,0,0,150,1,2,25,90,1,0,0,9,0,1,100,50,1360,0,0,0,0,0,0,0,0,0,0,1,0,0,NULL,NULL,NULL,NULL
cat bat monster,5,45,29,1210,Creeps,NULL,desert,40,Random dungeon boss,NULL,dungeon,EPalGenusCategoryType_Humanoid,EPalOrganizationType_None,EPalWeaponType_None,0,120,100,100,120,100,100,"0,2","0,7",10,6830,Boss,NULL,55,110,500,600,110,1,0,EPalBattleBGMType_FieldBoss,0,0,400,1,6,25,90,1,0,0,9,0,1,100,85,340,0,0,1,0,1,0,3,0,0,0,0,3,0,Deffence_up1,NULL,NULL,NULL
fraternity lizard,18,40,32,1110,Secret Domain BOSS,NULL,grassland,45,Random dungeon boss,NULL,dungeon,EPalGenusCategoryType_Bird,EPalOrganizationType_None,EPalWeaponType_None,0,100,100,105,110,90,100,"0,2","0,7",10,6720,Boss,NULL,150,200,1000,1500,500,1,0,EPalBattleBGMType_FieldBoss,0,0,525,1,8,25,90,1,0,0,9,0,1,230,50,370,3,0,0,0,0,0,0,0,0,0,0,3,0,NULL,NULL,NULL,NULL
Rong Yan Niang,9,38,10,820,Random dungeon boss,NULL,dungeon,40,Random dungeon boss,NULL,dungeon,EPalGenusCategoryType_FourLegged,EPalOrganizationType_None,EPalWeaponType_None,0,100,80,85,110,100,100,"0,2","0,7",10,2800,Boss,NULL,35,70,550,800,310,1,0,EPalBattleBGMType_FieldBoss,0,0,475,1,7,25,90,1,0,0,9,0,1,100,50,880,0,0,0,0,0,0,2,0,0,0,2,0,0,NULL,NULL,NULL,NULL
Fenggelong,10,40,35,810,Creeps,NULL,desert,38,Random dungeon boss,NULL,dungeon,EPalGenusCategoryType_FourLegged,EPalOrganizationType_None,EPalWeaponType_None,0,90,100,95,105,100,100,"0,2","0,7",10,3730,NotInterested,NULL,65,130,600,750,315,1,0,EPalBattleBGMType_FieldBoss,0,0,225,1,3,25,90,1,0,0,9,0,1,100,50,760,0,0,0,0,0,0,0,0,0,0,2,0,0,NULL,NULL,NULL,NULL
Frost Song Dragon,36,45,30,550,Creeps,NULL,desert,40,event,NULL,Random events,EPalGenusCategoryType_FourLegged,EPalOrganizationType_None,EPalWeaponType_None,0,420,100,140,120,70,100,"0,1","0,7",10,8440,Boss,NULL,120,120,1000,1600,440,1,0,EPalBattleBGMType_Legend,0,0,475,1,7,25,90,1,0,0,9,0,1,300,50,120,0,0,0,0,0,0,0,0,0,0,4,0,0,Legend,ElementBoost_Ice_2_PAL,NULL,NULL
Wave Blade Samurai,23,45,14,560,Random dungeon boss,NULL,dungeon,45,Random dungeon boss,NULL,dungeon,EPalGenusCategoryType_FourLegged,EPalOrganizationType_None,EPalWeaponType_None,0,420,100,140,135,70,100,"0,1","0,7",10,8560,Boss,NULL,120,120,1000,1600,440,1,0,EPalBattleBGMType_Legend,0,0,475,1,7,25,90,1,0,1,9,0,1,300,50,100,0,0,0,0,0,4,0,0,0,0,0,0,0,Legend,NULL,NULL,NULL
Thunderbird,29,40,36,1150,Creeps,1,Snow,45,Creeps,NULL,game reserve,EPalGenusCategoryType_Dragon,EPalOrganizationType_None,EPalWeaponType_None,0,330,100,140,110,100,100,"0,1","0,7",10,8680,Boss,NULL,600,800,1700,3300,1250,1,0,EPalBattleBGMType_Legend,0,0,600,1,9,25,90,1,0,0,9,0,1,100,50,90,0,0,0,0,0,3,0,0,3,0,0,0,0,Legend,ElementBoost_Dragon_2_PAL,NULL,NULL
Flamingo,34,38,17,850,Random dungeon boss,NULL,dungeon,40,Random dungeon boss,NULL,dungeon,EPalGenusCategoryType_Dragon,EPalOrganizationType_None,EPalWeaponType_None,0,70,100,70,70,100,100,"0,2","0,7",10,1260,NotInterested,NULL,50,100,700,900,400,1,0,EPalBattleBGMType_FieldBoss,0,0,100,1,1,25,90,1,0,0,9,0,1,100,50,1260,0,1,0,0,0,0,0,0,0,0,0,0,0,NULL,NULL,NULL,NULL
dark witch cat,20,29,5,750,Creeps,1,islands,38,Random dungeon boss,NULL,dungeon,EPalGenusCategoryType_Dragon,EPalOrganizationType_None,EPalWeaponType_None,0,70,100,70,70,100,100,"0,2","0,7",10,1240,NotInterested,NULL,50,100,700,900,400,1,0,EPalBattleBGMType_FieldBoss,0,0,100,1,1,25,90,1,0,0,9,0,1,100,50,1270,1,0,0,0,0,0,0,0,0,0,0,0,0,NULL,NULL,NULL,NULL
Flame Witch Fox,16,38,18,940,Creeps,1,grassland,29,Random dungeon boss,NULL,dungeon,EPalGenusCategoryType_FourLegged,EPalOrganizationType_None,EPalWeaponType_None,0,120,100,85,90,100,100,"0,2","0,7",10,5800,NotInterested,NULL,80,80,500,800,290,1,0,EPalBattleBGMType_FieldBoss,0,0,475,1,7,25,90,1,0,0,9,0,1,100,90,470,0,0,0,0,0,1,0,0,0,0,0,0,0,NULL,NULL,NULL,NULL
spring rabbit,35,45,9,1405,Creeps,NULL,volcano,38,Random dungeon boss,NULL,dungeon,EPalGenusCategoryType_FourLegged,EPalOrganizationType_None,EPalWeaponType_None,0,120,100,85,90,100,100,"0,2","0,7",10,6100,NotInterested,NULL,80,80,500,800,290,1,0,EPalBattleBGMType_FieldBoss,0,0,475,1,7,25,90,1,0,0,9,0,1,100,90,440,0,0,0,0,0,1,0,0,0,0,3,0,0,NULL,NULL,NULL,NULL
Verita,18,38,10,660,Creeps,NULL,grassland,45,Creeps,NULL,game reserve,EPalGenusCategoryType_FourLegged,EPalOrganizationType_None,EPalWeaponType_None,0,100,150,125,120,50,100,"0,2","0,7",10,10520,Boss,NULL,150,400,700,1000,500,1,0,EPalBattleBGMType_FieldBoss,0,0,600,1,9,25,90,1,0,0,9,0,1,100,50,10,3,0,0,0,0,0,0,4,0,0,0,0,0,ElementBoost_Fire_2_PAL,NULL,NULL,NULL
silk moth,36,45,36,620,Creeps,1,Snow,38,Secret Domain BOSS,NULL,forest,EPalGenusCategoryType_FourLegged,EPalOrganizationType_None,EPalWeaponType_None,0,80,110,105,105,100,100,"0,2","0,63",10,4280,Boss,NULL,80,130,720,1200,425,1,0,EPalBattleBGMType_FieldBoss,0,0,350,1,5,25,90,1,0,0,9,0,1,100,50,680,0,0,0,2,0,0,1,0,0,0,0,0,0,NULL,NULL,NULL,NULL
Faerie Dragon,18,45,23,640,Secret Domain BOSS,NULL,grassland,45,Random dungeon boss,NULL,dungeon,EPalGenusCategoryType_FourLegged,EPalOrganizationType_None,EPalWeaponType_None,0,65,70,75,70,100,100,"0,4","0,77",10,2560,NotInterested,NULL,40,80,400,550,240,1,0,EPalBattleBGMType_FieldBoss,0,0,150,1,2,25,90,1,0,0,9,0,1,100,50,1400,1,0,0,0,0,0,0,0,0,0,0,0,0,NULL,NULL,NULL,NULL
Huo Linger,9,38,29,220,Wild BOSS,NULL,grassland,45,Random dungeon boss,NULL,dungeon,EPalGenusCategoryType_Humanoid,EPalOrganizationType_None,EPalWeaponType_None,0,60,100,70,80,100,100,"0,2","0,77",10,2500,NotInterested,NULL,65,98,250,375,140,1,0,EPalBattleBGMType_FieldBoss,0,0,150,1,2,25,90,1,0,0,9,0,1,100,50,1405,1,0,0,0,1,0,0,0,0,0,0,1,1,NULL,NULL,NULL,NULL
Shui Linger,9,19,34,380,Creeps,NULL,volcano,19,Random dungeon boss,NULL,dungeon,EPalGenusCategoryType_Fish,EPalOrganizationType_None,EPalWeaponType_None,0,100,100,70,95,100,100,"0,4","0,7",10,4690,NotInterested,NULL,100,150,450,600,300,1,0,EPalBattleBGMType_FieldBoss,0,0,300,1,4,25,90,1,0,0,9,0,1,100,50,895,0,1,0,0,0,0,0,2,1,0,0,1,0,NULL,NULL,NULL,NULL
Bihailong,17,22,20,700,Creeps,NULL,dungeon,38,Random dungeon boss,NULL,dungeon,EPalGenusCategoryType_Monster,EPalOrganizationType_None,EPalWeaponType_None,0,110,110,100,70,100,100,"0,2","0,7",10,10240,Boss,NULL,40,60,650,900,150,1,0,EPalBattleBGMType_FieldBoss,0,0,475,1,7,25,90,1,0,0,9,1,1,100,50,280,0,2,0,0,0,0,0,0,0,0,0,1,0,PAL_FullStomach_Up_1,NULL,NULL,NULL
Ice Thorn Beast,36,45,16,1160,Creeps,NULL,volcano,22,Creeps,NULL,game reserve,EPalGenusCategoryType_Monster,EPalOrganizationType_None,EPalWeaponType_None,0,110,110,110,75,100,100,"0,2","0,7",10,10380,Boss,NULL,40,60,650,900,150,1,0,EPalBattleBGMType_FieldBoss,0,0,475,1,7,25,90,1,0,0,9,1,1,100,50,270,0,0,0,3,0,0,0,0,0,0,0,1,0,NULL,NULL,NULL,NULL
Hell King,33,38,35,990,Secret Domain BOSS,NULL,forest,45,Random dungeon boss,NULL,dungeon,EPalGenusCategoryType_Humanoid,EPalOrganizationType_None,EPalWeaponType_None,0,110,100,110,105,100,100,"0,2","0,7",10,7160,Boss,NULL,60,100,450,550,275,1,0,EPalBattleBGMType_FieldBoss,0,0,400,1,6,25,90,1,0,0,9,0,1,100,30,250,0,0,4,0,3,2,0,0,0,3,0,0,0,ElementBoost_Leaf_2_PAL,NULL,NULL,NULL
Hellfire King,34,38,18,1050,Creeps,NULL,game reserve,38,Random dungeon boss,NULL,dungeon,EPalGenusCategoryType_Humanoid,EPalOrganizationType_None,EPalWeaponType_None,0,110,100,110,115,100,100,"0,2","0,7",10,7610,Boss,NULL,60,100,450,550,275,1,0,EPalBattleBGMType_FieldBoss,0,0,400,1,6,25,90,1,0,0,9,0,1,100,30,210,0,0,0,0,3,2,0,0,0,3,0,0,0,NULL,NULL,NULL,NULL
Pecorone,15,20,36,450,Creeps,NULL,Snow,38,Random dungeon boss,NULL,dungeon,EPalGenusCategoryType_Humanoid,EPalOrganizationType_None,EPalWeaponType_None,0,80,80,80,80,100,100,"0,2","0,7",10,1140,NotInterested,NULL,50,100,400,550,250,1,0,EPalBattleBGMType_FieldBoss,0,0,350,1,5,25,90,1,0,0,9,0,1,100,50,1320,0,0,1,0,1,1,0,0,0,2,0,1,0,NULL,NULL,NULL,NULL
Parker,31,31,18,540,Creeps,NULL,game reserve,20,event,NULL,Random events,EPalGenusCategoryType_Humanoid,EPalOrganizationType_None,EPalWeaponType_None,0,80,90,80,50,100,100,"0,4","0,7",10,1720,Boss,NULL,100,140,600,800,270,1,0,EPalBattleBGMType_FieldBoss,0,0,225,1,3,25,90,1,0,1,9,1,1,100,50,1120,0,0,0,0,1,1,0,0,0,0,0,1,0,NULL,NULL,NULL,NULL
Allother,30,30,9,1260,Creeps,NULL,grassland,20,Creeps,NULL,grassland,EPalGenusCategoryType_Humanoid,EPalOrganizationType_None,EPalWeaponType_None,0,80,90,80,50,100,100,"0,2","0,7",10,1640,Boss,NULL,100,140,400,550,270,1,0,EPalBattleBGMType_FieldBoss,0,0,225,1,3,25,90,1,0,0,9,1,1,100,50,1140,1,0,0,0,1,1,0,0,0,0,0,1,0,NULL,NULL,NULL,NULL
Lian Lilong,17,23,9,1270,Creeps,NULL,volcano,31,Secret Domain BOSS,NULL,grassland,EPalGenusCategoryType_FourLegged,EPalOrganizationType_None,EPalWeaponType_None,0,105,100,110,80,100,100,"0,2","0,7",10,4040,Boss,NULL,90,180,750,1000,465,1,0,EPalBattleBGMType_FieldBoss,0,0,475,1,7,25,90,1,0,0,9,1,1,100,50,710,3,0,0,0,0,0,2,0,0,0,0,0,0,NULL,NULL,NULL,NULL
Hualina,18,28,17,500,Wild BOSS,NULL,grassland,30,Wild BOSS,NULL,grassland,EPalGenusCategoryType_FourLegged,EPalOrganizationType_None,EPalWeaponType_None,0,105,100,115,80,100,100,"0,2","0,7",10,4360,Boss,NULL,60,90,750,1000,420,1,0,EPalBattleBGMType_FieldBoss,0,0,475,1,7,25,90,1,0,1,9,1,1,100,50,670,3,0,0,0,0,0,2,0,0,0,0,0,0,NULL,NULL,NULL,NULL
Frost Beast,42,45,36,130,Creeps,NULL,Snow,23,Wild BOSS,NULL,grassland,EPalGenusCategoryType_Humanoid,EPalOrganizationType_None,EPalWeaponType_None,0,80,100,70,70,100,100,"0,4","0,77",10,1280,NotInterested,NULL,48,48,300,400,174,1,0,EPalBattleBGMType_FieldBoss,0,0,150,1,2,25,90,1,0,0,9,0,1,100,50,1250,0,0,1,0,1,1,1,0,0,0,0,1,0,NULL,NULL,NULL,NULL
Lava Beast,34,38,34,710,Creeps,NULL,volcano,28,Secret Domain BOSS,NULL,forest,EPalGenusCategoryType_Other,EPalOrganizationType_None,EPalWeaponType_None,0,60,100,60,60,100,100,"0,4","0,77",10,1110,NotInterested,NULL,55,100,250,400,175,1,0,EPalBattleBGMType_FieldBoss,0,0,150,1,2,25,90,1,0,0,9,0,1,100,50,1300,0,0,0,0,0,1,0,0,0,0,1,0,0,NULL,NULL,NULL,NULL
King Melupa,23,45,33,670,Creeps,1,volcano,45,Random dungeon boss,NULL,dungeon,EPalGenusCategoryType_Other,EPalOrganizationType_None,EPalWeaponType_None,0,100,100,90,90,100,100,"0,4","0,7",10,6000,NotInterested,NULL,60,120,300,600,210,1,0,EPalBattleBGMType_FieldBoss,0,0,225,1,3,25,90,1,0,0,9,0,1,100,50,410,0,0,0,0,0,2,0,0,0,0,2,0,0,NULL,NULL,NULL,NULL
Ice Emperor Melpa,46,46,15,280,Creeps,NULL,grassland,38,Random dungeon boss,NULL,dungeon,EPalGenusCategoryType_Humanoid,EPalOrganizationType_None,EPalWeaponType_None,0,90,80,100,90,100,100,"0,2","0,7",10,1760,Boss,NULL,80,130,500,650,315,1,0,EPalBattleBGMType_FieldBoss,0,0,150,1,2,25,90,1,0,0,9,0,1,100,50,1110,0,0,0,0,3,1,0,0,0,0,0,1,0,NULL,NULL,NULL,NULL
snow mammoth,41,45,31,270,Secret Domain BOSS,NULL,grassland,46,Wild BOSS,NULL,Snow,EPalGenusCategoryType_FourLegged,EPalOrganizationType_None,EPalWeaponType_None,0,110,100,80,80,100,100,"0,2","0,7",10,5510,NotInterested,NULL,32,64,600,900,332,1,0,EPalBattleBGMType_FieldBoss,0,0,300,1,4,25,90,1,0,0,9,0,1,100,50,510,0,0,0,0,0,2,0,0,0,0,0,0,0,NULL,NULL,NULL,NULL
Mammoth,30,40,30,840,Wild BOSS,NULL,grassland,45,Creeps,NULL,game reserve,EPalGenusCategoryType_Humanoid,EPalOrganizationType_None,EPalWeaponType_None,0,70,70,70,70,100,100,"0,4","0,7",10,1050,Boss,NULL,10,10,300,400,100,1,0,EPalBattleBGMType_FieldBoss,0,0,150,1,2,25,90,1,0,1,9,0,1,100,50,1380,0,0,0,0,1,0,0,1,0,0,0,1,0,NULL,NULL,NULL,NULL
Green Moss Velvet,38,45,17,860,Creeps,NULL,grassland,40,Creeps,NULL,Snow,EPalGenusCategoryType_Other,EPalOrganizationType_None,EPalWeaponType_None,0,60,100,60,70,100,100,"0,4","0,7",10,1200,NotInterested,NULL,60,120,400,550,260,1,0,EPalBattleBGMType_FieldBoss,0,0,225,1,3,25,90,1,0,1,9,0,1,100,50,1290,0,0,0,0,0,1,0,0,0,0,0,2,0,NULL,NULL,NULL,NULL
White Velvet Snow Monster,41,45,18,780,Creeps,NULL,game reserve,45,Random dungeon boss,NULL,dungeon,EPalGenusCategoryType_FourLegged,EPalOrganizationType_None,EPalWeaponType_None,0,75,70,85,70,140,100,"0,4","0,7",10,1480,NotInterested,NULL,30,60,300,500,164,1,0,EPalBattleBGMType_FieldBoss,0,0,150,1,2,25,90,1,0,0,9,0,1,100,50,1180,0,0,0,0,0,1,0,0,0,0,0,0,0,NULL,NULL,NULL,NULL
Kaigres,30,45,42,230,Creeps,NULL,dungeon,45,Random dungeon boss,NULL,dungeon,EPalGenusCategoryType_Humanoid,EPalOrganizationType_None,EPalWeaponType_None,0,70,70,75,70,100,100,"0,4","0,63",10,1080,NotInterested,NULL,30,60,500,650,265,1,0,EPalBattleBGMType_FieldBoss,0,0,150,1,2,25,90,1,0,0,9,0,1,100,50,1350,0,1,0,0,1,0,0,0,0,0,1,1,0,NULL,NULL,NULL,NULL
Cloud sea deer,15,45,42,230,Random dungeon boss,NULL,dungeon,45,Creeps,NULL,game reserve,EPalGenusCategoryType_Humanoid,EPalOrganizationType_None,EPalWeaponType_None,0,70,70,70,70,100,100,"0,4","1,05",10,1000,NotInterested,NULL,30,60,400,550,160,1,0,EPalBattleBGMType_FieldBoss,0,0,150,1,2,25,90,1,0,0,9,0,1,100,50,1460,0,0,0,0,1,1,0,1,0,0,0,1,0,PAL_ALLAttack_down1,NULL,NULL,NULL
Night Mephit,20,31,34,320,Creeps,NULL,volcano,45,Creeps,NULL,game reserve,EPalGenusCategoryType_Humanoid,EPalOrganizationType_None,EPalWeaponType_None,0,100,100,100,100,100,100,"0,2","0,7",10,3660,Boss,NULL,-1,-1,-1,-1,-1,1,0,EPalBattleBGMType_FieldBoss,0,0,350,1,5,25,90,1,0,0,9,0,1,100,50,0,0,0,0,0,0,0,0,0,0,0,0,0,0,NULL,NULL,NULL,NULL
Tianyulong,23,45,46,440,Wild BOSS,NULL,Snow,45,Creeps,NULL,game reserve,EPalGenusCategoryType_Humanoid,EPalOrganizationType_None,EPalWeaponType_None,0,120,70,70,70,140,100,"0,2","0,7",10,2450,Boss,NULL,90,170,750,850,460,1,0,EPalBattleBGMType_FieldBoss,0,0,350,1,5,25,90,1,0,1,9,0,1,100,30,940,0,0,0,0,2,0,0,1,0,2,0,2,0,ElementResist_Normal_1_PAL,NULL,NULL,NULL
Flame Glory,40,49,23,470,Wild BOSS,NULL,grassland,31,Wild BOSS,NULL,grassland,EPalGenusCategoryType_Humanoid,EPalOrganizationType_None,EPalWeaponType_None,0,75,100,65,70,100,100,"0,2","0,7",10,1160,NotInterested,NULL,50,100,245,350,172,1,0,EPalBattleBGMType_FieldBoss,0,0,150,1,2,25,90,1,0,0,9,0,1,100,50,1310,0,0,0,0,1,1,0,0,0,0,0,1,0,NULL,NULL,NULL,NULL
Thunderbird,24,28,30,300,Creeps,NULL,islands,45,Random dungeon boss,NULL,dungeon,EPalGenusCategoryType_Other,EPalOrganizationType_None,EPalWeaponType_None,0,70,100,70,70,100,100,"0,4","0,91",10,1310,NotInterested,NULL,50,50,300,400,175,1,0,EPalBattleBGMType_FieldBoss,0,0,100,1,1,25,90,1,0,0,9,0,1,100,50,1240,0,0,1,0,0,0,0,0,0,0,0,0,0,NULL,NULL,NULL,NULL
Demon Dragon,40,48,41,290,Creeps,NULL,Snow,45,Creeps,NULL,game reserve,EPalGenusCategoryType_Other,EPalOrganizationType_None,EPalWeaponType_None,0,70,100,70,70,100,100,"0,4","0,91",10,1310,NotInterested,NULL,50,50,300,400,175,1,0,EPalBattleBGMType_FieldBoss,0,0,100,1,1,25,90,1,0,0,9,0,1,100,50,1240,0,0,1,0,0,0,0,0,0,0,0,0,0,NULL,NULL,NULL,NULL
Dark Armored Scorpion,40,45,41,460,Creeps,NULL,Snow,49,Wild BOSS,NULL,volcano,EPalGenusCategoryType_Humanoid,EPalOrganizationType_None,EPalWeaponType_None,0,90,100,105,100,100,100,"0,2","0,7",10,6830,Boss,NULL,150,250,450,550,350,1,0,EPalBattleBGMType_FieldBoss,0,0,475,1,7,25,90,1,0,0,9,0,1,100,10,330,0,0,2,0,2,2,1,0,0,2,0,0,0,NULL,NULL,NULL,NULL
Anubis,47,47,38,480,Wild BOSS,NULL,grassland,28,Creeps,1,forest,EPalGenusCategoryType_Humanoid,EPalOrganizationType_None,EPalWeaponType_None,0,70,110,80,70,100,100,"0,2","0,7",10,1390,NotInterested,NULL,120,200,400,550,300,1,0,EPalBattleBGMType_FieldBoss,0,0,150,1,2,25,90,1,0,0,9,0,1,100,20,1210,0,0,0,1,1,0,0,0,0,0,0,1,0,NULL,NULL,NULL,NULL
Sea-covering dragon,45,45,30,340,Secret Domain BOSS,NULL,forest,48,Wild BOSS,NULL,volcano,EPalGenusCategoryType_Bird,EPalOrganizationType_None,EPalWeaponType_None,0,95,100,105,120,100,100,"0,2","0,7",10,6720,Boss,NULL,100,200,800,1400,375,1,0,EPalBattleBGMType_FieldBoss,0,0,475,1,7,25,90,1,0,0,0,1,1,150,50,380,3,0,0,0,0,0,0,0,0,0,0,3,0,NULL,NULL,NULL,NULL
Teng Yanlong,40,45,15,980,Wild BOSS,NULL,grassland,45,Creeps,NULL,game reserve,EPalGenusCategoryType_Humanoid,EPalOrganizationType_None,EPalWeaponType_None,0,90,100,105,80,100,100,"0,2","0,7",10,2050,Boss,NULL,100,100,600,750,400,1,0,EPalBattleBGMType_FieldBoss,0,0,225,1,3,25,90,1,0,0,9,0,1,100,50,1020,0,0,1,0,2,2,1,0,0,1,0,2,0,NULL,NULL,NULL,NULL
Qingque,42,45,20,1010,Creeps,NULL,dungeon,47,Wild BOSS,NULL,grassland,EPalGenusCategoryType_Humanoid,EPalOrganizationType_None,EPalWeaponType_None,0,90,100,105,80,100,100,"0,2","0,7",10,2150,Boss,NULL,100,100,600,750,400,1,0,EPalBattleBGMType_FieldBoss,0,0,225,1,3,25,90,1,0,0,9,0,1,100,50,1000,0,0,0,0,2,2,1,0,0,1,0,2,0,NULL,NULL,NULL,NULL
Suzaku,40,45,23,350,Secret Domain BOSS,NULL,grassland,45,Creeps,NULL,game reserve,EPalGenusCategoryType_Humanoid,EPalOrganizationType_None,EPalWeaponType_None,0,80,100,125,80,100,100,"0,2","0,7",10,4520,Boss,NULL,80,160,600,900,320,1,0,EPalBattleBGMType_FieldBoss,0,0,300,1,4,25,90,1,0,0,9,0,1,100,50,640,2,0,0,0,1,1,3,0,0,0,0,2,0,NULL,NULL,NULL,NULL
Lightning Bear,18,22,40,10,Creeps,NULL,game reserve,45,Wild BOSS,NULL,grassland,EPalGenusCategoryType_FourLegged,EPalOrganizationType_None,EPalWeaponType_None,0,260,110,120,145,100,100,"0,1","0,7",10,8810,Boss,NULL,50,100,800,1400,450,1,0,EPalBattleBGMType_Legend,0,0,600,1,9,25,90,1,0,0,9,0,1,100,50,80,0,0,0,0,0,0,2,2,0,0,0,0,0,Legend,ElementBoost_Normal_2_PAL,NULL,NULL
lily queen,40,45,24,190,Creeps,1,forest,45,Wild BOSS,NULL,desert,EPalGenusCategoryType_FourLegged,EPalOrganizationType_None,EPalWeaponType_None,0,120,80,90,100,120,100,"0,2","0,7",10,2920,NotInterested,NULL,50,75,350,600,200,1,0,EPalBattleBGMType_FieldBoss,0,0,475,1,7,25,90,1,0,0,9,0,1,100,50,860,0,0,3,0,0,0,0,0,0,0,0,0,0,NULL,NULL,NULL,NULL
black moon queen,49,49,40,150,Creeps,NULL,game reserve,45,Random dungeon boss,NULL,dungeon,EPalGenusCategoryType_FourLegged,EPalOrganizationType_None,EPalWeaponType_None,0,120,80,95,100,120,100,"0,2","0,7",10,3110,NotInterested,NULL,50,75,350,600,200,1,0,EPalBattleBGMType_FieldBoss,0,0,475,1,7,25,90,1,0,0,9,0,1,100,50,840,0,3,0,0,0,0,0,0,0,0,0,0,0,NULL,NULL,NULL,NULL
Horus,40,45,40,260,Creeps,NULL,game reserve,22,Creeps,NULL,game reserve,EPalGenusCategoryType_Humanoid,EPalOrganizationType_None,EPalWeaponType_None,0,100,100,100,100,100,100,"0,2","0,7",10,8080,Boss,NULL,-1,-1,-1,-1,-1,1,0,EPalBattleBGMType_FieldBoss,0,0,300,1,4,25,90,1,0,1,9,0,1,100,50,0,0,0,0,0,0,1,3,0,2,1,0,0,0,NULL,NULL,NULL,NULL
Pollux,40,45,47,570,Wild BOSS,NULL,grassland,45,Creeps,NULL,game reserve,EPalGenusCategoryType_Fish,EPalOrganizationType_None,EPalWeaponType_None,0,90,70,90,80,100,100,"0,2","0,7",10,5050,NotInterested,NULL,100,200,500,750,350,1,0,EPalBattleBGMType_FieldBoss,0,0,350,1,5,25,90,1,0,0,9,1,1,100,50,560,0,2,0,0,0,0,0,0,0,0,0,0,0,NULL,NULL,NULL,NULL
Heterogeneous Griffin,40,45,40,315,Creeps,NULL,game reserve,49,Wild BOSS,NULL,Snow,EPalGenusCategoryType_Fish,EPalOrganizationType_None,EPalWeaponType_None,0,90,70,90,100,100,100,"0,2","0,7",10,5140,NotInterested,NULL,100,200,500,750,350,1,0,EPalBattleBGMType_FieldBoss,0,0,350,1,5,25,90,1,0,0,9,1,1,100,50,550,0,0,0,0,0,1,0,0,0,0,0,0,0,NULL,NULL,NULL,NULL
Knight of Light,50,50,45,310,Wild BOSS,NULL,grassland,45,Creeps,NULL,game reserve,EPalGenusCategoryType_Humanoid,EPalOrganizationType_None,EPalWeaponType_None,0,90,90,90,75,100,100,"0,2","0,7",10,1840,Boss,NULL,50,80,400,500,120,1,0,EPalBattleBGMType_FieldBoss,0,0,225,1,3,25,90,1,0,0,9,1,1,100,50,1090,0,2,0,0,1,0,0,0,0,0,0,1,0,NULL,NULL,NULL,NULL
Chaos Knight,50,50,40,50,Creeps,NULL,desert,45,Creeps,NULL,game reserve,EPalGenusCategoryType_Humanoid,EPalOrganizationType_None,EPalWeaponType_None,0,90,90,90,75,100,100,"0,2","0,7",10,1800,Boss,NULL,50,80,400,500,120,1,0,EPalBattleBGMType_FieldBoss,0,0,225,1,3,25,90,1,0,0,9,1,1,100,50,1100,2,0,0,0,1,0,0,0,0,0,0,1,0,NULL,NULL,NULL,NULL
Winter Caller,50,50,42,30,Random dungeon boss,NULL,dungeon,45,Creeps,NULL,game reserve,EPalGenusCategoryType_Humanoid,EPalOrganizationType_None,EPalWeaponType_None,0,70,70,70,70,100,100,"0,4","1,05",10,1000,NotInterested,NULL,23,40,400,550,160,1,0,EPalBattleBGMType_FieldBoss,0,0,150,1,2,25,90,1,0,0,9,0,1,100,50,1470,0,0,0,0,1,0,0,0,0,0,0,1,1,NULL,NULL,NULL,NULL
Vortex Dragon,50,50,18,200,Creeps,NULL,game reserve,50,Wild BOSS,NULL,desert,EPalGenusCategoryType_Humanoid,EPalOrganizationType_None,EPalWeaponType_None,0,100,100,100,100,100,100,"0,2","0,7",10,4440,Boss,NULL,-1,-1,-1,-1,-1,1,0,EPalBattleBGMType_FieldBoss,0,0,300,1,4,25,90,1,0,0,9,0,1,100,50,0,0,0,0,0,3,2,2,0,0,1,0,2,0,NULL,NULL,NULL,NULL
NULL,null,null,40,250,Creeps,NULL,game reserve,50,Wild BOSS,NULL,desert,EPalGenusCategoryType_Dragon,EPalOrganizationType_None,EPalWeaponType_None,0,105,100,100,100,100,100,"0,2","0,7",10,6830,Boss,NULL,120,240,800,1050,470,1,0,EPalBattleBGMType_FieldBoss,0,0,300,1,4,25,90,1,0,0,9,0,1,220,50,350,0,0,0,0,1,2,0,2,0,0,0,3,0,NULL,NULL,NULL,NULL
NULL,null,null,49,210,Wild BOSS,NULL,Snow,50,Wild BOSS,NULL,Snow,EPalGenusCategoryType_Humanoid,EPalOrganizationType_None,EPalWeaponType_None,0,80,100,90,90,100,100,"0,2","0,7",10,1880,Boss,NULL,125,250,450,550,350,1,0,EPalBattleBGMType_FieldBoss,0,0,225,1,3,25,90,1,0,0,9,0,1,100,10,1070,0,0,1,0,1,1,1,0,0,1,0,2,1,NULL,NULL,NULL,NULL
NULL,null,null,40,370,Creeps,NULL,game reserve,50,Wild BOSS,NULL,volcano,EPalGenusCategoryType_Bird,EPalOrganizationType_None,EPalWeaponType_None,0,120,100,105,105,100,100,"0,2","0,7",10,9840,Boss,NULL,100,200,850,1200,450,1,0,EPalBattleBGMType_FieldBoss,0,0,525,1,8,25,90,1,0,0,9,0,1,350,50,50,3,0,0,0,0,0,0,0,0,0,0,0,0,NULL,NULL,NULL,NULL
NULL,null,null,40,140,Creeps,NULL,game reserve,null,NULL,NULL,NULL,EPalGenusCategoryType_Bird,EPalOrganizationType_None,EPalWeaponType_None,0,125,100,105,105,100,100,"0,2","0,7",10,10110,Boss,NULL,100,200,850,1200,450,1,0,EPalBattleBGMType_FieldBoss,0,0,525,1,8,25,90,1,0,0,9,0,1,350,50,30,0,3,0,0,0,0,0,0,0,0,0,0,0,NULL,NULL,NULL,NULL
NULL,null,null,40,60,Creeps,NULL,game reserve,null,NULL,NULL,NULL,EPalGenusCategoryType_FourLegged,EPalOrganizationType_None,EPalWeaponType_None,0,70,70,70,90,100,100,"0,2","0,7",10,1450,NotInterested,NULL,50,100,300,400,200,1,0,EPalBattleBGMType_FieldBoss,0,0,150,1,2,25,90,1,0,0,9,0,1,100,50,1190,0,0,0,0,0,0,0,0,0,0,0,0,1,NULL,NULL,NULL,NULL
NULL,null,null,50,80,Wild BOSS,NULL,desert,null,NULL,NULL,NULL,EPalGenusCategoryType_Other,EPalOrganizationType_None,EPalWeaponType_None,0,100,100,100,100,100,100,"0,2","0,7",10,2300,Boss,NULL,-1,-1,-1,-1,-1,1,0,EPalBattleBGMType_FieldBoss,0,0,300,1,4,25,90,1,0,0,9,0,1,100,50,0,0,0,0,0,0,0,0,1,0,0,0,2,0,NULL,NULL,NULL,NULL
NULL,null,null,50,70,Wild BOSS,NULL,desert,null,NULL,NULL,NULL,EPalGenusCategoryType_Bird,EPalOrganizationType_None,EPalWeaponType_None,0,105,100,115,80,100,100,"0,2","0,7",10,7490,Boss,NULL,100,200,750,1300,375,1,0,EPalBattleBGMType_FieldBoss,0,0,475,1,7,25,90,1,0,0,9,1,1,160,50,220,0,0,0,2,0,1,0,0,0,0,0,3,0,NULL,NULL,NULL,NULL
NULL,null,null,50,120,Wild BOSS,NULL,Snow,null,NULL,NULL,NULL,EPalGenusCategoryType_FourLegged,EPalOrganizationType_None,EPalWeaponType_None,0,90,100,100,80,100,100,"0,2","0,7",10,3880,Boss,NULL,110,210,700,1200,455,1,0,EPalBattleBGMType_FieldBoss,0,0,350,1,5,25,90,1,0,0,9,1,1,100,50,740,0,0,0,2,0,0,0,0,0,0,0,0,0,NULL,NULL,NULL,NULL
NULL,null,null,50,90,Wild BOSS,NULL,volcano,null,NULL,NULL,NULL,EPalGenusCategoryType_Humanoid,EPalOrganizationType_None,EPalWeaponType_None,0,100,100,130,100,100,100,"0,2","0,7",10,8320,Boss,NULL,100,185,900,1200,250,1,0,EPalBattleBGMType_FieldBoss,0,0,475,1,7,25,90,1,0,0,9,1,1,100,50,140,0,0,0,4,2,0,0,0,0,0,0,3,0,ElementBoost_Thunder_2_PAL,NULL,NULL,NULL
,,,,,,,,,8,Dragon,Water,EPalGenusCategoryType_Fish,EPalOrganizationType_None,EPalWeaponType_None,0,130,150,120,100,100,100,"0,2","0,7",10,9320,Boss,NULL,100,175,525,800,350,1,0,EPalBattleBGMType_FieldBoss,0,0,475,1,7,25,90,1,0,0,9,1,1,100,50,310,0,4,0,0,0,0,0,0,0,0,0,0,0,ElementBoost_Aqua_2_PAL,NULL,NULL,NULL
,,,,,,,,,9,Dragon,Fire,EPalGenusCategoryType_Fish,EPalOrganizationType_None,EPalWeaponType_None,0,130,150,130,100,100,100,"0,2","0,7",10,9320,Boss,NULL,100,175,525,800,350,1,0,EPalBattleBGMType_FieldBoss,0,0,475,1,7,25,90,1,0,0,9,1,1,100,50,315,4,0,0,0,0,0,0,0,0,0,0,0,0,NULL,NULL,NULL,NULL
,,,,,,,,,8,Leaf,NULL,EPalGenusCategoryType_Humanoid,EPalOrganizationType_None,EPalWeaponType_None,0,100,100,100,120,100,100,"0,2","0,7",10,1960,NotInterested,NULL,100,150,400,550,275,1,0,EPalBattleBGMType_FieldBoss,0,0,225,1,3,25,90,1,0,0,9,0,1,100,50,1050,0,0,2,0,2,2,0,0,0,3,0,1,0,NULL,NULL,NULL,NULL
,,,,,,,,,0,Fire,Earth,EPalGenusCategoryType_FourLegged,EPalOrganizationType_None,EPalWeaponType_None,0,110,100,105,120,100,100,"0,2","0,7",10,6940,Boss,NULL,50,80,390,650,235,1,0,EPalBattleBGMType_FieldBoss,0,0,350,1,5,25,90,1,0,0,9,1,1,100,50,320,3,0,0,0,0,0,0,3,0,0,0,0,0,NULL,NULL,NULL,NULL
,,,,,,,,,7,Ice,Earth,EPalGenusCategoryType_FourLegged,EPalOrganizationType_None,EPalWeaponType_None,0,110,100,105,130,100,100,"0,2","0,7",10,7380,Boss,NULL,50,80,390,650,235,1,0,EPalBattleBGMType_FieldBoss,0,0,350,1,5,25,90,1,0,0,9,1,1,100,50,230,0,0,0,0,0,0,0,3,0,0,3,0,0,NULL,NULL,NULL,NULL
,,,,,,,,,0,Fire,NULL,EPalGenusCategoryType_Humanoid,EPalOrganizationType_None,EPalWeaponType_None,0,90,120,90,90,80,100,"0,2","0,7",10,4040,Boss,NULL,-1,-1,-1,-1,-1,1,0,EPalBattleBGMType_FieldBoss,0,0,350,1,5,25,90,1,0,0,9,0,1,100,50,0,0,0,0,0,0,0,0,0,0,0,0,0,0,NULL,NULL,NULL,NULL
,,,,,,,,,4,Ice,Dragon,EPalGenusCategoryType_FourLegged,EPalOrganizationType_None,EPalWeaponType_None,0,90,100,80,80,100,100,"0,4","0,7",10,3310,NotInterested,NULL,100,180,600,900,390,1,0,EPalBattleBGMType_FieldBoss,0,0,225,1,3,25,90,1,0,0,9,0,1,100,50,800,0,0,0,0,0,1,0,0,0,0,1,0,0,NULL,NULL,NULL,NULL
,,,,,,,,,3,Dark,NULL,EPalGenusCategoryType_Humanoid,EPalOrganizationType_None,EPalWeaponType_None,0,80,130,100,80,100,100,"0,2","0,7",10,2400,Boss,NULL,100,150,600,800,375,1,0,EPalBattleBGMType_FieldBoss,0,0,350,1,5,25,90,1,0,1,9,1,1,100,50,950,0,0,0,0,2,0,0,0,0,0,0,0,0,NULL,NULL,NULL,NULL
,,,,,,,,,7,Ice,NULL,EPalGenusCategoryType_Humanoid,EPalOrganizationType_None,EPalWeaponType_None,0,110,90,90,100,90,100,"0,2","0,7",10,5900,Boss,NULL,50,100,400,550,250,1,0,EPalBattleBGMType_FieldBoss,0,0,350,1,5,25,90,1,0,0,9,0,1,100,50,450,0,0,0,0,0,0,0,0,0,2,2,0,1,NULL,NULL,NULL,NULL
,,,,,,,,,7,Ice,NULL,EPalGenusCategoryType_Humanoid,EPalOrganizationType_None,EPalWeaponType_None,0,100,140,100,110,100,100,"0,2","0,7",10,8440,Boss,NULL,100,280,720,900,460,1,0,EPalBattleBGMType_FieldBoss,0,0,475,1,7,25,90,1,0,0,9,1,1,100,50,130,0,0,0,0,1,0,2,0,0,0,3,0,0,NULL,NULL,NULL,NULL
,,,,,,,,,1,Earth,NULL,EPalGenusCategoryType_Other,EPalOrganizationType_None,EPalWeaponType_None,0,80,70,70,70,100,100,"0,2","0,7",10,1020,NotInterested,NULL,50,100,400,550,250,1,0,EPalBattleBGMType_FieldBoss,0,0,150,1,2,25,90,1,0,0,9,0,1,100,50,1420,0,0,0,0,1,1,0,0,0,0,0,2,0,NULL,NULL,NULL,NULL
,,,,,,,,,2,Ice,NULL,EPalGenusCategoryType_Other,EPalOrganizationType_None,EPalWeaponType_None,0,80,70,80,70,100,100,"0,2","0,7",10,1020,NotInterested,NULL,50,100,400,550,250,1,0,EPalBattleBGMType_FieldBoss,0,0,150,1,2,25,90,1,0,0,9,0,1,100,50,1422,0,0,0,0,1,1,0,0,0,0,1,2,0,NULL,NULL,NULL,NULL
,,,,,,,,,0,Earth,NULL,EPalGenusCategoryType_Humanoid,EPalOrganizationType_None,EPalWeaponType_None,0,100,100,100,100,100,100,"0,2","0,7",10,10380,Boss,NULL,-1,-1,-1,-1,-1,1,0,EPalBattleBGMType_FieldBoss,0,0,475,1,7,25,90,1,0,0,9,0,1,100,50,0,0,0,0,0,1,1,0,3,0,0,0,4,0,NULL,NULL,NULL,NULL
,,,,,,,,,1,Dark,NULL,EPalGenusCategoryType_Bird,EPalOrganizationType_None,EPalWeaponType_None,0,70,70,70,80,100,100,"0,4","0,7",10,1050,NotInterested,NULL,26,70,380,550,225,1,0,EPalBattleBGMType_FieldBoss,0,0,225,1,3,25,90,1,0,1,9,0,1,100,50,1390,0,0,0,0,0,1,0,0,0,0,0,0,0,NULL,NULL,NULL,NULL
,,,,,,,,,1,Normal,NULL,EPalGenusCategoryType_FourLegged,EPalOrganizationType_None,EPalWeaponType_None,0,70,100,70,75,100,100,"0,4","0,91",10,1420,NotInterested,NULL,20,40,300,450,170,1,0,EPalBattleBGMType_FieldBoss,0,0,150,1,2,25,90,1,0,0,9,0,1,100,50,1455,0,0,0,0,0,1,0,0,0,0,0,0,1,NULL,NULL,NULL,NULL
,,,,,,,,,7,Ice,NULL,EPalGenusCategoryType_Humanoid,EPalOrganizationType_None,EPalWeaponType_None,0,140,100,80,100,100,100,"0,2","0,7",10,5900,Boss,NULL,70,100,365,650,150,1,0,EPalBattleBGMType_FieldBoss,0,0,525,1,8,25,90,1,0,0,9,1,1,100,50,460,0,0,0,0,2,0,3,0,0,0,2,4,0,NULL,NULL,NULL,NULL
,,,,,,,,,8,Leaf,NULL,EPalGenusCategoryType_Humanoid,EPalOrganizationType_None,EPalWeaponType_None,0,140,100,80,110,100,100,"0,2","0,7",10,5700,Boss,NULL,70,100,365,650,150,1,0,EPalBattleBGMType_FieldBoss,0,0,525,1,8,25,90,1,0,0,9,1,1,100,50,480,0,0,1,0,2,0,3,0,0,0,0,4,0,NULL,NULL,NULL,NULL
,,,,,,,,,0,Earth,NULL,EPalGenusCategoryType_Humanoid,EPalOrganizationType_None,EPalWeaponType_None,0,100,100,100,100,100,100,1,1,1,2350,Escape_to_Battle,NULL,-1,-1,-1,-1,-1,0,0,EPalBattleBGMType_Cute,0,0,225,1,3,25,90,1,0,0,0,0,1,100,50,0,0,0,0,0,2,2,0,1,1,0,0,1,0,NULL,NULL,NULL,NULL
,,,,,,,,,0,Electricity,NULL,EPalGenusCategoryType_FourLegged,EPalOrganizationType_None,EPalWeaponType_None,0,100,100,110,70,100,100,1,1,1,4200,Warlike,NULL,85,85,800,1000,442,0,0,EPalBattleBGMType_Cool,0,0,350,1,5,25,90,1,0,0,0,0,1,100,50,0,2,0,0,0,0,0,0,0,0,0,0,0,0,NULL,NULL,NULL,NULL
,,,,,,,,,0,Earth,NULL,EPalGenusCategoryType_Other,EPalOrganizationType_None,EPalWeaponType_None,0,100,100,100,100,100,100,1,1,1,4610,Warlike,NULL,-1,-1,-1,-1,-1,0,0,EPalBattleBGMType_Cool,0,0,300,1,4,25,90,1,0,0,0,0,1,100,50,0,0,0,0,0,0,2,0,0,0,0,0,0,0,NULL,NULL,NULL,NULL
,,,,,,,,,0,Earth,NULL,EPalGenusCategoryType_FourLegged,EPalOrganizationType_None,EPalWeaponType_None,0,100,100,100,100,100,100,1,1,1,7960,Warlike,NULL,-1,-1,-1,-1,-1,0,0,EPalBattleBGMType_Strong,0,0,475,1,7,25,90,1,0,0,0,0,1,100,50,0,0,0,0,0,0,2,0,0,3,0,0,0,0,NULL,NULL,NULL,NULL
,,,,,,,,,0,Normal,NULL,EPalGenusCategoryType_Humanoid,EPalOrganizationType_None,EPalWeaponType_None,0,100,100,100,100,100,100,1,1,1,3660,Escape_to_Battle,NULL,-1,-1,-1,-1,-1,0,0,EPalBattleBGMType_Cute,0,0,350,1,5,25,90,1,0,0,0,0,1,100,50,0,0,0,0,0,0,0,0,0,0,0,0,0,0,NULL,NULL,NULL,NULL
,,,,,,,,,0,Dark,NULL,EPalGenusCategoryType_Humanoid,EPalOrganizationType_None,EPalWeaponType_None,0,100,100,100,100,100,100,1,1,1,8080,Warlike,NULL,-1,-1,-1,-1,-1,0,0,EPalBattleBGMType_Cool,0,0,300,1,4,25,90,1,0,1,0,0,1,100,50,0,0,0,0,0,0,1,3,0,2,1,0,0,0,NULL,NULL,NULL,NULL
,,,,,,,,,0,Normal,NULL,EPalGenusCategoryType_Humanoid,EPalOrganizationType_None,EPalWeaponType_None,0,100,100,100,100,100,100,1,1,1,4440,NotInterested,NULL,-1,-1,-1,-1,-1,0,0,EPalBattleBGMType_Cute,0,0,300,1,4,25,90,1,0,0,0,0,1,100,50,0,0,0,0,0,3,2,2,0,0,1,0,2,0,NULL,NULL,NULL,NULL
,,,,,,,,,0,Water,NULL,EPalGenusCategoryType_Other,EPalOrganizationType_None,EPalWeaponType_None,0,100,100,100,100,100,100,1,1,1,2300,Warlike,NULL,-1,-1,-1,-1,-1,0,0,EPalBattleBGMType_Cool,0,0,300,1,4,25,90,1,0,0,0,0,1,100,50,0,0,0,0,0,0,0,0,1,0,0,0,2,0,NULL,NULL,NULL,NULL
,,,,,,,,,0,Earth,NULL,EPalGenusCategoryType_Humanoid,EPalOrganizationType_None,EPalWeaponType_None,0,100,100,100,100,100,100,1,1,1,10380,Warlike,NULL,-1,-1,-1,-1,-1,0,0,EPalBattleBGMType_Strong,0,0,475,1,7,25,90,1,0,0,0,0,1,100,50,0,0,0,0,0,1,1,0,3,0,0,0,4,0,NULL,NULL,NULL,NULL
,,,,,,,,,0,Dragon,NULL,EPalGenusCategoryType_Dragon,EPalOrganizationType_None,EPalWeaponType_None,0,100,100,100,100,100,100,1,1,1,9970,Escape,NULL,-1,-1,-1,-1,-1,0,0,EPalBattleBGMType_Strong,0,0,600,1,9,25,90,1,0,0,0,1,1,100,50,0,0,0,0,0,0,0,0,0,0,0,0,0,0,NULL,NULL,NULL,NULL
,,,,,,,,,0,Fire,NULL,EPalGenusCategoryType_Humanoid,EPalOrganizationType_None,EPalWeaponType_None,0,90,120,90,90,80,100,1,1,1,4040,Warlike,NULL,-1,-1,-1,-1,-1,0,0,EPalBattleBGMType_Cool,0,0,350,1,5,25,90,1,0,0,0,0,1,100,50,0,0,0,0,0,0,0,0,0,0,0,0,0,0,NULL,NULL,NULL,NULL
,,,,,,,,,0,Normal,NULL,EPalGenusCategoryType_FourLegged,EPalOrganizationType_None,EPalWeaponType_None,0,90,80,80,90,110,100,1,1,1,1510,Warlike,NULL,-1,-1,-1,-1,-1,0,0,EPalBattleBGMType_Cute,0,0,350,1,5,25,90,1,0,0,0,0,1,100,50,0,0,0,0,0,0,0,0,0,0,0,0,0,0,NULL,NULL,NULL,NULL
,,,,,,,,,0,Leaf,NULL,EPalGenusCategoryType_Humanoid,EPalOrganizationType_None,EPalWeaponType_None,0,130,80,120,90,80,100,1,1,1,6510,Warlike,NULL,-1,-1,-1,-1,-1,0,0,EPalBattleBGMType_Strong,0,0,475,1,7,25,90,1,0,0,0,0,1,100,50,0,0,0,0,0,0,0,0,0,0,1,0,0,0,NULL,NULL,NULL,NULL
,,,,,,,,,10,Dark,Dragon,EPalGenusCategoryType_Humanoid,EPalOrganizationType_None,EPalWeaponType_None,0,130,100,130,110,100,100,1,1,1,8440,Warlike,NULL,55,110,560,800,335,0,0,EPalBattleBGMType_Strong,0,0,525,1,8,25,90,1,0,1,99,1,1,100,50,0,0,0,0,0,0,0,0,0,0,0,0,3,0,NULL,NULL,NULL,NULL
,,,,,,,,,5,Dark,NULL,EPalGenusCategoryType_Humanoid,EPalOrganizationType_None,EPalWeaponType_None,0,100,100,100,100,100,100,1,1,1,3960,Warlike,NULL,100,150,550,700,350,0,0,EPalBattleBGMType_Strong,0,0,525,1,8,25,90,1,0,1,99,0,1,100,50,0,0,0,0,0,3,0,0,0,0,3,0,2,0,NULL,NULL,NULL,NULL