Chinese name,Name,CodeName,OverrideNameTextID,NamePrefixID,OverridePartnerSkillTextID,IsPal,Tribe,BPClass,variant,Volume size,rarity,Element 1,Element 2,GenusCategory,Organization,weapon,WeaponEquip,nocturnal,4D total,HP,melee attack,Remote attack,defense,support,Speed of work,Level 1,Level 20,Level 50,AIRResponse,AISightResponse,endurance,slow walking speed,walking speed,running speed,Riding sprint speed,damage multiplier,catch rate,Experience multiplier,price,Must bring entry 1,Must bring entry 2,Numerical description,lv1,lv2,lv3,lv4,lv5,Skill description,endurance,Male probability,fecundity,Breathing fire,watering,planting,generate electricity,manual,collection,logging,Mining,OilExtraction,pharmaceutical,cool down,carry,pasture,Passive skill 1,Passive skill 2,Passive skill 3,Passive skill 4
Mian Youyou,Lamball,SheepBall,NULL,NULL,NULL,1,SheepBall,SheepBall,NULL,XS,1,generally,NULL,Humanoid,NULL,NULL,0,NULL,280,70,70,70,70,100,100,105-106,205-236,362-441,Friendly,NULL,100,23,40,400,NULL,2,"1,5",1,1000,NULL,NULL,Ranch skills,0,0,0,0,0,"When activated, it will transform into a shield equipped on the player. Assign it to Palu Ranch and it will have a chance to drop Wool.",100,100,9999,0,0,0,0,0,1,0,0,0,0,0,0,0,NULL,NULL,NULL,NULL
Naughty cat,Cattiva,PinkCat,NULL,NULL,NULL,1,PinkCat,PinkCat,NULL,XS,1,generally,NULL,Humanoid,NULL,NULL,0,NULL,280,70,70,70,70,100,100,105-106,205-236,362-441,Escape_to_Battle,NULL,100,30,60,400,NULL,2,"1,5",1,1000,timid,NULL,Increased weight bearing,50,60,70,80,90,"If PinkCat is in the team, it will help carry luggage and increase the player's maximum weight limit.",100,0,9999,0,0,0,3,2,0,2,0,0,0,0,3,0,NULL,NULL,NULL,NULL
Pipi Chicken,Chikipi,ChickenPal,NULL,NULL,NULL,1,ChickenPal,ChickenPal,NULL,XS,1,generally,NULL,Bird,NULL,NULL,0,NULL,250,60,70,60,60,70,100,104-105,190-217,325-392,Friendly,NULL,100,50,50,375,NULL,2,"1,5",1,1000,NULL,NULL,Ranch skills,0,0,0,0,0,Assign it to Palu Ranch and it will have a chance to give birth to Eggs.,100,100,9999,3,0,0,0,0,0,0,0,0,0,0,3,0,NULL,NULL,NULL,NULL
green leaf rat,Lifmunk,Carbunclo,NULL,NULL,NULL,1,Carbunclo,Carbunclo,NULL,XS,1,Wood,NULL,Humanoid,NULL,NULL,0,NULL,285,75,70,70,70,100,100,105-106,205-236,362-441,Escape,NULL,100,20,40,400,NULL,1,"0,9",1,1010,NULL,NULL,Skill power,10,11,13,16,20,"After being activated, it will sit on the player's head and use a submachine gun to chase after the player's attacks.",100,0,9999,0,0,3,0,2,2,0,0,0,3,0,0,0,NULL,NULL,NULL,NULL
tinder fox,Foxparks,Kitsunebi,NULL,NULL,NULL,1,Kitsunebi,Kitsunebi,NULL,XS,1,fire,NULL,FourLegged,NULL,NULL,0,NULL,280,65,70,75,70,100,100,105-107,212-246,381-465,Escape_to_Battle,NULL,100,40,80,400,NULL,"1,3","1,1",1,1040,NULL,NULL,Skill power,10,11,13,16,20,"When activated, it will transform into a flamethrower equipped on the player.",100,100,9999,0,0,0,3,2,0,0,0,0,0,0,3,0,NULL,NULL,NULL,NULL
surf duck,Fuack,BluePlatypus,NULL,NULL,NULL,1,Blueplatypus,BluePlatypus,NULL,XS,1,water,NULL,Humanoid,NULL,NULL,0,NULL,280,60,80,80,60,100,100,106-107,220-256,400-490,Escape_to_Battle,NULL,100,70,105,300,NULL,"1,3","1,1",1,1120,NULL,NULL,Skill power multiplier,1,"1,1","1,3","1,6",2,"When activated, BluePlatypus will ride the wave towards the enemy.",100,50,0,0,0,0,0,2,3,1,0,0,0,0,2,0,NULL,NULL,NULL,NULL
Volt Meow,Sparkit,ElecCat,NULL,NULL,NULL,1,ElecCat,ElecCat,NULL,XS,1,electricity,NULL,Humanoid,NULL,NULL,0,NULL,265,60,60,75,70,80,100,105-107,212-246,381-465,Escape_to_Battle,NULL,100,40,80,350,NULL,"1,3","1,1",1,1030,NULL,NULL,Attack power bonus%,10,11,13,16,20,"If it is in the team, the elemental Electricity Palu's attack power will be increased.",100,50,0,0,0,2,0,1,2,0,0,0,3,0,1,0,NULL,NULL,NULL,NULL
Neolepithecus,Tanzee,Monkey,NULL,NULL,NULL,1,Monkey,Monkey,NULL,XS,1,Wood,NULL,Humanoid,NULL,NULL,0,NULL,320,80,100,70,70,100,100,105-106,205-236,362-441,Escape_to_Battle,NULL,100,48,48,300,NULL,"1,2","1,1",1,1280,NULL,NULL,Skill power,20,22,26,32,40,"After activation, Monkey will violently shoot nearby enemies with an assault rifle within a certain period of time.",100,50,890,0,0,0,0,0,0,0,0,0,0,0,0,1,NULL,NULL,NULL,NULL
Fire Deer,Rooby,FlameBambi,NULL,NULL,NULL,1,FlameBambi,FlameBambi,NULL,S,2,fire,NULL,FourLegged,NULL,NULL,0,NULL,320,75,100,70,75,100,100,105-106,205-236,362-441,Escape_to_Battle,NULL,100,70,100,400,NULL,"1,3","1,1",1,2950,NULL,NULL,Attack power bonus%,10,11,13,16,20,"If it is in the team, the elemental Fire Palu's attack power will be increased.",100,50,830,2,0,0,0,0,0,0,0,0,0,0,0,0,NULL,NULL,NULL,NULL
Keimaru,Pengullet,Penguin,NULL,NULL,NULL,1,Penguin,Penguin,NULL,XS,1,water,ice,Humanoid,NULL,NULL,0,NULL,285,70,70,75,70,100,100,105-107,212-246,381-465,Escape_to_Battle,NULL,100,30,60,500,NULL,1,"0,9",1,1080,NULL,NULL,Skill power,250,285,325,400,500,"After activation, players will equip Launcher_Default and can shoot Penguin as a cannonball. After hitting the target, Penguin will explode and fall into a dying state.",100,50,570,0,0,0,0,4,0,0,3,0,0,0,2,0,ElementBoost_Earth_2_PAL,NULL,NULL,NULL
King Keimaru,Penking,CaptainPenguin,NULL,NULL,NULL,1,CaptainPenguin,CaptainPenguin,NULL,L,6,water,ice,Humanoid,NULL,NULL,0,NULL,355,95,70,95,95,100,100,107-109,242-285,456-563,Warlike,NULL,100,50,110,450,NULL,1,1,1,5410,NULL,NULL,Drop increased by %_Fire,40,50,60,70,80,"When fighting alongside it, if you knock down the elemental Fire's pallu, you can get more dropped items from that pallu.",100,50,0,0,0,0,0,2,3,1,0,0,0,0,2,0,NULL,NULL,NULL,NULL
electric rat,Jolthog,Hedgehog,NULL,NULL,NULL,1,Hedgehog,Hedgehog,NULL,XS,1,electricity,NULL,FourLegged,NULL,NULL,0,NULL,285,70,70,75,70,100,100,105-107,212-246,381-465,Escape_to_Battle,NULL,100,30,60,400,NULL,"1,3","1,2",1,1060,NULL,NULL,Skill power,100,110,130,160,200,"After activation, you can equip Hedgehog in your hand. If you throw it at the enemy and hit the target, it will trigger a thunder explosion.",100,50,590,1,0,0,0,2,0,0,1,0,0,0,2,0,NULL,NULL,NULL,NULL
ice agouti,Jolthog Cryst,Hedgehog_Ice,NULL,NULL,NULL,1,Hedgehog_Ice,Hedgehog_Ice,yes,XS,2,ice,NULL,FourLegged,NULL,NULL,0,NULL,295,70,70,75,80,100,100,105-107,212-246,381-465,Escape_to_Battle,NULL,100,30,60,400,NULL,1,1,1,1070,NULL,NULL,Skill power,100,110,130,160,200,"After activation, you can equip Hedgehog_Ice in your hand. If you throw it at the enemy and hit the target, it will trigger an ice explosion.",100,50,580,0,0,0,0,2,0,0,1,0,0,0,2,0,NULL,NULL,NULL,NULL
Ye NiNi,Gumoss,PlantSlime,NULL,NULL,NULL,1,PlantSlime,PlantSlime,NULL,XS,1,Wood,land,Other,NULL,NULL,0,NULL,310,70,100,70,70,100,100,105-106,205-236,362-441,Escape_to_Battle,NULL,100,50,50,300,NULL,"1,8","1,3",1,1310,NULL,NULL,Logging bonus%,10,11,13,16,20,"If it is in the party, players will be able to deal more damage when harvesting.",100,50,1480,0,0,0,0,0,0,0,0,0,0,0,0,1,NULL,NULL,NULL,NULL
Ye Ni Ni (Special),Gumoss (Special),PlantSlime_Flower,PlantSlime,NULL,PlantSlime,1,PlantSlime,PlantSlime_Flower,NULL,XS,10,Wood,land,Other,NULL,NULL,0,NULL,310,70,100,70,70,100,100,105-106,205-236,362-441,Escape_to_Battle,NULL,100,50,50,300,NULL,"1,8","1,3",1,1310,NULL,NULL,Logging bonus%,10,11,13,16,20,"If it is in the party, players will be able to deal more damage when harvesting.",100,50,1440,0,0,0,0,0,0,0,0,0,0,1,0,1,NULL,NULL,NULL,NULL
Tamamo fox,Vixy,CuteFox,NULL,NULL,NULL,1,CuteFox,CuteFox,NULL,XS,2,generally,NULL,FourLegged,NULL,NULL,0,NULL,280,70,70,70,70,140,100,105-106,205-236,362-441,Escape_to_Battle,NULL,100,30,60,350,NULL,"1,7","1,3",1,1000,NULL,NULL,Ranch skills,0,0,0,0,0,Assign it to the Palu Ranch and it will have a chance to dig items out of the ground.,100,50,0,0,0,0,0,0,0,0,0,0,0,0,0,0,NULL,NULL,NULL,NULL
Tikar,Hoocrates,WizardOwl,NULL,NULL,NULL,1,WizardOwl,WizardOwl,NULL,XS,1,dark,NULL,Bird,NULL,NULL,0,yes,290,70,70,70,80,100,100,105-106,205-236,362-441,NotInterested,NULL,100,26,70,380,NULL,1,1,1,1050,NULL,NULL,Attack power bonus%,10,11,13,16,20,"If it is in the team, the elemental Dark Palu's attack power will be increased.",100,50,930,0,0,2,0,0,0,0,0,0,0,0,0,1,NULL,NULL,NULL,NULL
pot elephant,Teafant,Ganesha,NULL,NULL,NULL,1,Ganesha,Ganesha,NULL,M,1,water,NULL,FourLegged,NULL,NULL,0,NULL,270,70,70,60,70,100,100,104-105,190-217,325-392,Escape_to_Battle,NULL,100,30,60,300,NULL,"1,6","1,3",1,1000,NULL,NULL,treatment value,200,220,260,320,400,"When activated, it will spray out mysterious water that is extremely effective on wounds to restore the player's health.",150,50,660,1,0,0,0,0,0,0,0,0,0,0,3,0,NULL,NULL,NULL,NULL
Look at the devil,Depresso,NegativeKoala,NULL,NULL,NULL,1,NegativeKoala,NegativeKoala,NULL,XS,1,dark,NULL,Humanoid,NULL,NULL,0,yes,280,70,70,70,70,100,100,105-106,205-236,362-441,Warlike,NULL,100,10,10,300,NULL,"1,2",1,1,1050,NULL,NULL,Movement speed multiplier,2,3,5,10,10,"After activation, NegativeKoala will drink a large amount of energy drinks, greatly increasing his movement speed for a certain period of time.",150,50,620,0,0,0,0,0,0,0,0,0,0,2,3,0,NULL,NULL,NULL,NULL
Miruffy,Cremis,WoolFox,NULL,NULL,NULL,1,WoolFox,WoolFox,NULL,XS,1,generally,NULL,FourLegged,NULL,NULL,0,NULL,315,70,100,70,75,100,100,105-106,205-236,362-441,Escape_to_Battle,NULL,100,20,40,300,NULL,"1,7","1,3",1,1420,NULL,NULL,Attack power bonus%,10,11,13,16,20,"If it is in the team, the attack power of the elemental Normal Palu will be increased. Assign it to Palu Ranch and it will have a chance to drop Wool.",100,50,70,0,0,0,0,0,0,2,2,0,0,0,0,0,Legend,ElementBoost_Dark_2_PAL,NULL,NULL
sleep demon,Daedream,DreamDemon,NULL,NULL,NULL,1,DreamDemon,DreamDemon,NULL,XS,1,dark,NULL,Humanoid,NULL,NULL,0,yes,305,70,100,75,60,100,100,105-107,212-246,381-465,Friendly,NULL,100,70,140,300,NULL,1,1,1,1330,NULL,NULL,Skill power multiplier,1,"1,1","1,3","1,6",2,"If it is in the party, it will appear next to the player. It will coordinate with the player's offensive to pursue with magic bullets.",100,50,0,0,0,0,0,0,0,0,0,0,0,0,3,0,NULL,NULL,NULL,NULL
sage pig,Rushoar,Boar,NULL,NULL,NULL,1,Boar,Boar,NULL,S,1,land,NULL,FourLegged,NULL,NULL,0,NULL,320,80,100,70,70,100,100,105-106,205-236,362-441,Warlike,NULL,100,70,150,450,700,"1,1",1,1,1680,NULL,NULL,Mining bonus+,500,750,1100,1500,2000,Can be moved around on its back. Destroying rocks while riding will be more efficient.,250,50,60,0,0,0,0,0,1,0,0,0,0,0,0,0,NULL,NULL,NULL,NULL
Lunati,Nox,NightFox,NULL,NULL,NULL,1,NightFox,NightFox,NULL,XS,6,dark,NULL,FourLegged,NULL,NULL,0,NULL,300,75,70,85,70,140,100,106-108,227-265,418-514,Escape_to_Battle,NULL,100,30,60,300,NULL,1,1,1,1480,NULL,NULL,Attack power bonus%,5,6,7,8,10,"When fighting alongside it, it will grant elemental Dark to the player's attacks.",300,50,150,0,0,0,0,1,0,0,4,3,0,0,0,0,Deffence_up1,NULL,NULL,NULL
Escape Rat,Fuddler,CuteMole,NULL,NULL,NULL,1,CuteMole,CuteMole,NULL,XS,1,land,NULL,Humanoid,NULL,NULL,0,NULL,295,65,100,80,50,100,100,106-107,220-256,400-490,Escape_to_Battle,NULL,100,30,60,300,NULL,1,1,1,1360,NULL,NULL,distance,10000,11000,13000,16000,20000,"When activated, it will emit tiny vibrations to detect the location of nearby ores.",100,50,0,0,0,2,0,1,2,0,0,0,3,0,1,0,NULL,NULL,NULL,NULL
squid,Killamari,NegativeOctopus,NULL,NULL,NULL,1,NegativeOctopus,NegativeOctopus,NULL,XS,1,dark,NULL,Other,NULL,NULL,0,yes,290,60,100,60,70,100,100,104-105,190-217,325-392,NotInterested,NULL,100,60,120,400,NULL,1,1,1,1200,NULL,NULL,Paraglider maximum speed (gravity factor),500,600,700,800,900,"If it is in the party, it can be summoned in place of the paraglider. It can float in the air for long periods of time while gliding.",100,50,500,0,3,0,0,0,0,0,0,0,0,0,0,0,NULL,NULL,NULL,NULL
Meowster,Mau,Bastet,NULL,NULL,NULL,1,Bastet,Bastet,NULL,XS,1,dark,NULL,FourLegged,NULL,NULL,0,yes,270,70,70,60,70,100,100,104-105,190-217,325-392,Escape_to_Battle,NULL,100,52,105,475,NULL,1,1,1,1000,NULL,NULL,Ranch skills,0,0,0,0,0,Assign it to Palu Ranch and it will have a chance to dig Money out of the ground.,100,50,1330,0,1,0,0,1,0,0,0,0,0,0,1,0,NULL,NULL,NULL,NULL
ice cream,Mau Cryst,Bastet_Ice,NULL,NULL,NULL,1,Bastet_Ice,Bastet_Ice,yes,XS,2,ice,NULL,FourLegged,NULL,NULL,0,NULL,275,70,70,65,70,100,100,104-106,197-226,343-416,Escape_to_Battle,NULL,100,52,105,475,NULL,1,1,1,1010,NULL,NULL,Ranch skills,0,0,0,0,0,Assign it to Palu Ranch and it will have a chance to dig Money out of the ground.,100,50,1130,0,0,0,0,0,0,0,1,0,0,0,0,0,NULL,NULL,NULL,NULL
Rumiel,Celaray,FlyingManta,NULL,NULL,NULL,1,FlyingManta,FlyingManta,NULL,M,3,water,NULL,Other,NULL,NULL,0,NULL,330,80,100,70,80,100,100,105-106,205-236,362-441,Escape_to_Battle,NULL,100,30,150,550,NULL,"1,2","1,1",1,2860,NULL,NULL,Paraglider maximum speed (gravity factor),600,750,900,1050,1200,"If it is in the party, it can be summoned in place of the paraglider. Can move quickly for long periods of time while gliding.",100,50,0,0,0,0,0,2,2,0,1,1,0,0,1,0,NULL,NULL,NULL,NULL
hunting wolves,Direhowl,Garm,NULL,NULL,NULL,1,Garm,Garm,NULL,S,2,generally,NULL,FourLegged,NULL,NULL,0,NULL,355,80,110,90,75,100,100,106-108,235-275,437-538,Warlike,NULL,100,90,180,800,1050,1,1,1,1920,NULL,NULL,Moving speed%,0,10,12,15,20,Can be moved around on its back. Movement speed while riding will be slightly faster.,100,50,520,0,2,0,0,2,0,0,2,0,0,2,2,0,NULL,NULL,NULL,NULL
Fried egg bird,Tocotoco,ColorfulBird,NULL,NULL,NULL,1,ColorfulBird,ColorfulBird,NULL,S,1,generally,NULL,Bird,NULL,NULL,0,NULL,285,60,80,75,70,70,100,105-107,212-246,381-465,Warlike,NULL,100,30,60,300,NULL,1,1,1,1090,NULL,NULL,Skill power,100,110,130,160,200,"When activated, it will transform into a launcher equipped on the player and create exploding eggs.",100,50,1430,0,0,1,0,1,1,1,0,0,1,0,0,0,NULL,NULL,NULL,NULL
Bona Rabbit,Flopie,FlowerRabbit,NULL,NULL,NULL,1,FlowerRabbit,FlowerRabbit,NULL,XS,1,Wood,NULL,Humanoid,NULL,NULL,0,NULL,310,75,100,65,70,100,100,104-106,197-226,343-416,Escape_to_Battle,NULL,100,100,100,400,NULL,1,1,1,1220,NULL,NULL,0,0,0,0,0,0,"If it is in the party, it will appear next to the player. It will automatically pick up nearby props.",100,50,750,0,0,0,0,0,2,0,2,0,0,0,2,0,NULL,NULL,NULL,NULL
Boba Cow,Mozzarina,CowPal,NULL,NULL,NULL,1,CowPal,CowPal,NULL,S,2,generally,NULL,FourLegged,NULL,NULL,0,NULL,320,90,100,50,80,100,100,103-104,175-197,287-343,Escape_to_Battle,NULL,100,55,55,580,NULL,1,1,1,2620,NULL,NULL,Ranch skills,0,0,0,0,0,Assign it to Palu Ranch and it will have a chance to produce Milk.,100,50,700,0,0,0,0,2,0,0,0,0,2,0,2,0,NULL,NULL,NULL,NULL
Thorn Fairy,Bristla,LittleBriarRose,NULL,NULL,NULL,1,LittleBriarRose,LittleBriarRose,NULL,S,1,Wood,NULL,Humanoid,NULL,NULL,0,NULL,320,80,80,80,80,100,100,106-107,220-256,400-490,Escape_to_Battle,NULL,100,50,100,400,NULL,1,1,1,1140,NULL,NULL,Attack power bonus%,10,11,13,16,20,"If it is in the team, the elemental Leaf Palu's attack power will be increased.",100,50,1010,0,0,0,0,0,0,0,0,0,3,0,0,0,NULL,NULL,NULL,NULL
Sharkboy,Gobfin,SharkKid,NULL,NULL,NULL,1,SharkKid,SharkKid,NULL,S,2,water,NULL,Humanoid,NULL,NULL,0,NULL,345,90,90,90,75,100,100,106-108,235-275,437-538,Warlike,NULL,100,50,80,400,NULL,1,1,1,1840,NULL,NULL,Skill power multiplier,"1,1","1,3","1,6",2,"2,5","After being activated, it will attack the targeted enemy with extremely powerful WaterGun. If it is in the team, it will increase the player's attack power.",100,50,1500,0,0,0,0,0,1,0,0,0,0,0,0,1,NULL,NULL,NULL,NULL
red shark,Gobfin Ignis,SharkKid_Fire,NULL,NULL,NULL,1,SharkKid_Fire,SharkKid_Fire,yes,S,3,fire,NULL,Humanoid,NULL,NULL,0,NULL,345,90,90,90,75,100,100,106-108,235-275,437-538,Warlike,NULL,100,50,80,400,NULL,1,1,1,1800,NULL,NULL,Skill power multiplier,"1,1","1,3","1,6",2,"2,5","After being activated, it will attack the targeted enemy with extremely powerful FireSeed. If it is in the team, it will increase the player's attack power.",100,50,1340,0,0,0,0,0,1,0,0,0,0,0,0,0,NULL,NULL,NULL,NULL
Hanging spirit,Hangyu,WindChimes,NULL,NULL,NULL,1,WindChimes,WindChimes,NULL,XS,1,land,NULL,Other,NULL,NULL,0,NULL,290,80,70,70,70,100,100,105-106,205-236,362-441,Escape_to_Battle,NULL,100,50,100,400,NULL,1,1,1,1020,NULL,NULL,Paraglider maximum speed (gravity factor),100,100,100,100,100,"If it is in the party, it can be summoned in place of the paraglider. It lifts the player high into the air while gliding.",100,20,910,0,0,0,0,0,0,0,0,0,0,0,0,1,NULL,NULL,NULL,NULL
Icebound Spirit,Hangyu Crystal,WindChimes_Ice,NULL,NULL,NULL,1,WindChimes_Ice,WindChimes_Ice,yes,XS,2,ice,NULL,Other,NULL,NULL,0,NULL,300,80,70,80,70,100,100,106-107,220-256,400-490,Escape_to_Battle,NULL,100,50,100,400,NULL,1,1,1,1020,NULL,NULL,Paraglider maximum speed (gravity factor),100,100,100,100,100,"If it is in the party, it can be summoned in place of the paraglider. It lifts the player high into the air while gliding.",100,50,490,0,0,2,0,0,0,0,0,0,1,0,0,0,NULL,NULL,NULL,NULL
Ye Panda,Mossanda,GrassPanda,NULL,NULL,NULL,1,GrassPanda,GrassPanda,NULL,L,6,Wood,NULL,Humanoid,NULL,NULL,0,NULL,380,100,100,90,90,100,100,106-108,235-275,437-538,Warlike,NULL,100,50,100,500,700,1,1,1,6200,NULL,NULL,Skill power,30,33,39,48,60,Can be moved around on its back. It can also continuously attack with a grenade launcher while riding.,100,50,1450,0,0,0,0,0,1,0,0,0,0,0,0,1,NULL,NULL,NULL,NULL
Lei Panda,Mossanda Lux,GrassPanda_Electric,NULL,NULL,NULL,1,GrassPanda_Electric,GrassPanda_Electric,yes,L,7,electricity,NULL,Humanoid,NULL,NULL,0,NULL,400,100,100,100,100,100,100,107-109,250-295,475-587,Warlike,NULL,100,50,100,500,700,1,1,1,6610,NULL,NULL,Skill power,30,33,39,48,60,Can be moved around on its back. It can also continuously attack with a grenade launcher while riding.,100,50,1220,0,0,0,0,1,0,0,1,0,0,0,1,0,NULL,NULL,NULL,NULL
Marshmallow,Woolipop,SweetsSheep,NULL,NULL,NULL,1,SweetsSheep,SweetsSheep,NULL,S,3,generally,NULL,FourLegged,NULL,NULL,0,NULL,300,70,70,70,90,100,100,105-106,205-236,362-441,Escape_to_Battle,NULL,100,50,100,300,NULL,1,1,1,1450,NULL,NULL,Ranch skills,0,0,0,0,0,Assign it to Palu Ranch and it may drop Sweet.,100,50,1080,0,0,0,0,0,0,1,0,0,0,0,0,0,NULL,NULL,NULL,NULL
bush sheep,Caprity,BerryGoat,NULL,NULL,NULL,1,BerryGoat,BerryGoat,NULL,S,3,Wood,NULL,FourLegged,NULL,NULL,0,NULL,330,100,70,70,90,120,100,105-106,205-236,362-441,Escape_to_Battle,NULL,100,70,70,400,NULL,1,1,1,2510,NULL,NULL,Ranch skills,0,0,0,0,0,Assign it to Palu Ranch and it will have a chance to drop Berries from its back.,100,50,0,0,0,0,0,3,0,0,0,0,3,0,2,0,NULL,NULL,NULL,NULL
Melupa,Melpaca,Alpaca,NULL,NULL,NULL,1,Alpaca,Alpaca,NULL,M,3,generally,NULL,FourLegged,NULL,NULL,0,NULL,345,90,90,75,90,100,100,105-107,212-246,381-465,Escape_to_Battle,NULL,100,62,62,460,800,"1,1",1,1,2740,NULL,NULL,Ranch skills,0,0,0,0,0,Can be moved around on its back. Assign it to Palu Ranch and it will have a chance to drop Wool.,100,50,260,0,0,0,0,0,0,2,3,0,0,0,0,0,NULL,NULL,NULL,NULL
Zixia Deer,Eikthyrdeer,Deer,NULL,NULL,NULL,1,Deer,Deer,NULL,L,4,generally,NULL,FourLegged,NULL,NULL,0,NULL,325,95,70,80,80,100,100,106-107,220-256,400-490,Escape_to_Battle,NULL,100,80,120,700,900,1,1,1,2620,NULL,NULL,Logging bonus+,220,260,320,400,500,"Can be moved around on its back. You can perform two jumps while riding, and the efficiency of destroying trees will be higher.",100,50,920,0,0,0,0,0,0,2,0,0,0,0,0,0,NULL,NULL,NULL,NULL
Only a deer,Eikthyrdeer Terra,Deer_Ground,NULL,NULL,NULL,1,Deer_Ground,Deer_Ground,yes,L,6,land,NULL,FourLegged,NULL,NULL,0,NULL,325,95,70,80,80,100,100,106-107,220-256,400-490,Escape_to_Battle,NULL,100,80,120,700,900,1,1,1,2680,NULL,NULL,Logging bonus+,220,260,320,400,500,"Can be moved around on its back. You can perform two jumps while riding, and the efficiency of destroying trees will be higher.",100,50,900,0,0,0,0,0,0,2,0,0,0,0,0,0,NULL,NULL,NULL,NULL
Swift Falcon,Nitewing,HawkBird,NULL,NULL,NULL,1,HawkBird,HawkBird,NULL,L,3,generally,NULL,Bird,NULL,NULL,0,NULL,375,100,100,95,80,100,100,107-109,242-285,456-563,NotInterested,NULL,100,150,150,600,750,1,1,1,6300,NULL,NULL,Moving speed%,0,10,12,15,20,You can ride on its back and fly in the air.,100,50,1230,0,0,0,0,1,1,0,0,0,0,0,1,0,NULL,NULL,NULL,NULL
Ji Xiaotu,Ribunny,PinkRabbit,NULL,NULL,NULL,1,PinkRabbit,PinkRabbit,NULL,XS,1,generally,NULL,Humanoid,NULL,NULL,0,NULL,310,75,100,65,70,100,100,104-106,197-226,343-416,Escape_to_Battle,NULL,100,50,100,245,NULL,1,1,1,1160,NULL,NULL,Attack power bonus%,10,11,13,16,20,"If it is in the team, the attack power of the elemental Normal Palu will be increased. If it is in the stronghold, the efficiency of working in WeaponFactory_Dirty_01 will be improved.",100,50,850,0,0,0,0,0,0,0,3,0,0,0,0,0,Deffence_up1,NULL,NULL,NULL
Balrog Sheep,Incineram,Baphomet,NULL,NULL,NULL,1,Baphomet,Baphomet,NULL,M,4,fire,dark,Humanoid,NULL,NULL,0,yes,430,95,150,100,85,100,100,107-109,250-295,475-587,Warlike,NULL,100,80,160,700,NULL,1,1,1,4780,NULL,NULL,Skill power multiplier,"1,1","1,3","1,6",2,"2,5","After activation, it will attack the targeted enemy with the extremely powerful Unique_Baphomet_SwallowKite.",100,50,1030,0,0,0,0,0,2,0,0,0,0,0,0,0,NULL,NULL,NULL,NULL
Dark Demon Sheep,Incineram Noct,Baphomet_Dark,NULL,NULL,NULL,1,Baphomet_Dark,Baphomet_Dark,yes,M,5,dark,NULL,Humanoid,NULL,NULL,0,yes,435,95,150,105,85,100,100,107-110,257-304,493-611,Warlike,NULL,100,80,160,700,NULL,1,1,1,4870,NULL,NULL,Skill power multiplier,"1,1","1,3","1,6",2,"2,5","After activation, it will attack the targeted enemy with the extremely powerful Unique_Baphomet_Dark_SwallowKite.",100,50,1410,0,0,0,1,1,0,0,0,0,0,0,1,0,NULL,NULL,NULL,NULL
Huan Yue Butterfly,Cinnamoth,CuteButterfly,NULL,NULL,NULL,1,CuteButterfly,CuteButterfly,NULL,M,4,Wood,NULL,Bird,NULL,NULL,0,NULL,330,70,100,80,80,100,100,106-107,220-256,400-490,Escape_to_Battle,NULL,100,30,150,550,NULL,1,1,1,5700,NULL,NULL,Skill power multiplier,"1,1","1,3","1,6",2,"2,5","After activation, it will attack the targeted enemy with PoisonFog.",100,50,0,2,0,0,0,0,0,0,0,0,0,0,0,0,NULL,NULL,NULL,NULL
Blazing Ox,Arsox,FlameBuffalo,NULL,NULL,NULL,1,FlameBuffalo,FlameBuffalo,NULL,M,4,fire,NULL,FourLegged,NULL,NULL,0,NULL,375,85,100,95,95,100,100,107-109,242-285,456-563,Warlike,NULL,100,87,87,600,800,1,1,1,3520,NULL,NULL,Moving speed%,0,10,12,15,20,Can be moved around on its back. You won’t feel the chill while riding and it’s quite warm.,100,50,200,0,0,0,3,2,0,2,0,0,0,0,3,0,NULL,NULL,NULL,NULL
Pa Pa Pa Catfish,Dumud,LazyCatfish,NULL,NULL,NULL,1,LazyCatfish,LazyCatfish,NULL,M,4,land,NULL,Fish,NULL,NULL,0,NULL,365,100,100,70,95,100,100,105-106,205-236,362-441,NotInterested,NULL,100,100,150,450,NULL,1,1,1,4690,NULL,NULL,Attack power bonus%,10,11,13,16,20,"If it is in the team, the elemental Earth Palu's attack power will be increased.",130,50,540,0,0,0,0,0,0,2,0,0,0,0,0,0,NULL,NULL,NULL,NULL
Black Crow Hermit,Cawgnito,DarkCrow,NULL,NULL,NULL,1,DarkCrow,DarkCrow,NULL,M,3,dark,NULL,Bird,NULL,NULL,0,yes,330,75,80,95,80,100,100,107-109,242-285,456-563,NotInterested,NULL,100,85,170,920,NULL,1,1,1,1840,NULL,NULL,Skill power multiplier,"1,1","1,3","1,6",2,"2,5","After being activated, it will attack the targeted enemy with the extremely powerful Unique_DarkCrow_TelePoke.",130,50,530,0,3,0,0,0,0,2,0,0,0,0,0,0,NULL,NULL,NULL,NULL
punk lizard,Leezpunk,LizardMan,NULL,NULL,NULL,1,LizardMan,LizardMan,NULL,S,2,dark,NULL,Humanoid,NULL,NULL,0,yes,300,80,90,80,50,100,100,106-107,220-256,400-490,Warlike,NULL,100,100,140,600,NULL,1,1,1,1720,NULL,NULL,distance,10000,11000,13000,16000,20000,"After activation, the sixth sense can be activated to detect the location of nearby dungeons.",100,50,0,0,0,0,0,0,2,0,0,0,0,0,0,0,NULL,NULL,NULL,NULL
Hot-blooded lizard,Leezpunk Ignis,LizardMan_Fire,NULL,NULL,NULL,1,LizardMan_Fire,LizardMan_Fire,yes,S,3,fire,NULL,Humanoid,NULL,NULL,0,NULL,300,80,90,80,50,100,100,106-107,220-256,400-490,Warlike,NULL,100,100,140,400,NULL,1,1,1,1640,NULL,NULL,distance,10000,11000,13000,16000,20000,"After activation, the sixth sense can be activated to detect the location of nearby dungeons.",100,50,980,0,0,0,0,0,0,2,0,0,0,0,0,0,NULL,NULL,NULL,NULL
Moonscythe Demon,Loupmoon,Werewolf,NULL,NULL,NULL,1,Werewolf,Werewolf,NULL,M,3,dark,NULL,Humanoid,NULL,NULL,0,yes,390,80,130,100,80,100,100,107-109,250-295,475-587,Warlike,NULL,100,100,150,600,NULL,1,1,1,2400,NULL,NULL,Skill power multiplier,"1,1","1,3","1,6",2,"2,5","After activation, it will attack the targeted enemy with extremely powerful Unique_Werewolf_Scratch.",100,50,360,2,0,0,0,0,0,1,0,0,0,0,0,0,NULL,NULL,NULL,NULL
Tianqinniao,Galeclaw,Eagle,NULL,NULL,NULL,1,Eagle,Eagle,NULL,M,2,generally,NULL,Bird,NULL,NULL,0,NULL,340,75,120,85,60,100,100,106-108,227-265,418-514,Warlike,NULL,100,100,200,600,NULL,1,1,1,2010,NULL,NULL,Paraglider maximum speed (gravity factor),1000,1150,1300,1500,1700,"If it is in the party, it can be summoned in place of the paraglider. While gliding, your right hand will be free, so you can hold a gun and shoot.",100,50,240,2,0,0,0,0,0,1,0,0,0,0,0,0,NULL,NULL,NULL,NULL
Feather Archer,Robinquill,RobinHood,NULL,NULL,NULL,1,RobinHood,RobinHood,NULL,M,5,Wood,NULL,Humanoid,NULL,NULL,0,NULL,375,90,100,105,80,100,100,107-110,257-304,493-611,Warlike,NULL,100,100,100,600,NULL,1,1,1,2050,NULL,NULL,Weakness bonus %,20,22,26,32,40,"When fighting alongside it, players will be able to deal more damage to enemy weak points.",100,50,1155,1,0,0,0,0,0,0,0,0,0,0,0,0,NULL,NULL,NULL,NULL
mountain shooter,Robinquill Terra,RobinHood_Ground,NULL,NULL,NULL,1,RobinHood_Ground,RobinHood_Ground,yes,M,6,Wood,land,Humanoid,NULL,NULL,0,NULL,375,90,100,105,80,100,100,107-110,257-304,493-611,Warlike,NULL,100,100,100,600,NULL,1,1,1,2150,NULL,NULL,Weakness bonus %,20,22,26,32,40,"When fighting alongside it, players will be able to deal more damage to enemy weak points.",100,50,790,2,0,0,0,0,0,1,0,0,0,0,0,0,NULL,NULL,NULL,NULL
Iron Fist Ape,Gorirat,Gorilla,NULL,NULL,NULL,1,Gorilla,Gorilla,NULL,S,5,generally,NULL,Humanoid,NULL,NULL,0,NULL,385,90,110,95,90,100,100,107-109,242-285,456-563,Warlike,NULL,100,66,100,550,NULL,1,1,1,2010,rough,NULL,Attack power bonus%,50,75,110,150,200,"After activation, the power of wildness will be released and Gorilla's attack power will be increased for a certain period of time.",100,50,820,0,0,2,0,0,0,2,0,0,0,0,0,0,NULL,NULL,NULL,NULL
knight bee,Beegarde,SoldierBee,NULL,NULL,NULL,1,SoldierBee,SoldierBee,NULL,M,4,Wood,NULL,Humanoid,NULL,NULL,0,NULL,360,80,100,90,90,100,100,106-108,235-275,437-538,Warlike,NULL,100,125,250,450,NULL,1,1,1,1880,NULL,NULL,Queen Bee Attack and Defense Bonus%,12,13,15,19,24,"Assign it to Palu Ranch and it will have a chance to drop Honey. If it is in the team, QueenBee's attributes will be improved.",100,50,810,0,0,0,2,0,0,2,0,0,0,0,0,0,NULL,NULL,NULL,NULL
queen bee,Elizabee,QueenBee,NULL,NULL,NULL,1,QueenBee,QueenBee,NULL,L,8,Wood,NULL,Humanoid,NULL,NULL,0,NULL,395,90,100,105,100,100,100,107-110,257-304,493-611,Warlike,NULL,100,150,250,450,NULL,1,1,1,6830,NULL,NULL,Attack power bonus%,0,5,6,7,8,"When fighting alongside it, the more SoldierBees there are in the team, the more its attributes will improve.",100,50,780,0,0,3,0,2,2,0,0,0,2,0,1,0,NULL,NULL,NULL,NULL
Laughing Nightmare Cat,Grintale,NaughtyCat,NULL,NULL,NULL,1,NaughtyCat,NaughtyCat,NULL,L,6,generally,NULL,FourLegged,NULL,NULL,0,NULL,370,110,100,80,80,100,100,106-107,220-256,400-490,Friendly,NULL,100,32,64,600,800,1,1,1,5510,NULL,NULL,Elemental power bonus%_Normal,50,55,65,80,100,Can be moved around on its back. Elemental Normal attacks during riding will be strengthened.,100,50,1280,0,0,1,0,1,1,0,0,0,1,0,1,0,NULL,NULL,NULL,NULL
Mao duster,Swee,MopBaby,NULL,NULL,NULL,1,MopBaby,MopBaby,NULL,XS,1,ice,NULL,Other,NULL,NULL,0,NULL,280,60,100,60,60,100,100,104-105,190-217,325-392,Escape_to_Battle,NULL,100,55,100,250,NULL,"1,3","1,1",1,1180,NULL,NULL,Daddy Mao's attack and defense bonus%,12,13,15,19,24,"If it is in the team, MopKing's attributes will be improved.",100,50,870,0,1,0,0,0,0,0,0,0,0,0,1,0,NULL,NULL,NULL,NULL
Dad Mao,Sweepa,MopKing,NULL,NULL,NULL,1,MopKing,MopKing,NULL,L,6,ice,NULL,Other,NULL,NULL,0,NULL,380,100,100,90,90,100,100,106-108,235-275,437-538,Escape_to_Battle,NULL,100,60,120,300,500,1,1,1,6400,NULL,NULL,Attack power bonus%,0,5,6,7,8,"Can be moved around on its back. When fighting alongside it, the more MopBabys in the team, the more its attributes will improve.",100,50,1160,2,0,0,0,3,0,0,0,0,0,0,2,0,NULL,NULL,NULL,NULL
Whirling Weasel,Chillet,WeaselDragon,NULL,NULL,NULL,1,WeaselDragon,WeaselDragon,NULL,M,4,ice,dragon,FourLegged,NULL,NULL,0,NULL,350,90,100,80,80,100,100,106-107,220-256,400-490,Escape_to_Battle,NULL,100,100,180,600,800,1,1,1,3450,NULL,NULL,Attack power bonus%,50,55,65,80,100,Can be moved around on its back. While mounted it will grant the player's attacks the elemental Dragon.,100,50,1490,0,1,0,0,0,0,0,0,0,0,0,0,0,NULL,NULL,NULL,NULL
thunder wildebeest,Univolt,Kirin,NULL,NULL,NULL,1,Kirin,Kirin,NULL,M,5,electricity,NULL,FourLegged,NULL,NULL,0,NULL,400,80,110,105,105,100,100,107-110,257-304,493-611,NotInterested,NULL,100,80,130,720,1100,1,"0,9",1,4280,NULL,NULL,Attack power bonus%,50,55,65,80,100,Can be moved around on its back. While mounted it will grant elemental Electricity to the player's attacks.,70,50,1060,0,0,0,0,0,1,0,0,0,0,0,0,0,NULL,NULL,NULL,NULL
blowing snow fox,Foxcicle,IceFox,NULL,NULL,NULL,1,IceFox,IceFox,NULL,S,5,ice,NULL,FourLegged,NULL,NULL,0,NULL,390,90,100,95,105,100,100,107-109,242-285,456-563,Warlike,NULL,100,65,130,600,NULL,1,1,1,3730,NULL,NULL,Attack power bonus%,10,11,13,16,20,"If it is in the team, the attack power of the elemental Ice Palu will be increased.",100,50,1150,0,0,0,0,0,2,0,1,0,0,0,0,0,NULL,NULL,NULL,NULL
fire unicorn,Pyrin,FireKirin,NULL,NULL,NULL,1,FireKirin,FireKirin,NULL,L,6,fire,NULL,FourLegged,NULL,NULL,0,NULL,395,100,110,95,90,100,100,107-109,242-285,456-563,Warlike,NULL,100,100,150,850,1300,1,1,1,6720,NULL,NULL,Attack power bonus%,50,55,65,80,100,Can be moved around on its back. While mounted it will grant elemental Fire to the player's attacks.,100,50,0,0,0,0,0,0,2,0,0,3,0,0,0,0,NULL,NULL,NULL,NULL
evil unicorn,Pyrin Noct,FireKirin_Dark,NULL,NULL,NULL,1,FireKirin_Dark,FireKirin_Dark,yes,L,7,fire,dark,FourLegged,NULL,NULL,0,yes,395,100,110,95,90,100,100,107-109,242-285,456-563,Warlike,NULL,100,100,150,850,1300,1,1,1,7270,NULL,NULL,Attack power bonus%,50,55,65,80,100,"Can be moved around on its back. While mounted, it will grant elemental Dark to the player's attacks.",100,50,1040,0,0,0,0,1,0,2,0,0,0,0,3,0,PAL_rude,NULL,NULL,NULL
Deer in severe winter,Reindrix,IceDeer,NULL,NULL,NULL,1,IceDeer,IceDeer,NULL,M,4,ice,NULL,FourLegged,NULL,NULL,0,NULL,375,100,80,85,110,100,100,106-108,227-265,418-514,Warlike,NULL,100,35,70,550,700,1,1,1,2800,NULL,NULL,Moving speed%,0,10,12,15,20,Can be moved around on its back. You won't feel the heat during the ride and it's quite cool.,100,50,0,0,0,0,0,0,0,0,0,0,1,0,0,0,NULL,NULL,NULL,NULL
thunder dog,Rayhound,ThunderDog,NULL,NULL,NULL,1,ThunderDog,ThunderDog,NULL,M,5,electricity,NULL,FourLegged,NULL,NULL,0,NULL,370,90,100,100,80,100,100,107-109,250-295,475-587,Warlike,NULL,100,110,210,700,1150,1,1,1,3880,NULL,NULL,Moving speed%,0,10,12,15,20,Can be moved around on its back. Two jumps are possible during the ride.,100,50,300,0,0,2,0,0,0,2,2,0,0,0,0,0,NULL,NULL,NULL,NULL
Blue Flame Wolf,Kitsun,AmaterasuWolf,NULL,NULL,NULL,1,AmaterasuWolf,AmaterasuWolf,NULL,M,6,fire,NULL,FourLegged,NULL,NULL,0,NULL,385,100,70,115,100,110,100,108-111,272-324,531-660,NotInterested,NULL,100,80,130,700,900,1,1,1,3170,NULL,NULL,Moving speed%,0,10,12,15,20,Can be moved around on its back. You won't be affected by cold or heat while riding.,100,50,290,0,0,0,0,0,0,2,2,0,0,2,0,0,NULL,NULL,NULL,NULL
Thunder Boy,Dazzi,RaijinDaughter,NULL,NULL,NULL,1,RaijinDaughter,RaijinDaughter,NULL,XS,2,electricity,NULL,Humanoid,NULL,NULL,0,NULL,330,70,110,80,70,100,100,106-107,220-256,400-490,Escape_to_Battle,NULL,100,120,200,400,NULL,1,1,1,1390,NULL,NULL,Skill power multiplier,1,"1,1","1,3","1,6",2,"If it is in the party, it will appear next to the player. It will cooperate with the player's offensive to pursue with thunder.",100,50,430,0,0,2,0,2,0,2,0,0,0,0,3,0,NULL,NULL,NULL,NULL
Mystia,Lunaris,Mutant,NULL,NULL,NULL,1,Mutant,Mutant,NULL,M,6,generally,NULL,Humanoid,NULL,NULL,0,NULL,360,90,80,100,90,100,100,107-109,250-295,475-587,NotInterested,NULL,100,80,130,500,NULL,1,1,1,1760,NULL,NULL,Increased weight bearing,80,90,100,110,120,"If Mutant is in the team, it can increase the player's upper limit of weight through its anti-gravity.",100,50,390,0,0,0,2,2,0,2,0,0,0,0,3,0,NULL,NULL,NULL,NULL
Corolla dragon,Dinossom,FlowerDinosaur,NULL,NULL,NULL,1,FlowerDinosaur,FlowerDinosaur,NULL,L,6,Wood,dragon,Humanoid,NULL,NULL,0,NULL,375,110,90,85,90,150,100,106-108,227-265,418-514,Friendly,NULL,100,70,120,550,700,1,1,1,3240,NULL,NULL,Elemental power bonus%_Leaf,50,55,65,80,100,Can be moved around on its back. Elemental Leaf attacks during riding will be strengthened.,100,50,990,0,0,2,0,3,3,2,0,0,0,0,2,0,NULL,NULL,NULL,NULL
Thunder Guanlong,Dinossom Lux,FlowerDinosaur_Electric,NULL,NULL,NULL,1,FlowerDinosaur_Electric,FlowerDinosaur_Electric,yes,L,7,electricity,dragon,Humanoid,NULL,NULL,0,NULL,380,110,90,90,90,150,100,106-108,235-275,437-538,Friendly,NULL,100,70,120,550,700,1,1,1,3380,NULL,NULL,Elemental power bonus%_Electricity,50,55,65,80,100,Can be moved around on its back. Elemental Electricity attacks during riding will be strengthened.,100,50,0,0,0,0,0,0,0,0,0,0,0,0,0,0,NULL,NULL,NULL,NULL
water-sliding snake,Surfent,Serpent,NULL,NULL,NULL,1,Serpent,Serpent,NULL,M,4,water,NULL,Fish,NULL,NULL,0,NULL,330,90,70,90,80,100,100,106-108,235-275,437-538,Warlike,NULL,100,100,200,500,650,1,1,1,5050,NULL,NULL,Moving speed%,0,10,12,15,20,Can ride on its back and move through the water. Moving on water while riding does not consume stamina.,170,50,190,0,0,0,0,0,0,0,0,0,0,0,3,0,NULL,NULL,NULL,NULL
quicksand snake,Surfent Terra,Serpent_Ground,NULL,NULL,NULL,1,Serpent_Ground,Serpent_Ground,yes,M,5,land,NULL,Fish,NULL,NULL,0,NULL,350,90,70,90,100,100,100,106-108,235-275,437-538,Warlike,NULL,100,100,200,500,650,1,1,1,5140,NULL,NULL,Moving speed%,0,10,12,15,20,Can be moved around on its back.,100,50,420,0,0,0,0,0,2,0,0,0,0,0,0,0,NULL,NULL,NULL,NULL
Soul Eater,Maraith,GhostBeast,NULL,NULL,NULL,1,GhostBeast,GhostBeast,NULL,M,6,dark,NULL,FourLegged,NULL,NULL,0,yes,310,75,50,105,80,100,100,107-110,257-304,493-611,Warlike,NULL,100,100,160,600,800,1,1,1,1570,NULL,NULL,Attack power bonus%,50,55,65,80,100,"Can be moved around on its back. While mounted, it will grant elemental Dark to the player's attacks.",100,50,1370,0,0,0,1,0,0,0,0,0,0,0,0,0,NULL,NULL,NULL,NULL
Rock Crusher Turtle,Digtoise,DrillGame,NULL,NULL,NULL,1,DrillGame,DrillGame,NULL,M,5,land,NULL,FourLegged,NULL,NULL,0,NULL,375,80,80,95,120,100,100,107-109,242-285,456-563,Warlike,NULL,100,75,120,300,NULL,1,1,1,2980,hard skin,NULL,Skill power multiplier,"1,1","1,3","1,6",2,"2,5","After launching, it will enter the Unique_DrillGame_ShellAttack state. It will follow the player as it spins, destroying ores efficiently.",100,50,1360,0,0,0,0,0,0,0,0,0,0,1,0,0,NULL,NULL,NULL,NULL
cat bat monster,Tombat,CatBat,NULL,NULL,NULL,1,CatBat,CatBat,NULL,M,5,dark,NULL,Humanoid,NULL,NULL,0,yes,370,95,100,95,80,100,100,107-109,242-285,456-563,Warlike,NULL,100,80,140,400,NULL,1,1,1,3810,NULL,NULL,distance,10000,11000,13000,16000,20000,"Once activated, it can detect the location of nearby pallu using ultrasonic waves.",100,85,340,0,0,1,0,1,0,3,0,0,0,0,3,0,Deffence_up1,NULL,NULL,NULL
fraternity lizard,Lovander,PinkLizard,NULL,NULL,NULL,1,PinkLizard,PinkLizard,NULL,L,5,generally,NULL,Humanoid,NULL,NULL,0,yes,330,120,70,70,70,140,100,105-106,205-236,362-441,Warlike,NULL,100,90,170,750,NULL,1,1,1,2450,Uncharacteristically,NULL,life drain %,2,3,4,5,6,"When fighting alongside it, it can give the player and PinkLizard a life-stealing effect. This effect can absorb part of the damage when it is applied, and restore COMMON_STATUS_HP.",230,50,370,3,0,0,0,0,0,0,0,0,0,0,3,0,NULL,NULL,NULL,NULL
Rong Yan Niang,Flambelle,LavaGirl,NULL,NULL,NULL,1,LavaGirl,LavaGirl,NULL,XS,1,fire,NULL,Humanoid,NULL,NULL,0,NULL,310,60,100,70,80,100,100,105-106,205-236,362-441,Escape_to_Battle,NULL,100,65,98,250,NULL,"1,3","1,1",1,2500,NULL,NULL,Ranch skills,0,0,0,0,0,Assign it to Palu Ranch and it will have a chance to create FireOrgan.,100,50,880,0,0,0,0,0,0,2,0,0,0,2,0,0,NULL,NULL,NULL,NULL
Fenggelong,Vanwyrm,BirdDragon,NULL,NULL,NULL,1,BirdDragon,BirdDragon,NULL,L,4,fire,dark,Bird,NULL,NULL,0,yes,395,90,100,115,90,100,100,108-111,272-324,531-660,Warlike,NULL,150,100,350,700,850,1,1,1,4360,NULL,NULL,Weakness bonus %,20,22,26,32,40,You can ride on its back and fly in the air. Attacking the enemy's weak points while riding can cause more damage.,100,50,760,0,0,0,0,0,0,0,0,0,0,2,0,0,NULL,NULL,NULL,NULL
Frost Song Dragon,Vanwyrm Cryst,BirdDragon_Ice,NULL,NULL,NULL,1,BirdDragon_Ice,BirdDragon_Ice,yes,L,5,ice,dark,Bird,NULL,NULL,0,yes,405,90,100,120,95,100,100,109-111,280-334,550-685,Warlike,NULL,150,100,350,700,850,1,1,1,4610,NULL,NULL,Weakness bonus %,20,22,26,32,40,You can ride on its back and fly in the air. Attacking the enemy's weak points while riding can cause more damage.,300,50,120,0,0,0,0,0,0,0,0,0,0,4,0,0,Legend,ElementBoost_Ice_2_PAL,NULL,NULL
Wave Blade Samurai,Bushi,Ronin,NULL,NULL,NULL,1,Ronin,Ronin,NULL,M,7,fire,NULL,Humanoid,NULL,NULL,0,NULL,385,80,100,125,80,100,100,109-112,287-343,568-709,Warlike,NULL,100,80,160,600,NULL,1,1,1,4520,NULL,NULL,Skill power multiplier,"1,1","1,3","1,6",2,"2,5","After activation, it will attack the targeted enemy with extremely powerful Unique_Ronin_Iai.",300,50,100,0,0,0,0,0,4,0,0,0,0,0,0,0,Legend,NULL,NULL,NULL
Thunderbird,Beakon,ThunderBird,NULL,NULL,NULL,1,ThunderBird,ThunderBird,NULL,L,6,electricity,NULL,Bird,NULL,NULL,0,NULL,400,105,100,115,80,100,100,108-111,272-324,531-660,Warlike,NULL,160,100,200,750,1200,1,1,1,7490,NULL,NULL,Attack power bonus%,50,55,65,80,100,You can ride on its back and fly in the air. While mounted it will grant elemental Electricity to the player's attacks.,100,50,90,0,0,0,0,0,3,0,0,3,0,0,0,0,Legend,ElementBoost_Dragon_2_PAL,NULL,NULL
Flamingo,Ragnahawk,RedArmorBird,NULL,NULL,NULL,1,RedArmorBird,RedArmorBird,NULL,L,7,fire,NULL,Bird,NULL,NULL,0,NULL,420,95,100,105,120,100,100,107-110,257-304,493-611,Warlike,NULL,150,100,200,800,1300,1,1,1,6720,NULL,NULL,Attack power bonus%,50,55,65,80,100,You can ride on its back and fly in the air. While mounted it will grant elemental Fire to the player's attacks.,100,50,1260,0,1,0,0,0,0,0,0,0,0,0,0,0,NULL,NULL,NULL,NULL
dark witch cat,Katress,CatMage,NULL,NULL,NULL,1,CatMage,CatMage,NULL,M,6,dark,NULL,Humanoid,NULL,NULL,0,yes,385,90,100,105,90,100,100,107-110,257-304,493-611,Warlike,NULL,100,70,145,440,NULL,1,1,1,4120,NULL,NULL,Drop increase%_Normal,40,50,60,70,80,"When fighting side by side with it, if you knock down the elemental Normal's Palu, you can get more dropped items from that Pallu.",100,50,1270,1,0,0,0,0,0,0,0,0,0,0,0,0,NULL,NULL,NULL,NULL
Flame Witch Fox,Wixen,FoxMage,NULL,NULL,NULL,1,FoxMage,FoxMage,NULL,M,6,fire,NULL,Humanoid,NULL,NULL,0,NULL,330,90,50,110,80,120,100,108-110,265-314,512-636,Escape_to_Battle,NULL,100,70,145,440,NULL,1,1,1,1540,NULL,NULL,Attack power bonus%,5,6,7,8,10,"When fighting alongside it, it will grant elemental Fire to the player's attacks.",100,90,470,0,0,0,0,0,1,0,0,0,0,0,0,0,NULL,NULL,NULL,NULL
spring rabbit,Verdash,GrassRabbitMan,NULL,NULL,NULL,1,GrassRabbitMan,GrassRabbitMan,NULL,M,8,Wood,NULL,Humanoid,NULL,NULL,0,NULL,395,90,100,115,90,100,100,108-111,272-324,531-660,Warlike,NULL,100,50,195,500,NULL,1,1,1,2200,NULL,NULL,Moving speed%,20,22,26,32,40,"When fighting alongside it, the player's movement speed will be increased, and it will also grant elemental Leaf to the player's attacks.",100,90,440,0,0,0,0,0,1,0,0,0,0,3,0,0,NULL,NULL,NULL,NULL
Verita,Vaelet,VioletFairy,NULL,NULL,NULL,1,VioletFairy,VioletFairy,NULL,M,8,Wood,NULL,Humanoid,NULL,NULL,0,NULL,420,100,100,100,120,100,100,107-109,250-295,475-587,Warlike,NULL,100,100,150,400,NULL,1,1,1,1960,NULL,NULL,Drop increased by %_Earth,40,50,60,70,80,"When fighting alongside it, if you knock down the Pallu of Elemental Earth, you can get more dropped items from that Pallu.",100,50,10,3,0,0,0,0,0,0,4,0,0,0,0,0,ElementBoost_Fire_2_PAL,NULL,NULL,NULL
silk moth,Sibelyx,WhiteMoth,NULL,NULL,NULL,1,WhiteMoth,WhiteMoth,NULL,L,7,ice,NULL,Humanoid,NULL,NULL,0,NULL,390,110,90,90,100,90,100,106-108,235-275,437-538,Escape_to_Battle,NULL,100,50,100,400,NULL,1,1,1,5900,NULL,NULL,Skill power multiplier,"1,1","1,3","1,6",2,"2,5","After being activated, it will attack the targeted enemy with extremely powerful IcicleThrow. Assign it to Palu Ranch and it will have a chance to create Cloth2.",100,50,680,0,0,0,2,0,0,1,0,0,0,0,0,0,NULL,NULL,NULL,NULL
Faerie Dragon,Elphidran,FairyDragon,NULL,NULL,NULL,1,FairyDragon,FairyDragon,NULL,L,7,dragon,NULL,Humanoid,NULL,NULL,0,NULL,360,110,80,80,90,100,100,106-107,220-256,400-490,Escape_to_Battle,NULL,130,83,83,630,800,1,1,1,5230,NULL,NULL,Drop increased by %_Dark,40,50,60,70,80,"You can ride on its back and fly in the air. When fighting alongside it, if you knock down the elemental Dark's pallu, you can get more dropped items from that pallu.",100,50,1400,1,0,0,0,0,0,0,0,0,0,0,0,0,NULL,NULL,NULL,NULL
Water Spirit Dragon,Elphidran Aqua,FairyDragon_Water,NULL,NULL,NULL,1,FairyDragon_Water,FairyDragon_Water,yes,L,8,dragon,water,Humanoid,NULL,NULL,0,NULL,370,115,80,80,95,100,100,106-107,220-256,400-490,Escape_to_Battle,NULL,130,83,83,630,800,1,1,1,5320,NULL,NULL,Drop increased by %_Fire,40,50,60,70,80,"You can ride on its back and fly in the air. When fighting alongside it, if you knock down the elemental Fire's pallu, you can get more dropped items from that pallu.",100,50,1405,1,0,0,0,1,0,0,0,0,0,0,1,1,NULL,NULL,NULL,NULL
Shui Linger,Kelpsea,Kelpie,NULL,NULL,NULL,1,Kelpie,Kelpie,NULL,XS,1,water,NULL,Dragon,NULL,NULL,0,NULL,310,70,100,70,70,100,100,105-106,205-236,362-441,NotInterested,NULL,100,50,100,700,NULL,1,1,1,1260,NULL,NULL,Attack power bonus%,10,11,13,16,20,"If it is in the team, the elemental Water Palu's attack power will be increased.",100,50,895,0,1,0,0,0,0,0,2,1,0,0,1,0,NULL,NULL,NULL,NULL
Huo Linger,Kelpsea Ignis,Kelpie_Fire,NULL,NULL,NULL,1,Kelpie_Fire,Kelpie_Fire,NULL,XS,2,fire,NULL,Dragon,NULL,NULL,0,NULL,310,70,100,70,70,100,100,105-106,205-236,362-441,NotInterested,NULL,100,50,100,700,NULL,1,1,1,1240,NULL,NULL,Attack power bonus%,10,11,13,16,20,"If it is in the team, the elemental Fire Palu's attack power will be increased.",100,50,280,0,2,0,0,0,0,0,0,0,0,0,1,0,PAL_FullStomach_Up_1,NULL,NULL,NULL
Bihailong,Azurobe,BlueDragon,NULL,NULL,NULL,1,BlueDragon,BlueDragon,NULL,L,7,water,dragon,Fish,NULL,NULL,0,NULL,380,110,70,100,100,100,100,107-109,250-295,475-587,Escape_to_Battle,NULL,100,75,150,600,800,1,1,1,5600,NULL,NULL,Attack power bonus%,50,55,65,80,100,"Can ride on its back and move around on water. While mounted, it will grant elemental Water to the player's attacks.",100,50,270,0,0,0,3,0,0,0,0,0,0,0,1,0,NULL,NULL,NULL,NULL
Ice Thorn Beast,Cryolinx,WhiteTiger,NULL,NULL,NULL,1,WhiteTiger,WhiteTiger,NULL,L,7,ice,NULL,Humanoid,NULL,NULL,0,NULL,450,100,140,100,110,100,100,107-109,250-295,475-587,Warlike,NULL,100,100,280,720,NULL,1,1,1,8440,NULL,NULL,Drop increased by %_Dragon,40,50,60,70,80,"When fighting alongside it, if you knock down the elemental Dragon's pallu, you can get more dropped items from that pallu.",100,30,250,0,0,4,0,3,2,0,0,0,3,0,0,0,ElementBoost_Leaf_2_PAL,NULL,NULL,NULL
Hellfire King,Blazehowl,Manticore,NULL,NULL,NULL,1,Manticore,Manticore,NULL,L,7,fire,NULL,FourLegged,NULL,NULL,0,NULL,395,105,100,110,80,100,100,108-110,265-314,512-636,Warlike,NULL,100,90,180,750,900,1,1,1,4040,NULL,NULL,Drop increased by %_Leaf,40,50,60,70,80,"Can be moved around on its back. When fighting side by side with it, if you knock down the elemental Leaf's pallu, you can get more dropped items from that pallu.",100,30,210,0,0,0,0,3,2,0,0,0,3,0,0,0,NULL,NULL,NULL,NULL
Hell King,Blazehowl Noct,Manticore_Dark,NULL,NULL,NULL,1,Manticore_Dark,Manticore_Dark,yes,L,8,fire,dark,FourLegged,NULL,NULL,0,yes,400,105,100,115,80,100,100,108-111,272-324,531-660,Warlike,NULL,100,60,90,750,900,1,1,1,4360,NULL,NULL,Drop increase%_Normal,40,50,60,70,80,"Can be moved around on its back. When fighting side by side with it, if you knock down the elemental Normal's Palu, you can get more dropped items from that Pallu.",100,50,1320,0,0,1,0,1,1,0,0,0,2,0,1,0,NULL,NULL,NULL,NULL
Pecorone,Relaxaurus,LazyDragon,NULL,NULL,NULL,1,LazyDragon,LazyDragon,NULL,XL,8,dragon,water,Monster,NULL,NULL,0,NULL,390,110,110,100,70,100,100,107-109,250-295,475-587,Warlike,NULL,100,40,60,650,800,1,1,1,10240,Greedy,NULL,Skill power,10,11,13,16,20,Can be moved around on its back. It can also continuously attack with its missile launcher while riding.,100,50,1120,0,0,0,0,1,1,0,0,0,0,0,1,0,NULL,NULL,NULL,NULL
Parker,Relaxaurus Lux,LazyDragon_Electric,NULL,NULL,NULL,1,LazyDragon_Electric,LazyDragon_Electric,yes,XL,9,dragon,electricity,Monster,NULL,NULL,0,NULL,405,110,110,110,75,100,100,108-110,265-314,512-636,Warlike,NULL,100,40,60,650,800,1,1,1,10380,NULL,NULL,Skill power,10,11,13,16,20,Can be moved around on its back. It can also continuously attack with its missile launcher while riding.,100,50,1140,1,0,0,0,1,1,0,0,0,0,0,1,0,NULL,NULL,NULL,NULL
Lian Lilong,Broncherry,SakuraSaurus,NULL,NULL,NULL,1,SakuraSaurus,SakuraSaurus,NULL,XL,7,Wood,NULL,FourLegged,NULL,NULL,0,NULL,390,120,80,90,100,120,100,106-108,235-275,437-538,NotInterested,NULL,100,50,75,350,500,1,1,1,2920,NULL,NULL,Increased weight bearing,100,110,120,130,140,"Can be moved around on its back. If SakuraSaurus is in the team, it will help carry luggage and increase the player's maximum weight limit.",100,50,710,3,0,0,0,0,0,2,0,0,0,0,0,0,NULL,NULL,NULL,NULL
Allother,Broncherry Aqua,SakuraSaurus_Water,NULL,NULL,NULL,1,SakuraSaurus_Water,SakuraSaurus_Water,yes,XL,8,Wood,water,FourLegged,NULL,NULL,0,NULL,395,120,80,95,100,120,100,107-109,242-285,456-563,NotInterested,NULL,100,50,75,350,500,1,1,1,3110,NULL,NULL,Increased weight bearing,100,110,120,130,140,"Can be moved around on its back. If SakuraSaurus_Water is in the team, it will help carry luggage and increase the player's upper limit of weight.",100,50,670,3,0,0,0,0,0,2,0,0,0,0,0,0,NULL,NULL,NULL,NULL
Hualina,Petallia,FlowerDoll,NULL,NULL,NULL,1,FlowerDoll,FlowerDoll,NULL,M,8,Wood,NULL,Humanoid,NULL,NULL,0,NULL,395,100,100,95,100,100,100,107-109,242-285,456-563,Escape_to_Battle,NULL,100,100,150,550,NULL,1,1,1,3590,NULL,NULL,treatment value,400,440,520,640,800,"When activated, the player's health can be restored through the healing power of the flowers.",100,50,1250,0,0,1,0,1,1,1,0,0,0,0,1,0,NULL,NULL,NULL,NULL
Lava Beast,Reptyro,VolcanicMonster,NULL,NULL,NULL,1,VolcanicMonster,VolcanicMonster,NULL,L,6,fire,land,FourLegged,NULL,NULL,0,NULL,435,110,100,105,120,100,100,107-110,257-304,493-611,Warlike,NULL,100,50,80,390,550,1,1,1,6940,NULL,NULL,Mining bonus+,500,750,1100,1500,2000,Can be moved around on its back. Destroying ore will be more efficient while riding.,100,50,1300,0,0,0,0,0,1,0,0,0,0,1,0,0,NULL,NULL,NULL,NULL
Frost Beast,Ice Reptyro,VolcanicMonster_Ice,NULL,NULL,NULL,1,VolcanicMonster_Ice,VolcanicMonster_Ice,yes,L,7,ice,land,FourLegged,NULL,NULL,0,NULL,445,110,100,105,130,100,100,107-110,257-304,493-611,Warlike,NULL,100,50,80,390,550,1,1,1,7380,NULL,NULL,Mining bonus+,500,750,1100,1500,2000,Can be moved around on its back. Destroying ore will be more efficient while riding.,100,50,410,0,0,0,0,0,2,0,0,0,0,2,0,0,NULL,NULL,NULL,NULL
King Melupa,Kingpaca,KingAlpaca,NULL,NULL,NULL,1,KingAlpaca,KingAlpaca,NULL,XL,8,generally,NULL,FourLegged,NULL,NULL,0,NULL,395,120,100,85,90,100,100,106-108,227-265,418-514,Escape_to_Battle,NULL,100,80,80,500,700,1,1,1,5800,NULL,NULL,Increased weight bearing,100,110,120,130,140,"Can be moved around on its back. If KingAlpaca is in the team, it will help carry luggage and increase the player's maximum weight limit.",100,50,1110,0,0,0,0,3,1,0,0,0,0,0,1,0,NULL,NULL,NULL,NULL
Ice Emperor Melpa,Ice Kingpaca,KingAlpaca_Ice,NULL,NULL,NULL,1,KingAlpaca_Ice,KingAlpaca_Ice,yes,XL,9,ice,NULL,FourLegged,NULL,NULL,0,NULL,395,120,100,85,90,100,100,106-108,227-265,418-514,Escape_to_Battle,NULL,100,80,80,500,700,1,1,1,6100,NULL,NULL,Increased weight bearing,100,110,120,130,140,"Can be moved around on its back. If KingAlpaca_Ice is in the team, it will help carry luggage and increase the player's maximum weight limit.",100,50,510,0,0,0,0,0,2,0,0,0,0,0,0,0,NULL,NULL,NULL,NULL
Mammoth,Mammorest,GrassMammoth,NULL,NULL,NULL,1,GrassMammoth,GrassMammoth,NULL,XL,8,Wood,NULL,FourLegged,NULL,NULL,0,NULL,425,150,100,85,90,30,100,106-108,227-265,418-514,NotInterested,NULL,100,100,135,430,600,1,1,1,9450,NULL,NULL,Mining bonus+,500,750,1100,1500,2000,Can be moved around on its back. Destroying trees and ores while riding will be more efficient.,100,50,1380,0,0,0,0,1,0,0,1,0,0,0,1,0,NULL,NULL,NULL,NULL
snow mammoth,Mammorest Cryst,GrassMammoth_Ice,NULL,NULL,NULL,1,GrassMammoth_Ice,GrassMammoth_Ice,yes,XL,9,ice,NULL,FourLegged,NULL,NULL,0,NULL,425,150,100,85,90,30,100,106-108,227-265,418-514,NotInterested,NULL,100,100,135,430,600,1,1,1,9580,NULL,NULL,Mining bonus+,500,750,1100,1500,2000,Can be moved around on its back. Destroying trees and ores while riding will be more efficient.,100,50,1290,0,0,0,0,0,1,0,0,0,0,0,2,0,NULL,NULL,NULL,NULL
White Velvet Snow Monster,Wumpo,Yeti,NULL,NULL,NULL,1,Yeti,Yeti,NULL,L,7,ice,NULL,Humanoid,NULL,NULL,0,NULL,420,140,100,80,100,100,100,106-107,220-256,400-490,Warlike,NULL,100,70,100,365,550,1,1,1,5900,NULL,NULL,Increased weight bearing,120,130,140,150,160,"Can be moved around on its back. If Yeti is in the team, it will help carry luggage and increase the player's maximum weight limit.",100,50,1180,0,0,0,0,0,1,0,0,0,0,0,0,0,NULL,NULL,NULL,NULL
Green Moss Velvet,Wumpo Botan,Yeti_Grass,NULL,NULL,NULL,1,Yeti_Grass,Yeti_Grass,NULL,L,8,Wood,NULL,Humanoid,NULL,NULL,0,NULL,430,140,100,80,110,100,100,106-107,220-256,400-490,Warlike,NULL,100,70,100,365,550,1,1,1,5700,NULL,NULL,Increased weight bearing,120,130,140,150,160,"Can be moved around on its back. If Yeti_Grass is in the team, it will help carry luggage and increase the player's maximum weight limit.",100,50,1350,0,1,0,0,1,0,0,0,0,0,1,1,0,NULL,NULL,NULL,NULL
Kaigres,Warsect,HerculesBeetle,NULL,NULL,NULL,1,HerculesBeetle,HerculesBeetle,NULL,L,8,land,Wood,Humanoid,NULL,NULL,0,NULL,440,120,100,100,120,100,100,107-109,250-295,475-587,Warlike,NULL,100,55,110,500,NULL,1,1,1,6830,hard skin,NULL,Defense bonus %,5,6,7,8,10,"When fighting alongside it, the player's defense will be increased and the damage of elemental fire can be mitigated.",100,50,1460,0,0,0,0,1,1,0,1,0,0,0,1,0,PAL_ALLAttack_down1,NULL,NULL,NULL
Cloud sea deer,Fenglope,FengyunDeeper,NULL,NULL,NULL,1,FengyunDeeper,FengyunDeeper,NULL,S,3,generally,NULL,FourLegged,NULL,NULL,0,NULL,420,110,110,110,90,100,100,108-110,265-314,512-636,NotInterested,NULL,100,85,100,750,1050,1,1,1,2250,NULL,NULL,Moving speed%,0,10,12,15,20,Can be moved around on its back. Two jumps are possible during the ride.,100,50,0,0,0,0,0,0,0,0,0,0,0,0,0,0,NULL,NULL,NULL,NULL
Night Mephit,Felbat,CatVampire,NULL,NULL,NULL,1,CatVampire,CatVampire,NULL,M,6,dark,NULL,Humanoid,NULL,NULL,0,yes,415,100,100,105,110,110,100,107-110,257-304,493-611,Warlike,NULL,100,60,100,550,NULL,1,1,1,2100,NULL,NULL,life drain %,2,3,4,5,6,"When fighting alongside it, it can give the player and CatVampire a life-stealing effect. This effect can absorb part of the damage when it is applied, and restore COMMON_STATUS_HP.",100,30,940,0,0,0,0,2,0,0,1,0,2,0,2,0,ElementResist_Normal_1_PAL,NULL,NULL,NULL
Tianyulong,Quivern,SkyDragon,NULL,NULL,NULL,1,SkyDragon,SkyDragon,NULL,L,7,dragon,NULL,Dragon,NULL,NULL,0,NULL,405,105,100,100,100,100,100,107-109,250-295,475-587,NotInterested,NULL,220,120,240,800,950,1,1,1,6830,NULL,NULL,Elemental power bonus%_Dragon,50,55,65,80,100,"You can ride on its back to fly in the air, and your elemental Dragon attacks will be strengthened while riding.",100,50,1310,0,0,0,0,1,1,0,0,0,0,0,1,0,NULL,NULL,NULL,NULL
Flame Glory,Blazamut,KingBahamut,NULL,NULL,NULL,1,KingBahamut,KingBahamut,NULL,XL,9,fire,NULL,FourLegged,NULL,NULL,0,NULL,495,100,150,125,120,50,100,109-112,287-343,568-709,Warlike,NULL,100,150,400,700,900,1,1,1,10520,Emperor Yan,NULL,Elemental power bonus%_Fire,50,55,65,80,100,Can be moved around on its back. Elemental Fire attacks during riding will be strengthened.,100,50,1240,0,0,1,0,0,0,0,0,0,0,0,0,0,NULL,NULL,NULL,NULL
Thunderbird,Helzephyr,HadesBird,NULL,NULL,NULL,1,HadesBird,HadesBird,NULL,L,7,dark,NULL,Bird,NULL,NULL,0,yes,425,100,100,125,100,100,100,109-112,287-343,568-709,Warlike,NULL,170,100,100,700,1100,1,1,1,7840,NULL,NULL,Attack power bonus%,50,55,65,80,100,"You can ride on its back and fly in the air. While mounted, it will grant elemental Dark to the player's attacks.",100,50,1240,0,0,1,0,0,0,0,0,0,0,0,0,0,NULL,NULL,NULL,NULL
Demon Dragon,Astegon,BlackMetalDragon,NULL,NULL,NULL,1,BlackMetalDragon,BlackMetalDragon,NULL,XL,9,dragon,dark,Monster,NULL,NULL,0,yes,450,100,100,125,125,100,100,109-112,287-343,568-709,Warlike,NULL,300,100,150,600,800,1,1,1,8200,hard skin,NULL,Mining bonus+,1100,1500,2000,2600,3300,You can ride on its back and fly in the air. Can cause greater damage to ores while riding.,100,10,330,0,0,2,0,2,2,1,0,0,2,0,0,0,NULL,NULL,NULL,NULL
Dark Armored Scorpion,Menasting,DarkScorpion,NULL,NULL,NULL,1,DarkScorpion,DarkScorpion,NULL,L,9,dark,land,Other,NULL,NULL,0,yes,430,100,100,100,130,100,100,107-109,250-295,475-587,Warlike,NULL,100,100,200,1000,NULL,1,1,1,7050,NULL,NULL,Drops increased by %_Electricity,40,50,60,70,80,"When fighting side by side with it, the player's defense will be improved. If you knock down the elemental Electricity's Palu, you can get more dropped items from the Pallu.",100,20,1210,0,0,0,1,1,0,0,0,0,0,0,1,0,NULL,NULL,NULL,NULL
Anubis,Anubis,Anubis,NULL,NULL,NULL,1,Anubis,Anubis,NULL,M,10,land,NULL,Humanoid,NULL,NULL,0,NULL,480,120,130,130,100,100,100,109-112,295-353,587-733,Warlike,NULL,100,80,160,800,NULL,1,1,1,4960,Yandi,NULL,Attack power bonus%,5,6,7,8,10,"When fighting alongside it, it will grant the player's attacks elemental Earth. During combat, he will occasionally move at high speed to avoid attacks.",150,50,380,3,0,0,0,0,0,0,0,0,0,0,3,0,NULL,NULL,NULL,NULL
Sea-covering dragon,Jormuntide,Umihebi,NULL,NULL,NULL,1,Umihebi,Umihebi,NULL,XL,8,dragon,water,Fish,NULL,NULL,0,NULL,500,130,150,120,100,100,100,109-111,280-334,550-685,Warlike,NULL,100,100,175,525,700,1,1,1,9320,Neptune,NULL,Moving speed%,0,10,12,15,20,Can ride on its back and move through the water. Moving on water while riding does not consume stamina.,100,50,1020,0,0,1,0,2,2,1,0,0,1,0,2,0,NULL,NULL,NULL,NULL
Teng Yanlong,Jormuntide Ignis,Umihebi_Fire,NULL,NULL,NULL,1,Umihebi_Fire,Umihebi_Fire,yes,XL,9,dragon,fire,Fish,NULL,NULL,0,NULL,510,130,150,130,100,100,100,109-112,295-353,587-733,Warlike,NULL,100,100,175,525,700,1,1,1,9500,NULL,NULL,Elemental power bonus%_Fire,50,55,65,80,100,Can be moved around on its back. Elemental Fire attacks during riding will be strengthened.,100,50,1000,0,0,0,0,2,2,1,0,0,1,0,2,0,NULL,NULL,NULL,NULL
Suzaku,Suzaku,Suzaku,NULL,NULL,NULL,1,Suzaku,Suzaku,NULL,XL,8,fire,NULL,Bird,NULL,NULL,0,NULL,430,120,100,105,105,100,100,107-110,257-304,493-611,Warlike,NULL,280,100,200,850,1100,1,1,1,9840,NULL,NULL,Elemental power bonus%_Fire,50,55,65,80,100,"You can ride on its back to fly in the air, and your elemental Fire attacks will be strengthened while riding.",100,50,640,2,0,0,0,1,1,3,0,0,0,0,2,0,NULL,NULL,NULL,NULL
Qingque,Suzaku Aqua,Suzaku_Water,NULL,NULL,NULL,1,Suzaku_Water,Suzaku_Water,yes,XL,9,water,NULL,Bird,NULL,NULL,0,NULL,435,125,100,105,105,100,100,107-110,257-304,493-611,Warlike,NULL,280,100,200,850,1100,1,1,1,10110,NULL,NULL,Elemental power bonus%_Water,50,55,65,80,100,"You can ride on its back to fly in the air, and your elemental Water attack will be strengthened while riding.",100,50,80,0,0,0,0,0,0,2,2,0,0,0,0,0,Legend,ElementBoost_Normal_2_PAL,NULL,NULL
Lightning Bear,Grizzbolt,ElecPanda,NULL,NULL,NULL,1,ElecPanda,ElecPanda,yes,L,8,electricity,NULL,Humanoid,NULL,NULL,0,NULL,425,105,120,100,100,100,100,107-109,250-295,475-587,Warlike,NULL,100,80,140,470,550,1,1,1,7720,NULL,NULL,Skill power,6,"6,6","7,8","9,6",12,"Can be moved around on its back. While mounted, it can also continuously attack with its machine gun.",100,50,860,0,0,3,0,0,0,0,0,0,0,0,0,0,NULL,NULL,NULL,NULL
lily queen,Lyleen,LilyQueen,NULL,NULL,NULL,1,LilyQueen,LilyQueen,yes,L,9,Wood,NULL,Humanoid,NULL,NULL,0,NULL,425,110,100,110,105,100,100,108-110,265-314,512-636,NotInterested,NULL,100,60,100,450,NULL,1,1,1,7160,Elf King,NULL,treatment value,1000,1100,1300,1600,2000,"Once activated, the Queen's healing ability can be used to restore a large amount of health to the player.",100,50,840,0,3,0,0,0,0,0,0,0,0,0,0,0,NULL,NULL,NULL,NULL
black moon queen,Lyleen Noct,LilyQueen_Dark,NULL,NULL,NULL,1,LilyQueen_Dark,LilyQueen_Dark,yes,L,10,dark,NULL,Humanoid,NULL,NULL,0,NULL,435,110,100,110,115,100,100,108-110,265-314,512-636,NotInterested,NULL,100,60,100,450,NULL,1,1,1,7610,NULL,NULL,treatment value,1000,1100,1300,1600,2000,"Once activated, the Queen's healing ability can be used to restore a large amount of health to the player.",100,50,0,0,0,0,0,0,1,3,0,2,1,0,0,0,NULL,NULL,NULL,NULL
Horus,Faleris,Horus,NULL,NULL,NULL,1,Horus,Horus,yes,L,9,fire,NULL,Bird,NULL,NULL,0,NULL,415,100,100,105,110,90,100,107-110,257-304,493-611,Warlike,NULL,230,150,200,1000,1400,1,1,1,6720,NULL,NULL,Drop increased by %_Ice,40,50,60,70,80,"You can ride on its back and fly in the air. When fighting alongside it, if you knock down the elemental Ice's pallu, you can get more dropped items from that pallu.",100,50,560,0,2,0,0,0,0,0,0,0,0,0,0,0,NULL,NULL,NULL,NULL
Pollux,Orserk,ThunderDragonMan,NULL,NULL,NULL,1,ThunderDragonMan,ThunderDragonMan,yes,L,9,dragon,electricity,Humanoid,NULL,NULL,0,NULL,430,100,100,130,100,100,100,109-112,295-353,587-733,Warlike,NULL,100,100,185,900,NULL,1,1,1,8320,Thunder Emperor,NULL,Drop increased by %_Water,40,50,60,70,80,"When fighting alongside it, if you knock down the elemental Water's pallu, you can get more dropped items from that pallu.",100,50,550,0,0,0,0,0,1,0,0,0,0,0,0,0,NULL,NULL,NULL,NULL
Heterogeneous Griffin,Shadowbeak,BlackGriffon,NULL,NULL,NULL,1,BlackGriffon,BlackGriffon,yes,L,10,dark,NULL,FourLegged,NULL,NULL,0,yes,510,120,130,120,140,90,100,109-111,280-334,550-685,Warlike,NULL,250,80,80,850,1200,1,1,1,9060,NULL,NULL,Elemental power bonus%_Dark,50,55,65,80,100,You can ride on its back and fly in the air. Elemental Dark attacks during riding will be strengthened.,100,50,1090,0,2,0,0,1,0,0,0,0,0,0,1,0,NULL,NULL,NULL,NULL
Knight of Light,Paladius,SaintCentaur,NULL,NULL,NULL,1,SaintCentaur,SaintCentaur,yes,L,20,generally,NULL,FourLegged,NULL,NULL,0,NULL,505,130,110,120,145,100,100,109-111,280-334,550-685,Warlike,NULL,100,50,100,800,1400,1,1,1,8810,legend,holy day,Moving speed%,0,10,12,15,20,Can be moved around on its back. Three jumps are possible during the ride.,100,50,1100,2,0,0,0,1,0,0,0,0,0,0,1,0,NULL,NULL,NULL,NULL
Chaos Knight,Necromus,BlackCentaur,NULL,NULL,NULL,1,BlackCentaur,BlackCentaur,yes,L,20,dark,NULL,FourLegged,NULL,NULL,0,yes,495,130,100,145,120,100,100,110-114,317-382,643-806,Warlike,NULL,100,100,350,900,1600,1,1,1,8930,legend,Hades,Moving speed%,0,10,12,15,20,Can be moved around on its back. Two jumps are possible during the ride.,100,50,1470,0,0,0,0,1,0,0,0,0,0,0,1,1,NULL,NULL,NULL,NULL
Winter Caller,Frostallion,IceHorse,NULL,NULL,NULL,1,IceHorse,IceHorse,yes,L,20,ice,NULL,FourLegged,NULL,NULL,0,NULL,500,140,100,140,120,70,100,110-113,310-373,625-782,Escape_to_Battle,NULL,300,120,120,1000,1500,1,1,1,8440,legend,ice King,Elemental power bonus%_Ice,50,55,65,80,100,"You can ride on its back and fly in the air. During the ride, the player's attacks will be transformed into elemental ice, and the elemental ice's attacks will be strengthened.",100,50,0,0,0,0,0,3,2,2,0,0,1,0,2,0,NULL,NULL,NULL,NULL
Night Caller,Frostallion Noct,IceHorse_Dark,NULL,NULL,NULL,1,IceHorse_Dark,IceHorse_Dark,yes,L,20,dark,NULL,FourLegged,NULL,NULL,0,yes,515,140,100,140,135,70,100,110-113,310-373,625-782,Escape_to_Battle,NULL,300,120,120,1000,1500,1,1,1,8560,legend,NULL,Elemental power bonus%_Dark,50,55,65,80,100,"You can ride on its back and fly in the air. During riding, the player's attacks will be transformed into elemental Dark, and the attacks of elemental Dark will be strengthened.",220,50,350,0,0,0,0,1,2,0,2,0,0,0,3,0,NULL,NULL,NULL,NULL
Vortex Dragon,Jetragon,JetDragon,NULL,NULL,NULL,1,JetDragon,JetDragon,yes,XL,20,dragon,NULL,Dragon,NULL,NULL,0,NULL,460,110,100,140,110,100,100,110-113,310-373,625-782,Warlike,NULL,100,600,800,1700,3300,1,1,1,8680,legend,Shenlong,Skill power,13,"14,3","16,9","20,9",26,You can ride on its back and fly in the air. It can also continuously attack with its missile launcher while riding.,100,10,1070,0,0,1,0,1,1,1,0,0,1,0,2,1,NULL,NULL,NULL,NULL
,,,,,,,,,8,Fire,NULL,EPalGenusCategoryType_Bird,EPalOrganizationType_None,EPalWeaponType_None,0,120,100,105,105,100,100,"0,2","0,7",10,9840,Boss,NULL,100,200,850,1200,450,1,0,EPalBattleBGMType_FieldBoss,0,0,525,1,8,25,90,1,0,0,9,0,1,350,50,50,3,0,0,0,0,0,0,0,0,0,0,0,0,NULL,NULL,NULL,NULL
,,,,,,,,,9,Water,NULL,EPalGenusCategoryType_Bird,EPalOrganizationType_None,EPalWeaponType_None,0,125,100,105,105,100,100,"0,2","0,7",10,10110,Boss,NULL,100,200,850,1200,450,1,0,EPalBattleBGMType_FieldBoss,0,0,525,1,8,25,90,1,0,0,9,0,1,350,50,30,0,3,0,0,0,0,0,0,0,0,0,0,0,NULL,NULL,NULL,NULL
,,,,,,,,,3,Normal,NULL,EPalGenusCategoryType_FourLegged,EPalOrganizationType_None,EPalWeaponType_None,0,70,70,70,90,100,100,"0,2","0,7",10,1450,NotInterested,NULL,50,100,300,400,200,1,0,EPalBattleBGMType_FieldBoss,0,0,150,1,2,25,90,1,0,0,9,0,1,100,50,1190,0,0,0,0,0,0,0,0,0,0,0,0,1,NULL,NULL,NULL,NULL
,,,,,,,,,0,Water,NULL,EPalGenusCategoryType_Other,EPalOrganizationType_None,EPalWeaponType_None,0,100,100,100,100,100,100,"0,2","0,7",10,2300,Boss,NULL,-1,-1,-1,-1,-1,1,0,EPalBattleBGMType_FieldBoss,0,0,300,1,4,25,90,1,0,0,9,0,1,100,50,0,0,0,0,0,0,0,0,1,0,0,0,2,0,NULL,NULL,NULL,NULL
,,,,,,,,,6,Electricity,NULL,EPalGenusCategoryType_Bird,EPalOrganizationType_None,EPalWeaponType_None,0,105,100,115,80,100,100,"0,2","0,7",10,7490,Boss,NULL,100,200,750,1300,375,1,0,EPalBattleBGMType_FieldBoss,0,0,475,1,7,25,90,1,0,0,9,1,1,160,50,220,0,0,0,2,0,1,0,0,0,0,0,3,0,NULL,NULL,NULL,NULL
,,,,,,,,,5,Electricity,NULL,EPalGenusCategoryType_FourLegged,EPalOrganizationType_None,EPalWeaponType_None,0,90,100,100,80,100,100,"0,2","0,7",10,3880,Boss,NULL,110,210,700,1200,455,1,0,EPalBattleBGMType_FieldBoss,0,0,350,1,5,25,90,1,0,0,9,1,1,100,50,740,0,0,0,2,0,0,0,0,0,0,0,0,0,NULL,NULL,NULL,NULL
,,,,,,,,,9,Dragon,Electricity,EPalGenusCategoryType_Humanoid,EPalOrganizationType_None,EPalWeaponType_None,0,100,100,130,100,100,100,"0,2","0,7",10,8320,Boss,NULL,100,185,900,1200,250,1,0,EPalBattleBGMType_FieldBoss,0,0,475,1,7,25,90,1,0,0,9,1,1,100,50,140,0,0,0,4,2,0,0,0,0,0,0,3,0,ElementBoost_Thunder_2_PAL,NULL,NULL,NULL
,,,,,,,,,8,Dragon,Water,EPalGenusCategoryType_Fish,EPalOrganizationType_None,EPalWeaponType_None,0,130,150,120,100,100,100,"0,2","0,7",10,9320,Boss,NULL,100,175,525,800,350,1,0,EPalBattleBGMType_FieldBoss,0,0,475,1,7,25,90,1,0,0,9,1,1,100,50,310,0,4,0,0,0,0,0,0,0,0,0,0,0,ElementBoost_Aqua_2_PAL,NULL,NULL,NULL
,,,,,,,,,9,Dragon,Fire,EPalGenusCategoryType_Fish,EPalOrganizationType_None,EPalWeaponType_None,0,130,150,130,100,100,100,"0,2","0,7",10,9320,Boss,NULL,100,175,525,800,350,1,0,EPalBattleBGMType_FieldBoss,0,0,475,1,7,25,90,1,0,0,9,1,1,100,50,315,4,0,0,0,0,0,0,0,0,0,0,0,0,NULL,NULL,NULL,NULL
,,,,,,,,,8,Leaf,NULL,EPalGenusCategoryType_Humanoid,EPalOrganizationType_None,EPalWeaponType_None,0,100,100,100,120,100,100,"0,2","0,7",10,1960,NotInterested,NULL,100,150,400,550,275,1,0,EPalBattleBGMType_FieldBoss,0,0,225,1,3,25,90,1,0,0,9,0,1,100,50,1050,0,0,2,0,2,2,0,0,0,3,0,1,0,NULL,NULL,NULL,NULL
,,,,,,,,,0,Fire,Earth,EPalGenusCategoryType_FourLegged,EPalOrganizationType_None,EPalWeaponType_None,0,110,100,105,120,100,100,"0,2","0,7",10,6940,Boss,NULL,50,80,390,650,235,1,0,EPalBattleBGMType_FieldBoss,0,0,350,1,5,25,90,1,0,0,9,1,1,100,50,320,3,0,0,0,0,0,0,3,0,0,0,0,0,NULL,NULL,NULL,NULL
,,,,,,,,,7,Ice,Earth,EPalGenusCategoryType_FourLegged,EPalOrganizationType_None,EPalWeaponType_None,0,110,100,105,130,100,100,"0,2","0,7",10,7380,Boss,NULL,50,80,390,650,235,1,0,EPalBattleBGMType_FieldBoss,0,0,350,1,5,25,90,1,0,0,9,1,1,100,50,230,0,0,0,0,0,0,0,3,0,0,3,0,0,NULL,NULL,NULL,NULL
,,,,,,,,,0,Fire,NULL,EPalGenusCategoryType_Humanoid,EPalOrganizationType_None,EPalWeaponType_None,0,90,120,90,90,80,100,"0,2","0,7",10,4040,Boss,NULL,-1,-1,-1,-1,-1,1,0,EPalBattleBGMType_FieldBoss,0,0,350,1,5,25,90,1,0,0,9,0,1,100,50,0,0,0,0,0,0,0,0,0,0,0,0,0,0,NULL,NULL,NULL,NULL
,,,,,,,,,4,Ice,Dragon,EPalGenusCategoryType_FourLegged,EPalOrganizationType_None,EPalWeaponType_None,0,90,100,80,80,100,100,"0,4","0,7",10,3310,NotInterested,NULL,100,180,600,900,390,1,0,EPalBattleBGMType_FieldBoss,0,0,225,1,3,25,90,1,0,0,9,0,1,100,50,800,0,0,0,0,0,1,0,0,0,0,1,0,0,NULL,NULL,NULL,NULL
,,,,,,,,,3,Dark,NULL,EPalGenusCategoryType_Humanoid,EPalOrganizationType_None,EPalWeaponType_None,0,80,130,100,80,100,100,"0,2","0,7",10,2400,Boss,NULL,100,150,600,800,375,1,0,EPalBattleBGMType_FieldBoss,0,0,350,1,5,25,90,1,0,1,9,1,1,100,50,950,0,0,0,0,2,0,0,0,0,0,0,0,0,NULL,NULL,NULL,NULL
,,,,,,,,,7,Ice,NULL,EPalGenusCategoryType_Humanoid,EPalOrganizationType_None,EPalWeaponType_None,0,110,90,90,100,90,100,"0,2","0,7",10,5900,Boss,NULL,50,100,400,550,250,1,0,EPalBattleBGMType_FieldBoss,0,0,350,1,5,25,90,1,0,0,9,0,1,100,50,450,0,0,0,0,0,0,0,0,0,2,2,0,1,NULL,NULL,NULL,NULL
,,,,,,,,,7,Ice,NULL,EPalGenusCategoryType_Humanoid,EPalOrganizationType_None,EPalWeaponType_None,0,100,140,100,110,100,100,"0,2","0,7",10,8440,Boss,NULL,100,280,720,900,460,1,0,EPalBattleBGMType_FieldBoss,0,0,475,1,7,25,90,1,0,0,9,1,1,100,50,130,0,0,0,0,1,0,2,0,0,0,3,0,0,NULL,NULL,NULL,NULL
,,,,,,,,,1,Earth,NULL,EPalGenusCategoryType_Other,EPalOrganizationType_None,EPalWeaponType_None,0,80,70,70,70,100,100,"0,2","0,7",10,1020,NotInterested,NULL,50,100,400,550,250,1,0,EPalBattleBGMType_FieldBoss,0,0,150,1,2,25,90,1,0,0,9,0,1,100,50,1420,0,0,0,0,1,1,0,0,0,0,0,2,0,NULL,NULL,NULL,NULL
,,,,,,,,,2,Ice,NULL,EPalGenusCategoryType_Other,EPalOrganizationType_None,EPalWeaponType_None,0,80,70,80,70,100,100,"0,2","0,7",10,1020,NotInterested,NULL,50,100,400,550,250,1,0,EPalBattleBGMType_FieldBoss,0,0,150,1,2,25,90,1,0,0,9,0,1,100,50,1422,0,0,0,0,1,1,0,0,0,0,1,2,0,NULL,NULL,NULL,NULL
,,,,,,,,,0,Earth,NULL,EPalGenusCategoryType_Humanoid,EPalOrganizationType_None,EPalWeaponType_None,0,100,100,100,100,100,100,"0,2","0,7",10,10380,Boss,NULL,-1,-1,-1,-1,-1,1,0,EPalBattleBGMType_FieldBoss,0,0,475,1,7,25,90,1,0,0,9,0,1,100,50,0,0,0,0,0,1,1,0,3,0,0,0,4,0,NULL,NULL,NULL,NULL
,,,,,,,,,1,Dark,NULL,EPalGenusCategoryType_Bird,EPalOrganizationType_None,EPalWeaponType_None,0,70,70,70,80,100,100,"0,4","0,7",10,1050,NotInterested,NULL,26,70,380,550,225,1,0,EPalBattleBGMType_FieldBoss,0,0,225,1,3,25,90,1,0,1,9,0,1,100,50,1390,0,0,0,0,0,1,0,0,0,0,0,0,0,NULL,NULL,NULL,NULL
,,,,,,,,,1,Normal,NULL,EPalGenusCategoryType_FourLegged,EPalOrganizationType_None,EPalWeaponType_None,0,70,100,70,75,100,100,"0,4","0,91",10,1420,NotInterested,NULL,20,40,300,450,170,1,0,EPalBattleBGMType_FieldBoss,0,0,150,1,2,25,90,1,0,0,9,0,1,100,50,1455,0,0,0,0,0,1,0,0,0,0,0,0,1,NULL,NULL,NULL,NULL
,,,,,,,,,7,Ice,NULL,EPalGenusCategoryType_Humanoid,EPalOrganizationType_None,EPalWeaponType_None,0,140,100,80,100,100,100,"0,2","0,7",10,5900,Boss,NULL,70,100,365,650,150,1,0,EPalBattleBGMType_FieldBoss,0,0,525,1,8,25,90,1,0,0,9,1,1,100,50,460,0,0,0,0,2,0,3,0,0,0,2,4,0,NULL,NULL,NULL,NULL
,,,,,,,,,8,Leaf,NULL,EPalGenusCategoryType_Humanoid,EPalOrganizationType_None,EPalWeaponType_None,0,140,100,80,110,100,100,"0,2","0,7",10,5700,Boss,NULL,70,100,365,650,150,1,0,EPalBattleBGMType_FieldBoss,0,0,525,1,8,25,90,1,0,0,9,1,1,100,50,480,0,0,1,0,2,0,3,0,0,0,0,4,0,NULL,NULL,NULL,NULL
,,,,,,,,,0,Earth,NULL,EPalGenusCategoryType_Humanoid,EPalOrganizationType_None,EPalWeaponType_None,0,100,100,100,100,100,100,1,1,1,2350,Escape_to_Battle,NULL,-1,-1,-1,-1,-1,0,0,EPalBattleBGMType_Cute,0,0,225,1,3,25,90,1,0,0,0,0,1,100,50,0,0,0,0,0,2,2,0,1,1,0,0,1,0,NULL,NULL,NULL,NULL
,,,,,,,,,0,Electricity,NULL,EPalGenusCategoryType_FourLegged,EPalOrganizationType_None,EPalWeaponType_None,0,100,100,110,70,100,100,1,1,1,4200,Warlike,NULL,85,85,800,1000,442,0,0,EPalBattleBGMType_Cool,0,0,350,1,5,25,90,1,0,0,0,0,1,100,50,0,2,0,0,0,0,0,0,0,0,0,0,0,0,NULL,NULL,NULL,NULL
,,,,,,,,,0,Earth,NULL,EPalGenusCategoryType_Other,EPalOrganizationType_None,EPalWeaponType_None,0,100,100,100,100,100,100,1,1,1,4610,Warlike,NULL,-1,-1,-1,-1,-1,0,0,EPalBattleBGMType_Cool,0,0,300,1,4,25,90,1,0,0,0,0,1,100,50,0,0,0,0,0,0,2,0,0,0,0,0,0,0,NULL,NULL,NULL,NULL
,,,,,,,,,0,Earth,NULL,EPalGenusCategoryType_FourLegged,EPalOrganizationType_None,EPalWeaponType_None,0,100,100,100,100,100,100,1,1,1,7960,Warlike,NULL,-1,-1,-1,-1,-1,0,0,EPalBattleBGMType_Strong,0,0,475,1,7,25,90,1,0,0,0,0,1,100,50,0,0,0,0,0,0,2,0,0,3,0,0,0,0,NULL,NULL,NULL,NULL
,,,,,,,,,0,Normal,NULL,EPalGenusCategoryType_Humanoid,EPalOrganizationType_None,EPalWeaponType_None,0,100,100,100,100,100,100,1,1,1,3660,Escape_to_Battle,NULL,-1,-1,-1,-1,-1,0,0,EPalBattleBGMType_Cute,0,0,350,1,5,25,90,1,0,0,0,0,1,100,50,0,0,0,0,0,0,0,0,0,0,0,0,0,0,NULL,NULL,NULL,NULL
,,,,,,,,,0,Dark,NULL,EPalGenusCategoryType_Humanoid,EPalOrganizationType_None,EPalWeaponType_None,0,100,100,100,100,100,100,1,1,1,8080,Warlike,NULL,-1,-1,-1,-1,-1,0,0,EPalBattleBGMType_Cool,0,0,300,1,4,25,90,1,0,1,0,0,1,100,50,0,0,0,0,0,0,1,3,0,2,1,0,0,0,NULL,NULL,NULL,NULL
,,,,,,,,,0,Normal,NULL,EPalGenusCategoryType_Humanoid,EPalOrganizationType_None,EPalWeaponType_None,0,100,100,100,100,100,100,1,1,1,4440,NotInterested,NULL,-1,-1,-1,-1,-1,0,0,EPalBattleBGMType_Cute,0,0,300,1,4,25,90,1,0,0,0,0,1,100,50,0,0,0,0,0,3,2,2,0,0,1,0,2,0,NULL,NULL,NULL,NULL
,,,,,,,,,0,Water,NULL,EPalGenusCategoryType_Other,EPalOrganizationType_None,EPalWeaponType_None,0,100,100,100,100,100,100,1,1,1,2300,Warlike,NULL,-1,-1,-1,-1,-1,0,0,EPalBattleBGMType_Cool,0,0,300,1,4,25,90,1,0,0,0,0,1,100,50,0,0,0,0,0,0,0,0,1,0,0,0,2,0,NULL,NULL,NULL,NULL
,,,,,,,,,0,Earth,NULL,EPalGenusCategoryType_Humanoid,EPalOrganizationType_None,EPalWeaponType_None,0,100,100,100,100,100,100,1,1,1,10380,Warlike,NULL,-1,-1,-1,-1,-1,0,0,EPalBattleBGMType_Strong,0,0,475,1,7,25,90,1,0,0,0,0,1,100,50,0,0,0,0,0,1,1,0,3,0,0,0,4,0,NULL,NULL,NULL,NULL
,,,,,,,,,0,Dragon,NULL,EPalGenusCategoryType_Dragon,EPalOrganizationType_None,EPalWeaponType_None,0,100,100,100,100,100,100,1,1,1,9970,Escape,NULL,-1,-1,-1,-1,-1,0,0,EPalBattleBGMType_Strong,0,0,600,1,9,25,90,1,0,0,0,1,1,100,50,0,0,0,0,0,0,0,0,0,0,0,0,0,0,NULL,NULL,NULL,NULL
,,,,,,,,,0,Fire,NULL,EPalGenusCategoryType_Humanoid,EPalOrganizationType_None,EPalWeaponType_None,0,90,120,90,90,80,100,1,1,1,4040,Warlike,NULL,-1,-1,-1,-1,-1,0,0,EPalBattleBGMType_Cool,0,0,350,1,5,25,90,1,0,0,0,0,1,100,50,0,0,0,0,0,0,0,0,0,0,0,0,0,0,NULL,NULL,NULL,NULL
,,,,,,,,,0,Normal,NULL,EPalGenusCategoryType_FourLegged,EPalOrganizationType_None,EPalWeaponType_None,0,90,80,80,90,110,100,1,1,1,1510,Warlike,NULL,-1,-1,-1,-1,-1,0,0,EPalBattleBGMType_Cute,0,0,350,1,5,25,90,1,0,0,0,0,1,100,50,0,0,0,0,0,0,0,0,0,0,0,0,0,0,NULL,NULL,NULL,NULL
,,,,,,,,,0,Leaf,NULL,EPalGenusCategoryType_Humanoid,EPalOrganizationType_None,EPalWeaponType_None,0,130,80,120,90,80,100,1,1,1,6510,Warlike,NULL,-1,-1,-1,-1,-1,0,0,EPalBattleBGMType_Strong,0,0,475,1,7,25,90,1,0,0,0,0,1,100,50,0,0,0,0,0,0,0,0,0,0,1,0,0,0,NULL,NULL,NULL,NULL
,,,,,,,,,10,Dark,Dragon,EPalGenusCategoryType_Humanoid,EPalOrganizationType_None,EPalWeaponType_None,0,130,100,130,110,100,100,1,1,1,8440,Warlike,NULL,55,110,560,800,335,0,0,EPalBattleBGMType_Strong,0,0,525,1,8,25,90,1,0,1,99,1,1,100,50,0,0,0,0,0,0,0,0,0,0,0,0,3,0,NULL,NULL,NULL,NULL
,,,,,,,,,5,Dark,NULL,EPalGenusCategoryType_Humanoid,EPalOrganizationType_None,EPalWeaponType_None,0,100,100,100,100,100,100,1,1,1,3960,Warlike,NULL,100,150,550,700,350,0,0,EPalBattleBGMType_Strong,0,0,525,1,8,25,90,1,0,1,99,0,1,100,50,0,0,0,0,0,3,0,0,0,0,3,0,2,0,NULL,NULL,NULL,NULL