name,Victor & Heterogeneous Griffin,Heterogeneous Griffin,Zoe & Lightning Bear,Lightning Bear,Marcus & Horus,Horus,Lily & Lily Queen,lily queen,Axel & Pollux,Pollux,,,,,,,,,,,,,,,,,,,,,,,,,,,,,,,,,,,,,,,endurance,Male probability,fecundity,Breathing fire,watering,planting,generate electricity,manual,collection,logging,Mining,OilExtraction,pharmaceutical,cool down,carry,pasture,Passive skill 1,Passive skill 2,Passive skill 3,Passive skill 4
HP,8000,120,6000,105,6500,100,5500,110,6500,100,,,,,,,,,,,,,,,,,,,,,,,,,,,,,,,,,,,,,,,100,100,9999,0,0,0,0,0,1,0,0,0,0,0,0,0,NULL,NULL,NULL,NULL
melee attack,130,130,100,120,100,100,100,100,100,100,,,,,,,,,,,,,,,,,,,,,,,,,,,,,,,,,,,,,,,100,0,9999,0,0,0,3,2,0,2,0,0,0,0,3,0,NULL,NULL,NULL,NULL
Remote attack,200,120,100,100,120,105,110,110,140,130,,,,,,,,,,,,,,,,,,,,,,,,,,,,,,,,,,,,,,,100,100,9999,3,0,0,0,0,0,0,0,0,0,0,3,0,NULL,NULL,NULL,NULL
defense,220,140,100,100,125,110,105,105,110,100,,,,,,,,,,,,,,,,,,,,,,,,,,,,,,,,,,,,,,,100,0,9999,0,0,3,0,2,2,0,0,0,3,0,0,0,NULL,NULL,NULL,NULL
Support,90,90,100,100,90,90,100,100,100,100,,,,,,,,,,,,,,,,,,,,,,,,,,,,,,,,,,,,,,,100,100,9999,0,0,0,3,2,0,0,0,0,0,0,3,0,NULL,NULL,NULL,NULL
experience ratio,30,1,30,1,30,1,30,1,30,1,,,,,,,,,,,,,,,,,,,,,,,,,,,,,,,,,,,,,,,100,50,0,0,0,0,0,2,3,1,0,0,0,0,2,0,NULL,NULL,NULL,NULL
slow walking speed,80,80,80,80,150,150,60,60,100,100,,,,,,,,,,,,,,,,,,,,,,,,,,,,,,,,,,,,,,,100,50,0,0,0,2,0,1,2,0,0,0,3,0,1,0,NULL,NULL,NULL,NULL
walking speed,80,80,140,140,200,200,100,100,185,185,,,,,,,,,,,,,,,,,,,,,,,,,,,,,,,,,,,,,,,100,50,890,0,0,0,0,0,0,0,0,0,0,0,0,1,NULL,NULL,NULL,NULL
running speed,850,850,470,470,1000,1000,450,450,900,900,,,,,,,,,,,,,,,,,,,,,,,,,,,,,,,,,,,,,,,100,50,830,2,0,0,0,0,0,0,0,0,0,0,0,0,NULL,NULL,NULL,NULL
riding speed,1100,1200,650,550,1300,1400,650,550,1300,1200,,,,,,,,,,,,,,,,,,,,,,,,,,,,,,,,,,,,,,,100,50,570,0,0,0,0,4,0,0,3,0,0,0,2,0,ElementBoost_Earth_2_PAL,NULL,NULL,NULL
Handling speed,465,465,287,210,500,500,275,275,542,250,,,,,,,,,,,,,,,,,,,,,,,,,,,,,,,,,,,,,,,100,50,0,0,0,0,0,2,3,1,0,0,0,0,2,0,NULL,NULL,NULL,NULL
Ignore the bluntness,1,0,1,0,1,0,1,0,1,0,,,,,,,,,,,,,,,,,,,,,,,,,,,,,,,,,,,,,,,100,50,590,1,0,0,0,2,0,0,1,0,0,0,2,0,NULL,NULL,NULL,NULL
Ignore displacement,1,0,1,0,1,0,1,0,1,0,,,,,,,,,,,,,,,,,,,,,,,,,,,,,,,,,,,,,,,100,50,580,0,0,0,0,2,0,0,1,0,0,0,2,0,NULL,NULL,NULL,NULL
BiologicalGrade,9,5,9,5,9,5,9,5,9,5,,,,,,,,,,,,,,,,,,,,,,,,,,,,,,,,,,,,,,,100,50,1480,0,0,0,0,0,0,0,0,0,0,0,0,1,NULL,NULL,NULL,NULL
endurance,100,250,100,100,100,230,100,100,100,100,,,,,,,,,,,,,,,,,,,,,,,,,,,,,,,,,,,,,,,100,50,1440,0,0,0,0,0,0,0,0,0,0,1,0,1,NULL,NULL,NULL,NULL
fecundity,9999,60,9999,200,9999,370,9999,250,9999,140,,,,,,,,,,,,,,,,,,,,,,,,,,,,,,,,,,,,,,,100,50,0,0,0,0,0,0,0,0,0,0,0,0,0,0,NULL,NULL,NULL,NULL
,,,,,,,,,,,,,,,,,,,,,,,,,,,,,,,,,,,,,,,,,,,,,,,,,100,50,930,0,0,2,0,0,0,0,0,0,0,0,0,1,NULL,NULL,NULL,NULL
,,,,,,,,,,,,,,,,,,,,,,,,,,,,,,,,,,,,,,,,,,,,,,,,,150,50,660,1,0,0,0,0,0,0,0,0,0,0,3,0,NULL,NULL,NULL,NULL
,,,,,,,,,,,,,,,,,,,,,,,,,,,,,,,,,,,,,,,,,,,,,,,,,150,50,620,0,0,0,0,0,0,0,0,0,0,2,3,0,NULL,NULL,NULL,NULL
,,,,,,,,,,,,,,,,,,,,,,,,,,,,,,,,,,,,,,,,,,,,,,,,,100,50,70,0,0,0,0,0,0,2,2,0,0,0,0,0,Legend,ElementBoost_Dark_2_PAL,NULL,NULL
,,,,,,,,,,,,,,,,,,,,,,,,,,,,,,,,,,,,,,,,,,,,,,,,,100,50,0,0,0,0,0,0,0,0,0,0,0,0,3,0,NULL,NULL,NULL,NULL
,,,,,,,,,,,,,,,,,,,,,,,,,,,,,,,,,,,,,,,,,,,,,,,,,250,50,60,0,0,0,0,0,1,0,0,0,0,0,0,0,NULL,NULL,NULL,NULL
,,,,,,,,,,,,,,,,,,,,,,,,,,,,,,,,,,,,,,,,,,,,,,,,,300,50,150,0,0,0,0,1,0,0,4,3,0,0,0,0,Deffence_up1,NULL,NULL,NULL
,,,,,,,,,,,,,,,,,,,,,,,,,,,,,,,,,,,,,,,,,,,,,,,,,100,50,0,0,0,2,0,1,2,0,0,0,3,0,1,0,NULL,NULL,NULL,NULL
,,,,,,,,,,,,,,,,,,,,,,,,,,,,,,,,,,,,,,,,,,,,,,,,,100,50,500,0,3,0,0,0,0,0,0,0,0,0,0,0,NULL,NULL,NULL,NULL
,,,,,,,,,,,,,,,,,,,,,,,,,,,,,,,,,,,,,,,,,,,,,,,,,100,50,1330,0,1,0,0,1,0,0,0,0,0,0,1,0,NULL,NULL,NULL,NULL
,,,,,,,,,,,,,,,,,,,,,,,,,,,,,,,,,,,,,,,,,,,,,,,,,100,50,1130,0,0,0,0,0,0,0,1,0,0,0,0,0,NULL,NULL,NULL,NULL
,,,,,,,,,,,,,,,,,,,,,,,,,,,,,,,,,,,,,,,,,,,,,,,,,100,50,0,0,0,0,0,2,2,0,1,1,0,0,1,0,NULL,NULL,NULL,NULL
,,,,,,,,,,,,,,,,,,,,,,,,,,,,,,,,,,,,,,,,,,,,,,,,,100,50,520,0,2,0,0,2,0,0,2,0,0,2,2,0,NULL,NULL,NULL,NULL
,,,,,,,,,,,,,,,,,,,,,,,,,,,,,,,,,,,,,,,,,,,,,,,,,100,50,1430,0,0,1,0,1,1,1,0,0,1,0,0,0,NULL,NULL,NULL,NULL
,,,,,,,,,,,,,,,,,,,,,,,,,,,,,,,,,,,,,,,,,,,,,,,,,100,50,750,0,0,0,0,0,2,0,2,0,0,0,2,0,NULL,NULL,NULL,NULL
,,,,,,,,,,,,,,,,,,,,,,,,,,,,,,,,,,,,,,,,,,,,,,,,,100,50,700,0,0,0,0,2,0,0,0,0,2,0,2,0,NULL,NULL,NULL,NULL
,,,,,,,,,,,,,,,,,,,,,,,,,,,,,,,,,,,,,,,,,,,,,,,,,100,50,1010,0,0,0,0,0,0,0,0,0,3,0,0,0,NULL,NULL,NULL,NULL
,,,,,,,,,,,,,,,,,,,,,,,,,,,,,,,,,,,,,,,,,,,,,,,,,100,50,1500,0,0,0,0,0,1,0,0,0,0,0,0,1,NULL,NULL,NULL,NULL
,,,,,,,,,,,,,,,,,,,,,,,,,,,,,,,,,,,,,,,,,,,,,,,,,100,50,1340,0,0,0,0,0,1,0,0,0,0,0,0,0,NULL,NULL,NULL,NULL
,,,,,,,,,,,,,,,,,,,,,,,,,,,,,,,,,,,,,,,,,,,,,,,,,100,20,910,0,0,0,0,0,0,0,0,0,0,0,0,1,NULL,NULL,NULL,NULL
,,,,,,,,,,,,,,,,,,,,,,,,,,,,,,,,,,,,,,,,,,,,,,,,,100,50,490,0,0,2,0,0,0,0,0,0,1,0,0,0,NULL,NULL,NULL,NULL
,,,,,,,,,,,,,,,,,,,,,,,,,,,,,,,,,,,,,,,,,,,,,,,,,100,50,1450,0,0,0,0,0,1,0,0,0,0,0,0,1,NULL,NULL,NULL,NULL
,,,,,,,,,,,,,,,,,,,,,,,,,,,,,,,,,,,,,,,,,,,,,,,,,100,50,1220,0,0,0,0,1,0,0,1,0,0,0,1,0,NULL,NULL,NULL,NULL
,,,,,,,,,,,,,,,,,,,,,,,,,,,,,,,,,,,,,,,,,,,,,,,,,100,50,1080,0,0,0,0,0,0,1,0,0,0,0,0,0,NULL,NULL,NULL,NULL
,,,,,,,,,,,,,,,,,,,,,,,,,,,,,,,,,,,,,,,,,,,,,,,,,100,50,0,0,0,0,0,3,0,0,0,0,3,0,2,0,NULL,NULL,NULL,NULL
,,,,,,,,,,,,,,,,,,,,,,,,,,,,,,,,,,,,,,,,,,,,,,,,,100,50,260,0,0,0,0,0,0,2,3,0,0,0,0,0,NULL,NULL,NULL,NULL
,,,,,,,,,,,,,,,,,,,,,,,,,,,,,,,,,,,,,,,,,,,,,,,,,100,50,920,0,0,0,0,0,0,2,0,0,0,0,0,0,NULL,NULL,NULL,NULL
,,,,,,,,,,,,,,,,,,,,,,,,,,,,,,,,,,,,,,,,,,,,,,,,,100,50,900,0,0,0,0,0,0,2,0,0,0,0,0,0,NULL,NULL,NULL,NULL
,,,,,,,,,,,,,,,,,,,,,,,,,,,,,,,,,,,,,,,,,,,,,,,,,100,50,1230,0,0,0,0,1,1,0,0,0,0,0,1,0,NULL,NULL,NULL,NULL
,,,,,,,,,,,,,,,,,,,,,,,,,,,,,,,,,,,,,,,,,,,,,,,,,100,50,850,0,0,0,0,0,0,0,3,0,0,0,0,0,Deffence_up1,NULL,NULL,NULL
,,,,,,,,,,,,,,,,,,,,,,,,,,,,,,,,,,,,,,,,,,,,,,,,,100,50,1030,0,0,0,0,0,2,0,0,0,0,0,0,0,NULL,NULL,NULL,NULL
,,,,,,,,,,,,,,,,,,,,,,,,,,,,,,,,,,,,,,,,,,,,,,,,,100,50,1410,0,0,0,1,1,0,0,0,0,0,0,1,0,NULL,NULL,NULL,NULL
,,,,,,,,,,,,,,,,,,,,,,,,,,,,,,,,,,,,,,,,,,,,,,,,,100,50,0,2,0,0,0,0,0,0,0,0,0,0,0,0,NULL,NULL,NULL,NULL
,,,,,,,,,,,,,,,,,,,,,,,,,,,,,,,,,,,,,,,,,,,,,,,,,100,50,200,0,0,0,3,2,0,2,0,0,0,0,3,0,NULL,NULL,NULL,NULL
,,,,,,,,,,,,,,,,,,,,,,,,,,,,,,,,,,,,,,,,,,,,,,,,,130,50,540,0,0,0,0,0,0,2,0,0,0,0,0,0,NULL,NULL,NULL,NULL
,,,,,,,,,,,,,,,,,,,,,,,,,,,,,,,,,,,,,,,,,,,,,,,,,130,50,530,0,3,0,0,0,0,2,0,0,0,0,0,0,NULL,NULL,NULL,NULL
,,,,,,,,,,,,,,,,,,,,,,,,,,,,,,,,,,,,,,,,,,,,,,,,,100,50,0,0,0,0,0,0,2,0,0,0,0,0,0,0,NULL,NULL,NULL,NULL
,,,,,,,,,,,,,,,,,,,,,,,,,,,,,,,,,,,,,,,,,,,,,,,,,100,50,980,0,0,0,0,0,0,2,0,0,0,0,0,0,NULL,NULL,NULL,NULL
,,,,,,,,,,,,,,,,,,,,,,,,,,,,,,,,,,,,,,,,,,,,,,,,,100,50,360,2,0,0,0,0,0,1,0,0,0,0,0,0,NULL,NULL,NULL,NULL
,,,,,,,,,,,,,,,,,,,,,,,,,,,,,,,,,,,,,,,,,,,,,,,,,100,50,240,2,0,0,0,0,0,1,0,0,0,0,0,0,NULL,NULL,NULL,NULL
,,,,,,,,,,,,,,,,,,,,,,,,,,,,,,,,,,,,,,,,,,,,,,,,,100,50,1155,1,0,0,0,0,0,0,0,0,0,0,0,0,NULL,NULL,NULL,NULL
,,,,,,,,,,,,,,,,,,,,,,,,,,,,,,,,,,,,,,,,,,,,,,,,,100,50,790,2,0,0,0,0,0,1,0,0,0,0,0,0,NULL,NULL,NULL,NULL
,,,,,,,,,,,,,,,,,,,,,,,,,,,,,,,,,,,,,,,,,,,,,,,,,100,50,820,0,0,2,0,0,0,2,0,0,0,0,0,0,NULL,NULL,NULL,NULL
,,,,,,,,,,,,,,,,,,,,,,,,,,,,,,,,,,,,,,,,,,,,,,,,,100,50,810,0,0,0,2,0,0,2,0,0,0,0,0,0,NULL,NULL,NULL,NULL
,,,,,,,,,,,,,,,,,,,,,,,,,,,,,,,,,,,,,,,,,,,,,,,,,100,50,780,0,0,3,0,2,2,0,0,0,2,0,1,0,NULL,NULL,NULL,NULL
,,,,,,,,,,,,,,,,,,,,,,,,,,,,,,,,,,,,,,,,,,,,,,,,,100,50,1280,0,0,1,0,1,1,0,0,0,1,0,1,0,NULL,NULL,NULL,NULL
,,,,,,,,,,,,,,,,,,,,,,,,,,,,,,,,,,,,,,,,,,,,,,,,,100,50,870,0,1,0,0,0,0,0,0,0,0,0,1,0,NULL,NULL,NULL,NULL
,,,,,,,,,,,,,,,,,,,,,,,,,,,,,,,,,,,,,,,,,,,,,,,,,100,50,1160,2,0,0,0,3,0,0,0,0,0,0,2,0,NULL,NULL,NULL,NULL
,,,,,,,,,,,,,,,,,,,,,,,,,,,,,,,,,,,,,,,,,,,,,,,,,100,50,1490,0,1,0,0,0,0,0,0,0,0,0,0,0,NULL,NULL,NULL,NULL
,,,,,,,,,,,,,,,,,,,,,,,,,,,,,,,,,,,,,,,,,,,,,,,,,70,50,1060,0,0,0,0,0,1,0,0,0,0,0,0,0,NULL,NULL,NULL,NULL
,,,,,,,,,,,,,,,,,,,,,,,,,,,,,,,,,,,,,,,,,,,,,,,,,100,50,1150,0,0,0,0,0,2,0,1,0,0,0,0,0,NULL,NULL,NULL,NULL
,,,,,,,,,,,,,,,,,,,,,,,,,,,,,,,,,,,,,,,,,,,,,,,,,100,50,0,0,0,0,0,0,2,0,0,3,0,0,0,0,NULL,NULL,NULL,NULL
,,,,,,,,,,,,,,,,,,,,,,,,,,,,,,,,,,,,,,,,,,,,,,,,,100,50,1040,0,0,0,0,1,0,2,0,0,0,0,3,0,PAL_rude,NULL,NULL,NULL
,,,,,,,,,,,,,,,,,,,,,,,,,,,,,,,,,,,,,,,,,,,,,,,,,100,50,0,0,0,0,0,0,0,0,0,0,1,0,0,0,NULL,NULL,NULL,NULL
,,,,,,,,,,,,,,,,,,,,,,,,,,,,,,,,,,,,,,,,,,,,,,,,,100,50,300,0,0,2,0,0,0,2,2,0,0,0,0,0,NULL,NULL,NULL,NULL
,,,,,,,,,,,,,,,,,,,,,,,,,,,,,,,,,,,,,,,,,,,,,,,,,100,50,290,0,0,0,0,0,0,2,2,0,0,2,0,0,NULL,NULL,NULL,NULL
,,,,,,,,,,,,,,,,,,,,,,,,,,,,,,,,,,,,,,,,,,,,,,,,,100,50,430,0,0,2,0,2,0,2,0,0,0,0,3,0,NULL,NULL,NULL,NULL
,,,,,,,,,,,,,,,,,,,,,,,,,,,,,,,,,,,,,,,,,,,,,,,,,100,50,390,0,0,0,2,2,0,2,0,0,0,0,3,0,NULL,NULL,NULL,NULL
,,,,,,,,,,,,,,,,,,,,,,,,,,,,,,,,,,,,,,,,,,,,,,,,,100,50,990,0,0,2,0,3,3,2,0,0,0,0,2,0,NULL,NULL,NULL,NULL
,,,,,,,,,,,,,,,,,,,,,,,,,,,,,,,,,,,,,,,,,,,,,,,,,100,50,0,0,0,0,0,0,0,0,0,0,0,0,0,0,NULL,NULL,NULL,NULL
,,,,,,,,,,,,,,,,,,,,,,,,,,,,,,,,,,,,,,,,,,,,,,,,,170,50,190,0,0,0,0,0,0,0,0,0,0,0,3,0,NULL,NULL,NULL,NULL
,,,,,,,,,,,,,,,,,,,,,,,,,,,,,,,,,,,,,,,,,,,,,,,,,100,50,420,0,0,0,0,0,2,0,0,0,0,0,0,0,NULL,NULL,NULL,NULL
,,,,,,,,,,,,,,,,,,,,,,,,,,,,,,,,,,,,,,,,,,,,,,,,,100,50,1370,0,0,0,1,0,0,0,0,0,0,0,0,0,NULL,NULL,NULL,NULL
,,,,,,,,,,,,,,,,,,,,,,,,,,,,,,,,,,,,,,,,,,,,,,,,,100,50,1360,0,0,0,0,0,0,0,0,0,0,1,0,0,NULL,NULL,NULL,NULL
,,,,,,,,,,,,,,,,,,,,,,,,,,,,,,,,,,,,,,,,,,,,,,,,,100,85,340,0,0,1,0,1,0,3,0,0,0,0,3,0,Deffence_up1,NULL,NULL,NULL
,,,,,,,,,,,,,,,,,,,,,,,,,,,,,,,,,,,,,,,,,,,,,,,,,230,50,370,3,0,0,0,0,0,0,0,0,0,0,3,0,NULL,NULL,NULL,NULL
,,,,,,,,,,,,,,,,,,,,,,,,,,,,,,,,,,,,,,,,,,,,,,,,,100,50,880,0,0,0,0,0,0,2,0,0,0,2,0,0,NULL,NULL,NULL,NULL
,,,,,,,,,,,,,,,,,,,,,,,,,,,,,,,,,,,,,,,,,,,,,,,,,100,50,760,0,0,0,0,0,0,0,0,0,0,2,0,0,NULL,NULL,NULL,NULL
,,,,,,,,,,,,,,,,,,,,,,,,,,,,,,,,,,,,,,,,,,,,,,,,,300,50,120,0,0,0,0,0,0,0,0,0,0,4,0,0,Legend,ElementBoost_Ice_2_PAL,NULL,NULL
,,,,,,,,,,,,,,,,,,,,,,,,,,,,,,,,,,,,,,,,,,,,,,,,,300,50,100,0,0,0,0,0,4,0,0,0,0,0,0,0,Legend,NULL,NULL,NULL
,,,,,,,,,,,,,,,,,,,,,,,,,,,,,,,,,,,,,,,,,,,,,,,,,100,50,90,0,0,0,0,0,3,0,0,3,0,0,0,0,Legend,ElementBoost_Dragon_2_PAL,NULL,NULL
,,,,,,,,,,,,,,,,,,,,,,,,,,,,,,,,,,,,,,,,,,,,,,,,,100,50,1260,0,1,0,0,0,0,0,0,0,0,0,0,0,NULL,NULL,NULL,NULL
,,,,,,,,,,,,,,,,,,,,,,,,,,,,,,,,,,,,,,,,,,,,,,,,,100,50,1270,1,0,0,0,0,0,0,0,0,0,0,0,0,NULL,NULL,NULL,NULL
,,,,,,,,,,,,,,,,,,,,,,,,,,,,,,,,,,,,,,,,,,,,,,,,,100,90,470,0,0,0,0,0,1,0,0,0,0,0,0,0,NULL,NULL,NULL,NULL
,,,,,,,,,,,,,,,,,,,,,,,,,,,,,,,,,,,,,,,,,,,,,,,,,100,90,440,0,0,0,0,0,1,0,0,0,0,3,0,0,NULL,NULL,NULL,NULL
,,,,,,,,,,,,,,,,,,,,,,,,,,,,,,,,,,,,,,,,,,,,,,,,,100,50,10,3,0,0,0,0,0,0,4,0,0,0,0,0,ElementBoost_Fire_2_PAL,NULL,NULL,NULL
,,,,,,,,,,,,,,,,,,,,,,,,,,,,,,,,,,,,,,,,,,,,,,,,,100,50,680,0,0,0,2,0,0,1,0,0,0,0,0,0,NULL,NULL,NULL,NULL
,,,,,,,,,,,,,,,,,,,,,,,,,,,,,,,,,,,,,,,,,,,,,,,,,100,50,1400,1,0,0,0,0,0,0,0,0,0,0,0,0,NULL,NULL,NULL,NULL
,,,,,,,,,,,,,,,,,,,,,,,,,,,,,,,,,,,,,,,,,,,,,,,,,100,50,1405,1,0,0,0,1,0,0,0,0,0,0,1,1,NULL,NULL,NULL,NULL
,,,,,,,,,,,,,,,,,,,,,,,,,,,,,,,,,,,,,,,,,,,,,,,,,100,50,895,0,1,0,0,0,0,0,2,1,0,0,1,0,NULL,NULL,NULL,NULL
,,,,,,,,,,,,,,,,,,,,,,,,,,,,,,,,,,,,,,,,,,,,,,,,,100,50,280,0,2,0,0,0,0,0,0,0,0,0,1,0,PAL_FullStomach_Up_1,NULL,NULL,NULL
,,,,,,,,,,,,,,,,,,,,,,,,,,,,,,,,,,,,,,,,,,,,,,,,,100,50,270,0,0,0,3,0,0,0,0,0,0,0,1,0,NULL,NULL,NULL,NULL
,,,,,,,,,,,,,,,,,,,,,,,,,,,,,,,,,,,,,,,,,,,,,,,,,100,30,250,0,0,4,0,3,2,0,0,0,3,0,0,0,ElementBoost_Leaf_2_PAL,NULL,NULL,NULL
,,,,,,,,,,,,,,,,,,,,,,,,,,,,,,,,,,,,,,,,,,,,,,,,,100,30,210,0,0,0,0,3,2,0,0,0,3,0,0,0,NULL,NULL,NULL,NULL
,,,,,,,,,,,,,,,,,,,,,,,,,,,,,,,,,,,,,,,,,,,,,,,,,100,50,1320,0,0,1,0,1,1,0,0,0,2,0,1,0,NULL,NULL,NULL,NULL
,,,,,,,,,,,,,,,,,,,,,,,,,,,,,,,,,,,,,,,,,,,,,,,,,100,50,1120,0,0,0,0,1,1,0,0,0,0,0,1,0,NULL,NULL,NULL,NULL
,,,,,,,,,,,,,,,,,,,,,,,,,,,,,,,,,,,,,,,,,,,,,,,,,100,50,1140,1,0,0,0,1,1,0,0,0,0,0,1,0,NULL,NULL,NULL,NULL
,,,,,,,,,,,,,,,,,,,,,,,,,,,,,,,,,,,,,,,,,,,,,,,,,100,50,710,3,0,0,0,0,0,2,0,0,0,0,0,0,NULL,NULL,NULL,NULL
,,,,,,,,,,,,,,,,,,,,,,,,,,,,,,,,,,,,,,,,,,,,,,,,,100,50,670,3,0,0,0,0,0,2,0,0,0,0,0,0,NULL,NULL,NULL,NULL
,,,,,,,,,,,,,,,,,,,,,,,,,,,,,,,,,,,,,,,,,,,,,,,,,100,50,1250,0,0,1,0,1,1,1,0,0,0,0,1,0,NULL,NULL,NULL,NULL
,,,,,,,,,,,,,,,,,,,,,,,,,,,,,,,,,,,,,,,,,,,,,,,,,100,50,1300,0,0,0,0,0,1,0,0,0,0,1,0,0,NULL,NULL,NULL,NULL
,,,,,,,,,,,,,,,,,,,,,,,,,,,,,,,,,,,,,,,,,,,,,,,,,100,50,410,0,0,0,0,0,2,0,0,0,0,2,0,0,NULL,NULL,NULL,NULL
,,,,,,,,,,,,,,,,,,,,,,,,,,,,,,,,,,,,,,,,,,,,,,,,,100,50,1110,0,0,0,0,3,1,0,0,0,0,0,1,0,NULL,NULL,NULL,NULL
,,,,,,,,,,,,,,,,,,,,,,,,,,,,,,,,,,,,,,,,,,,,,,,,,100,50,510,0,0,0,0,0,2,0,0,0,0,0,0,0,NULL,NULL,NULL,NULL
,,,,,,,,,,,,,,,,,,,,,,,,,,,,,,,,,,,,,,,,,,,,,,,,,100,50,1380,0,0,0,0,1,0,0,1,0,0,0,1,0,NULL,NULL,NULL,NULL
,,,,,,,,,,,,,,,,,,,,,,,,,,,,,,,,,,,,,,,,,,,,,,,,,100,50,1290,0,0,0,0,0,1,0,0,0,0,0,2,0,NULL,NULL,NULL,NULL
,,,,,,,,,,,,,,,,,,,,,,,,,,,,,,,,,,,,,,,,,,,,,,,,,100,50,1180,0,0,0,0,0,1,0,0,0,0,0,0,0,NULL,NULL,NULL,NULL
,,,,,,,,,,,,,,,,,,,,,,,,,,,,,,,,,,,,,,,,,,,,,,,,,100,50,1350,0,1,0,0,1,0,0,0,0,0,1,1,0,NULL,NULL,NULL,NULL
,,,,,,,,,,,,,,,,,,,,,,,,,,,,,,,,,,,,,,,,,,,,,,,,,100,50,1460,0,0,0,0,1,1,0,1,0,0,0,1,0,PAL_ALLAttack_down1,NULL,NULL,NULL
,,,,,,,,,,,,,,,,,,,,,,,,,,,,,,,,,,,,,,,,,,,,,,,,,100,50,0,0,0,0,0,0,0,0,0,0,0,0,0,0,NULL,NULL,NULL,NULL
,,,,,,,,,,,,,,,,,,,,,,,,,,,,,,,,,,,,,,,,,,,,,,,,,100,30,940,0,0,0,0,2,0,0,1,0,2,0,2,0,ElementResist_Normal_1_PAL,NULL,NULL,NULL
,,,,,,,,,,,,,,,,,,,,,,,,,,,,,,,,,,,,,,,,,,,,,,,,,100,50,1310,0,0,0,0,1,1,0,0,0,0,0,1,0,NULL,NULL,NULL,NULL
,,,,,,,,,,,,,,,,,,,,,,,,,,,,,,,,,,,,,,,,,,,,,,,,,100,50,1240,0,0,1,0,0,0,0,0,0,0,0,0,0,NULL,NULL,NULL,NULL
,,,,,,,,,,,,,,,,,,,,,,,,,,,,,,,,,,,,,,,,,,,,,,,,,100,50,1240,0,0,1,0,0,0,0,0,0,0,0,0,0,NULL,NULL,NULL,NULL
,,,,,,,,,,,,,,,,,,,,,,,,,,,,,,,,,,,,,,,,,,,,,,,,,100,10,330,0,0,2,0,2,2,1,0,0,2,0,0,0,NULL,NULL,NULL,NULL
,,,,,,,,,,,,,,,,,,,,,,,,,,,,,,,,,,,,,,,,,,,,,,,,,100,20,1210,0,0,0,1,1,0,0,0,0,0,0,1,0,NULL,NULL,NULL,NULL
,,,,,,,,,,,,,,,,,,,,,,,,,,,,,,,,,,,,,,,,,,,,,,,,,150,50,380,3,0,0,0,0,0,0,0,0,0,0,3,0,NULL,NULL,NULL,NULL
,,,,,,,,,,,,,,,,,,,,,,,,,,,,,,,,,,,,,,,,,,,,,,,,,100,50,1020,0,0,1,0,2,2,1,0,0,1,0,2,0,NULL,NULL,NULL,NULL
,,,,,,,,,,,,,,,,,,,,,,,,,,,,,,,,,,,,,,,,,,,,,,,,,100,50,1000,0,0,0,0,2,2,1,0,0,1,0,2,0,NULL,NULL,NULL,NULL
,,,,,,,,,,,,,,,,,,,,,,,,,,,,,,,,,,,,,,,,,,,,,,,,,100,50,640,2,0,0,0,1,1,3,0,0,0,0,2,0,NULL,NULL,NULL,NULL
,,,,,,,,,,,,,,,,,,,,,,,,,,,,,,,,,,,,,,,,,,,,,,,,,100,50,80,0,0,0,0,0,0,2,2,0,0,0,0,0,Legend,ElementBoost_Normal_2_PAL,NULL,NULL
,,,,,,,,,,,,,,,,,,,,,,,,,,,,,,,,,,,,,,,,,,,,,,,,,100,50,860,0,0,3,0,0,0,0,0,0,0,0,0,0,NULL,NULL,NULL,NULL
,,,,,,,,,,,,,,,,,,,,,,,,,,,,,,,,,,,,,,,,,,,,,,,,,100,50,840,0,3,0,0,0,0,0,0,0,0,0,0,0,NULL,NULL,NULL,NULL
,,,,,,,,,,,,,,,,,,,,,,,,,,,,,,,,,,,,,,,,,,,,,,,,,100,50,0,0,0,0,0,0,1,3,0,2,1,0,0,0,NULL,NULL,NULL,NULL
,,,,,,,,,,,,,,,,,,,,,,,,,,,,,,,,,,,,,,,,,,,,,,,,,100,50,560,0,2,0,0,0,0,0,0,0,0,0,0,0,NULL,NULL,NULL,NULL
,,,,,,,,,,,,,,,,,,,,,,,,,,,,,,,,,,,,,,,,,,,,,,,,,100,50,550,0,0,0,0,0,1,0,0,0,0,0,0,0,NULL,NULL,NULL,NULL
,,,,,,,,,,,,,,,,,,,,,,,,,,,,,,,,,,,,,,,,,,,,,,,,,100,50,1090,0,2,0,0,1,0,0,0,0,0,0,1,0,NULL,NULL,NULL,NULL
,,,,,,,,,,,,,,,,,,,,,,,,,,,,,,,,,,,,,,,,,,,,,,,,,100,50,1100,2,0,0,0,1,0,0,0,0,0,0,1,0,NULL,NULL,NULL,NULL
,,,,,,,,,,,,,,,,,,,,,,,,,,,,,,,,,,,,,,,,,,,,,,,,,100,50,1470,0,0,0,0,1,0,0,0,0,0,0,1,1,NULL,NULL,NULL,NULL
,,,,,,,,,,,,,,,,,,,,,,,,,,,,,,,,,,,,,,,,,,,,,,,,,100,50,0,0,0,0,0,3,2,2,0,0,1,0,2,0,NULL,NULL,NULL,NULL
,,,,,,,,,,,,,,,,,,,,,,,,,,,,,,,,,,,,,,,,,,,,,,,,,220,50,350,0,0,0,0,1,2,0,2,0,0,0,3,0,NULL,NULL,NULL,NULL
,,,,,,,,,,,,,,,,,,,,,,,,,,,,,,,,,,,,,,,,,,,,,,,,,100,10,1070,0,0,1,0,1,1,1,0,0,1,0,2,1,NULL,NULL,NULL,NULL
,,,,,,,,,,,,,,,,,,,,,,,,,,,,,,,,,,,,,,,,,,,,,,,,,350,50,50,3,0,0,0,0,0,0,0,0,0,0,0,0,NULL,NULL,NULL,NULL
,,,,,,,,,,,,,,,,,,,,,,,,,,,,,,,,,,,,,,,,,,,,,,,,,350,50,30,0,3,0,0,0,0,0,0,0,0,0,0,0,NULL,NULL,NULL,NULL
,,,,,,,,,,,,,,,,,,,,,,,,,,,,,,,,,,,,,,,,,,,,,,,,,100,50,1190,0,0,0,0,0,0,0,0,0,0,0,0,1,NULL,NULL,NULL,NULL
,,,,,,,,,,,,,,,,,,,,,,,,,,,,,,,,,,,,,,,,,,,,,,,,,100,50,0,0,0,0,0,0,0,0,1,0,0,0,2,0,NULL,NULL,NULL,NULL
,,,,,,,,,,,,,,,,,,,,,,,,,,,,,,,,,,,,,,,,,,,,,,,,,160,50,220,0,0,0,2,0,1,0,0,0,0,0,3,0,NULL,NULL,NULL,NULL
,,,,,,,,,,,,,,,,,,,,,,,,,,,,,,,,,,,,,,,,,,,,,,,,,100,50,740,0,0,0,2,0,0,0,0,0,0,0,0,0,NULL,NULL,NULL,NULL
,,,,,,,,,,,,,,,,,,,,,,,,,,,,,,,,,,,,,,,,,,,,,,,,,100,50,140,0,0,0,4,2,0,0,0,0,0,0,3,0,ElementBoost_Thunder_2_PAL,NULL,NULL,NULL
,,,,,,,,,,,,,,,,,,,,,,,,,,,,,,,,,,,,,,,,,,,,,,,,,100,50,310,0,4,0,0,0,0,0,0,0,0,0,0,0,ElementBoost_Aqua_2_PAL,NULL,NULL,NULL
,,,,,,,,,,,,,,,,,,,,,,,,,,,,,,,,,,,,,,,,,,,,,,,,,100,50,315,4,0,0,0,0,0,0,0,0,0,0,0,0,NULL,NULL,NULL,NULL
,,,,,,,,,,,,,,,,,,,,,,,,,,,,,,,,,,,,,,,,,,,,,,,,,100,50,1050,0,0,2,0,2,2,0,0,0,3,0,1,0,NULL,NULL,NULL,NULL
,,,,,,,,,,,,,,,,,,,,,,,,,,,,,,,,,,,,,,,,,,,,,,,,,100,50,320,3,0,0,0,0,0,0,3,0,0,0,0,0,NULL,NULL,NULL,NULL
,,,,,,,,,,,,,,,,,,,,,,,,,,,,,,,,,,,,,,,,,,,,,,,,,100,50,230,0,0,0,0,0,0,0,3,0,0,3,0,0,NULL,NULL,NULL,NULL
,,,,,,,,,,,,,,,,,,,,,,,,,,,,,,,,,,,,,,,,,,,,,,,,,100,50,0,0,0,0,0,0,0,0,0,0,0,0,0,0,NULL,NULL,NULL,NULL
,,,,,,,,,,,,,,,,,,,,,,,,,,,,,,,,,,,,,,,,,,,,,,,,,100,50,800,0,0,0,0,0,1,0,0,0,0,1,0,0,NULL,NULL,NULL,NULL
,,,,,,,,,,,,,,,,,,,,,,,,,,,,,,,,,,,,,,,,,,,,,,,,,100,50,950,0,0,0,0,2,0,0,0,0,0,0,0,0,NULL,NULL,NULL,NULL
,,,,,,,,,7,Ice,NULL,EPalGenusCategoryType_Humanoid,EPalOrganizationType_None,EPalWeaponType_None,0,110,90,90,100,90,100,"0,2","0,7",10,5900,Boss,NULL,50,100,400,550,250,1,0,EPalBattleBGMType_FieldBoss,0,0,350,1,5,25,90,1,0,0,9,0,1,100,50,450,0,0,0,0,0,0,0,0,0,2,2,0,1,NULL,NULL,NULL,NULL
,,,,,,,,,7,Ice,NULL,EPalGenusCategoryType_Humanoid,EPalOrganizationType_None,EPalWeaponType_None,0,100,140,100,110,100,100,"0,2","0,7",10,8440,Boss,NULL,100,280,720,900,460,1,0,EPalBattleBGMType_FieldBoss,0,0,475,1,7,25,90,1,0,0,9,1,1,100,50,130,0,0,0,0,1,0,2,0,0,0,3,0,0,NULL,NULL,NULL,NULL
,,,,,,,,,1,Earth,NULL,EPalGenusCategoryType_Other,EPalOrganizationType_None,EPalWeaponType_None,0,80,70,70,70,100,100,"0,2","0,7",10,1020,NotInterested,NULL,50,100,400,550,250,1,0,EPalBattleBGMType_FieldBoss,0,0,150,1,2,25,90,1,0,0,9,0,1,100,50,1420,0,0,0,0,1,1,0,0,0,0,0,2,0,NULL,NULL,NULL,NULL
,,,,,,,,,2,Ice,NULL,EPalGenusCategoryType_Other,EPalOrganizationType_None,EPalWeaponType_None,0,80,70,80,70,100,100,"0,2","0,7",10,1020,NotInterested,NULL,50,100,400,550,250,1,0,EPalBattleBGMType_FieldBoss,0,0,150,1,2,25,90,1,0,0,9,0,1,100,50,1422,0,0,0,0,1,1,0,0,0,0,1,2,0,NULL,NULL,NULL,NULL
,,,,,,,,,0,Earth,NULL,EPalGenusCategoryType_Humanoid,EPalOrganizationType_None,EPalWeaponType_None,0,100,100,100,100,100,100,"0,2","0,7",10,10380,Boss,NULL,-1,-1,-1,-1,-1,1,0,EPalBattleBGMType_FieldBoss,0,0,475,1,7,25,90,1,0,0,9,0,1,100,50,0,0,0,0,0,1,1,0,3,0,0,0,4,0,NULL,NULL,NULL,NULL
,,,,,,,,,1,Dark,NULL,EPalGenusCategoryType_Bird,EPalOrganizationType_None,EPalWeaponType_None,0,70,70,70,80,100,100,"0,4","0,7",10,1050,NotInterested,NULL,26,70,380,550,225,1,0,EPalBattleBGMType_FieldBoss,0,0,225,1,3,25,90,1,0,1,9,0,1,100,50,1390,0,0,0,0,0,1,0,0,0,0,0,0,0,NULL,NULL,NULL,NULL
,,,,,,,,,1,Normal,NULL,EPalGenusCategoryType_FourLegged,EPalOrganizationType_None,EPalWeaponType_None,0,70,100,70,75,100,100,"0,4","0,91",10,1420,NotInterested,NULL,20,40,300,450,170,1,0,EPalBattleBGMType_FieldBoss,0,0,150,1,2,25,90,1,0,0,9,0,1,100,50,1455,0,0,0,0,0,1,0,0,0,0,0,0,1,NULL,NULL,NULL,NULL
,,,,,,,,,7,Ice,NULL,EPalGenusCategoryType_Humanoid,EPalOrganizationType_None,EPalWeaponType_None,0,140,100,80,100,100,100,"0,2","0,7",10,5900,Boss,NULL,70,100,365,650,150,1,0,EPalBattleBGMType_FieldBoss,0,0,525,1,8,25,90,1,0,0,9,1,1,100,50,460,0,0,0,0,2,0,3,0,0,0,2,4,0,NULL,NULL,NULL,NULL
,,,,,,,,,8,Leaf,NULL,EPalGenusCategoryType_Humanoid,EPalOrganizationType_None,EPalWeaponType_None,0,140,100,80,110,100,100,"0,2","0,7",10,5700,Boss,NULL,70,100,365,650,150,1,0,EPalBattleBGMType_FieldBoss,0,0,525,1,8,25,90,1,0,0,9,1,1,100,50,480,0,0,1,0,2,0,3,0,0,0,0,4,0,NULL,NULL,NULL,NULL
,,,,,,,,,0,Earth,NULL,EPalGenusCategoryType_Humanoid,EPalOrganizationType_None,EPalWeaponType_None,0,100,100,100,100,100,100,1,1,1,2350,Escape_to_Battle,NULL,-1,-1,-1,-1,-1,0,0,EPalBattleBGMType_Cute,0,0,225,1,3,25,90,1,0,0,0,0,1,100,50,0,0,0,0,0,2,2,0,1,1,0,0,1,0,NULL,NULL,NULL,NULL
,,,,,,,,,0,Electricity,NULL,EPalGenusCategoryType_FourLegged,EPalOrganizationType_None,EPalWeaponType_None,0,100,100,110,70,100,100,1,1,1,4200,Warlike,NULL,85,85,800,1000,442,0,0,EPalBattleBGMType_Cool,0,0,350,1,5,25,90,1,0,0,0,0,1,100,50,0,2,0,0,0,0,0,0,0,0,0,0,0,0,NULL,NULL,NULL,NULL
,,,,,,,,,0,Earth,NULL,EPalGenusCategoryType_Other,EPalOrganizationType_None,EPalWeaponType_None,0,100,100,100,100,100,100,1,1,1,4610,Warlike,NULL,-1,-1,-1,-1,-1,0,0,EPalBattleBGMType_Cool,0,0,300,1,4,25,90,1,0,0,0,0,1,100,50,0,0,0,0,0,0,2,0,0,0,0,0,0,0,NULL,NULL,NULL,NULL
,,,,,,,,,0,Earth,NULL,EPalGenusCategoryType_FourLegged,EPalOrganizationType_None,EPalWeaponType_None,0,100,100,100,100,100,100,1,1,1,7960,Warlike,NULL,-1,-1,-1,-1,-1,0,0,EPalBattleBGMType_Strong,0,0,475,1,7,25,90,1,0,0,0,0,1,100,50,0,0,0,0,0,0,2,0,0,3,0,0,0,0,NULL,NULL,NULL,NULL
,,,,,,,,,0,Normal,NULL,EPalGenusCategoryType_Humanoid,EPalOrganizationType_None,EPalWeaponType_None,0,100,100,100,100,100,100,1,1,1,3660,Escape_to_Battle,NULL,-1,-1,-1,-1,-1,0,0,EPalBattleBGMType_Cute,0,0,350,1,5,25,90,1,0,0,0,0,1,100,50,0,0,0,0,0,0,0,0,0,0,0,0,0,0,NULL,NULL,NULL,NULL
,,,,,,,,,0,Dark,NULL,EPalGenusCategoryType_Humanoid,EPalOrganizationType_None,EPalWeaponType_None,0,100,100,100,100,100,100,1,1,1,8080,Warlike,NULL,-1,-1,-1,-1,-1,0,0,EPalBattleBGMType_Cool,0,0,300,1,4,25,90,1,0,1,0,0,1,100,50,0,0,0,0,0,0,1,3,0,2,1,0,0,0,NULL,NULL,NULL,NULL
,,,,,,,,,0,Normal,NULL,EPalGenusCategoryType_Humanoid,EPalOrganizationType_None,EPalWeaponType_None,0,100,100,100,100,100,100,1,1,1,4440,NotInterested,NULL,-1,-1,-1,-1,-1,0,0,EPalBattleBGMType_Cute,0,0,300,1,4,25,90,1,0,0,0,0,1,100,50,0,0,0,0,0,3,2,2,0,0,1,0,2,0,NULL,NULL,NULL,NULL
,,,,,,,,,0,Water,NULL,EPalGenusCategoryType_Other,EPalOrganizationType_None,EPalWeaponType_None,0,100,100,100,100,100,100,1,1,1,2300,Warlike,NULL,-1,-1,-1,-1,-1,0,0,EPalBattleBGMType_Cool,0,0,300,1,4,25,90,1,0,0,0,0,1,100,50,0,0,0,0,0,0,0,0,1,0,0,0,2,0,NULL,NULL,NULL,NULL
,,,,,,,,,0,Earth,NULL,EPalGenusCategoryType_Humanoid,EPalOrganizationType_None,EPalWeaponType_None,0,100,100,100,100,100,100,1,1,1,10380,Warlike,NULL,-1,-1,-1,-1,-1,0,0,EPalBattleBGMType_Strong,0,0,475,1,7,25,90,1,0,0,0,0,1,100,50,0,0,0,0,0,1,1,0,3,0,0,0,4,0,NULL,NULL,NULL,NULL
,,,,,,,,,0,Dragon,NULL,EPalGenusCategoryType_Dragon,EPalOrganizationType_None,EPalWeaponType_None,0,100,100,100,100,100,100,1,1,1,9970,Escape,NULL,-1,-1,-1,-1,-1,0,0,EPalBattleBGMType_Strong,0,0,600,1,9,25,90,1,0,0,0,1,1,100,50,0,0,0,0,0,0,0,0,0,0,0,0,0,0,NULL,NULL,NULL,NULL
,,,,,,,,,0,Fire,NULL,EPalGenusCategoryType_Humanoid,EPalOrganizationType_None,EPalWeaponType_None,0,90,120,90,90,80,100,1,1,1,4040,Warlike,NULL,-1,-1,-1,-1,-1,0,0,EPalBattleBGMType_Cool,0,0,350,1,5,25,90,1,0,0,0,0,1,100,50,0,0,0,0,0,0,0,0,0,0,0,0,0,0,NULL,NULL,NULL,NULL
,,,,,,,,,0,Normal,NULL,EPalGenusCategoryType_FourLegged,EPalOrganizationType_None,EPalWeaponType_None,0,90,80,80,90,110,100,1,1,1,1510,Warlike,NULL,-1,-1,-1,-1,-1,0,0,EPalBattleBGMType_Cute,0,0,350,1,5,25,90,1,0,0,0,0,1,100,50,0,0,0,0,0,0,0,0,0,0,0,0,0,0,NULL,NULL,NULL,NULL
,,,,,,,,,0,Leaf,NULL,EPalGenusCategoryType_Humanoid,EPalOrganizationType_None,EPalWeaponType_None,0,130,80,120,90,80,100,1,1,1,6510,Warlike,NULL,-1,-1,-1,-1,-1,0,0,EPalBattleBGMType_Strong,0,0,475,1,7,25,90,1,0,0,0,0,1,100,50,0,0,0,0,0,0,0,0,0,0,1,0,0,0,NULL,NULL,NULL,NULL
,,,,,,,,,10,Dark,Dragon,EPalGenusCategoryType_Humanoid,EPalOrganizationType_None,EPalWeaponType_None,0,130,100,130,110,100,100,1,1,1,8440,Warlike,NULL,55,110,560,800,335,0,0,EPalBattleBGMType_Strong,0,0,525,1,8,25,90,1,0,1,99,1,1,100,50,0,0,0,0,0,0,0,0,0,0,0,0,3,0,NULL,NULL,NULL,NULL
,,,,,,,,,5,Dark,NULL,EPalGenusCategoryType_Humanoid,EPalOrganizationType_None,EPalWeaponType_None,0,100,100,100,100,100,100,1,1,1,3960,Warlike,NULL,100,150,550,700,350,0,0,EPalBattleBGMType_Strong,0,0,525,1,8,25,90,1,0,1,99,0,1,100,50,0,0,0,0,0,3,0,0,0,0,3,0,2,0,NULL,NULL,NULL,NULL